Athlete_ID,Age,Weight_kg,Training_Experience_Years,Training_Hours_Per_Week,VO2_Max_ml_kg_min,Sprint_Speed_m_s,Reaction_Time_ms,Strength_Test_Score,Resting_Heart_Rate_bpm,Sleep_Hours_Per_Day,Training_Days_Per_Week,Recovery_Heart_Rate_bpm,Data_Type,Medal_Chance%,Overall_Performance_Score_%
A001,24,75.4,2,8.2,46.5,8.06,244,77.7,66,8.6,6,88,Synthetic/Demo,43.88,45.15
A002,21,73.4,6,6.6,56.3,8.19,229,91.5,75,8.9,3,91,Synthetic/Demo,55.82,49.48
A003,30,73.6,3,10.1,54.5,8.94,221,92.6,71,7.1,4,85,Synthetic/Demo,62.62,47.99
A004,28,69.4,8,4.8,50.6,8.4,207,92.6,63,8.6,6,90,Synthetic/Demo,60.83,57.4
A005,25,73.3,5,4.1,51.4,8.43,231,70.4,70,5.5,5,96,Synthetic/Demo,36.66,37.42
A006,30,69.9,1,10.3,53.4,7.89,235,78.3,77,8.4,6,101,Synthetic/Demo,46.85,42.32
A007,22,66.7,4,5.9,53.6,8.26,211,71.2,72,6.3,4,97,Synthetic/Demo,47.87,40.24
A008,24,77.3,1,4.7,39.6,8.19,264,60.9,79,8.7,4,108,Synthetic/Demo,24.38,23.05
A009,27,66.0,4,8.0,48.9,7.11,249,71.8,71,5.5,6,99,Synthetic/Demo,32.25,36.81
A010,20,61.8,1,4.5,47.0,7.28,226,51.9,77,7.4,6,112,Synthetic/Demo,22.71,29.68
A011,24,77.7,6,12.9,62.9,9.28,181,93.7,62,8.1,3,95,Synthetic/Demo,81.04,63.39
A012,28,77.9,5,4.3,41.9,8.58,235,91.2,69,6.4,4,104,Synthetic/Demo,38.13,35.15
A013,28,55.4,8,9.8,51.4,9.03,193,110.0,63,6.2,6,113,Synthetic/Demo,71.76,63.5
A014,25,73.1,4,8.4,52.5,8.34,226,79.8,70,5.8,6,98,Synthetic/Demo,42.14,45.41
A015,22,51.6,8,10.7,59.7,9.75,196,106.1,60,6.6,4,108,Synthetic/Demo,75.63,68.57
A016,21,76.6,8,7.3,57.8,9.26,196,92.9,64,7.5,6,94,Synthetic/Demo,67.05,64.67
A017,25,60.5,8,5.6,55.8,8.13,230,77.9,63,5.9,3,92,Synthetic/Demo,45.77,45.46
A018,25,74.3,7,13.8,65.0,9.27,196,107.9,60,6.8,4,83,Synthetic/Demo,89.15,70.75
A019,20,63.1,3,12.4,55.0,8.76,206,87.5,61,5.5,3,105,Synthetic/Demo,59.15,49.74
A020,23,70.7,1,12.6,52.2,9.15,239,95.2,78,8.4,3,109,Synthetic/Demo,57.09,45.23
A021,22,57.0,8,6.5,52.9,9.0,205,79.6,61,5.9,3,96,Synthetic/Demo,60.37,51.12
A022,19,65.8,1,4.4,30.3,7.51,235,90.0,72,6.5,3,113,Synthetic/Demo,20.88,23.91
A023,25,67.5,8,7.0,63.2,8.76,212,107.0,60,5.6,4,81,Synthetic/Demo,70.12,61.24
A024,29,75.7,4,9.4,62.2,7.57,223,86.1,69,7.0,3,82,Synthetic/Demo,52.39,44.81
A025,23,82.4,3,7.3,48.6,8.53,237,78.5,69,8.4,3,108,Synthetic/Demo,43.31,36.8
A026,19,72.6,3,12.3,55.5,8.88,222,81.2,62,6.9,6,92,Synthetic/Demo,61.94,57.95
A027,29,70.4,6,6.7,56.1,8.94,226,88.7,69,6.1,4,100,Synthetic/Demo,52.0,45.64
A028,22,59.8,7,13.7,65.0,9.15,196,98.4,63,8.1,4,80,Synthetic/Demo,87.46,73.71
A029,18,56.7,6,8.6,60.1,8.64,206,92.7,65,8.3,5,106,Synthetic/Demo,64.54,62.87
A030,29,69.5,6,12.4,61.9,8.74,191,93.9,59,6.1,4,76,Synthetic/Demo,74.81,61.87
A031,27,69.1,6,5.9,54.3,7.79,231,97.7,75,8.2,4,84,Synthetic/Demo,51.01,48.43
A032,23,72.9,6,8.1,56.3,8.26,218,91.3,66,8.8,5,104,Synthetic/Demo,65.92,55.58
A033,30,73.6,6,11.0,52.9,8.0,214,92.7,58,6.1,4,69,Synthetic/Demo,61.76,53.94
A034,29,70.9,5,5.4,50.3,8.55,208,90.9,74,8.2,4,100,Synthetic/Demo,48.34,43.92
A035,26,56.3,3,5.3,51.7,6.91,232,61.0,67,8.0,4,99,Synthetic/Demo,33.07,34.1
A036,18,75.1,6,13.7,60.2,10.0,218,101.7,72,7.2,4,81,Synthetic/Demo,79.25,68.1
A037,28,67.2,8,11.1,62.6,8.28,202,100.5,61,5.7,5,85,Synthetic/Demo,74.28,63.81
A038,28,60.4,3,4.4,42.7,8.47,245,62.0,75,5.8,4,94,Synthetic/Demo,20.59,27.38
A039,27,64.7,3,8.0,52.4,7.75,237,65.6,60,8.5,4,110,Synthetic/Demo,37.69,39.07
A040,29,56.8,2,8.3,43.2,8.32,258,83.5,65,9.0,5,113,Synthetic/Demo,42.12,40.66
A041,29,65.2,5,11.4,58.4,8.4,232,98.6,69,7.9,6,86,Synthetic/Demo,69.44,60.62
A042,20,74.0,6,6.5,53.9,9.12,201,89.4,68,7.1,3,97,Synthetic/Demo,59.6,50.09
A043,29,65.4,1,5.8,38.0,7.72,231,83.4,81,7.8,6,92,Synthetic/Demo,30.03,33.7
A044,24,61.1,4,4.8,53.8,8.44,216,80.7,72,7.6,5,108,Synthetic/Demo,44.86,44.24
A045,21,65.9,7,8.3,57.4,8.7,200,102.7,64,6.8,3,100,Synthetic/Demo,63.15,56.92
A046,26,71.7,8,10.9,65.0,9.21,197,104.1,68,5.7,5,85,Synthetic/Demo,78.09,66.64
A047,20,57.2,1,4.6,49.9,7.86,252,64.5,78,8.4,5,104,Synthetic/Demo,27.32,34.25
A048,22,59.8,5,13.2,55.4,8.68,183,84.3,62,6.8,4,89,Synthetic/Demo,72.86,60.39
A049,20,69.0,4,8.4,49.6,7.74,200,78.9,63,8.4,3,83,Synthetic/Demo,51.74,47.99
A050,24,58.0,5,6.4,48.1,7.65,216,80.2,58,6.4,4,108,Synthetic/Demo,36.7,42.15
A051,22,83.6,8,4.9,50.5,8.47,228,104.4,63,5.5,3,87,Synthetic/Demo,54.81,47.39
A052,26,66.8,3,5.8,46.9,7.72,249,82.5,66,6.1,5,94,Synthetic/Demo,33.74,36.95
A053,24,60.7,4,13.3,62.9,7.84,226,92.5,74,7.1,5,89,Synthetic/Demo,64.48,57.92
A054,19,61.5,3,10.4,45.1,8.63,220,89.4,65,8.8,6,103,Synthetic/Demo,57.03,56.2
A055,21,64.1,8,9.2,64.1,8.33,212,101.2,59,5.9,3,84,Synthetic/Demo,74.11,61.61
A056,26,63.4,1,10.6,52.4,7.66,241,78.7,63,8.5,4,82,Synthetic/Demo,50.99,45.1
A057,29,51.3,8,8.4,62.2,8.78,199,81.9,61,7.3,6,83,Synthetic/Demo,65.47,65.72
A058,19,78.1,1,11.3,52.9,7.84,231,89.0,66,8.4,6,101,Synthetic/Demo,52.49,51.2
A059,27,67.9,4,4.5,44.8,7.99,244,74.1,77,6.5,6,117,Synthetic/Demo,31.24,32.47
A060,26,67.8,4,9.7,57.0,9.34,207,94.2,67,8.4,4,84,Synthetic/Demo,71.75,57.79
A061,27,74.5,6,5.6,51.6,8.11,243,96.3,67,8.2,6,85,Synthetic/Demo,49.73,52.4
A062,22,59.6,5,5.2,41.8,7.64,229,75.4,68,6.3,4,85,Synthetic/Demo,32.76,38.56
A063,19,61.9,6,7.4,55.7,8.54,218,95.2,69,6.0,6,81,Synthetic/Demo,54.84,59.61
A064,21,71.7,5,4.9,48.0,7.74,219,79.2,67,8.5,4,107,Synthetic/Demo,37.7,41.6
A065,29,67.5,6,4.9,58.6,8.22,216,81.8,70,8.9,5,108,Synthetic/Demo,55.08,48.17
A066,29,70.8,3,7.1,48.6,8.21,205,80.9,76,5.6,5,100,Synthetic/Demo,46.92,36.94
A067,24,67.4,4,13.8,57.8,8.84,204,93.9,65,8.1,5,86,Synthetic/Demo,74.03,63.96
A068,29,66.1,1,5.8,46.6,7.73,275,70.1,72,8.7,5,117,Synthetic/Demo,30.88,28.63
A069,30,79.5,5,4.2,49.7,8.11,221,71.6,65,8.5,5,100,Synthetic/Demo,41.95,39.62
A070,25,76.5,8,11.6,62.4,9.84,229,101.5,59,8.9,6,95,Synthetic/Demo,81.83,73.57
A071,20,50.0,5,12.1,61.3,8.7,222,107.9,66,8.2,6,86,Synthetic/Demo,77.32,72.7
A072,18,79.8,1,7.5,42.3,7.93,234,52.1,65,7.0,6,101,Synthetic/Demo,31.76,34.03
A073,21,85.3,6,8.6,53.7,8.97,213,99.9,68,6.6,4,83,Synthetic/Demo,63.9,54.68
A074,19,77.9,5,10.5,52.6,8.86,209,99.9,65,6.6,4,97,Synthetic/Demo,69.69,55.29
A075,25,66.3,7,4.5,60.4,8.13,243,76.2,66,8.0,4,97,Synthetic/Demo,41.1,47.11
A076,21,62.5,3,13.5,52.7,9.12,215,83.5,62,8.1,4,85,Synthetic/Demo,69.23,58.73
A077,19,73.8,4,12.9,56.2,8.38,221,83.2,62,6.2,5,84,Synthetic/Demo,62.33,56.86
A078,23,63.0,1,6.6,43.3,7.68,247,85.4,75,8.5,5,115,Synthetic/Demo,33.25,35.34
A079,23,70.8,4,4.2,47.7,7.55,236,86.5,70,8.0,5,116,Synthetic/Demo,36.94,38.17
A080,27,67.8,7,13.3,59.6,9.43,196,109.7,58,7.5,3,84,Synthetic/Demo,80.5,68.37
A081,21,77.7,5,9.0,57.0,9.04,211,90.1,68,7.2,6,94,Synthetic/Demo,62.72,58.29
A082,23,64.9,5,9.4,51.3,8.64,197,98.3,67,7.4,4,96,Synthetic/Demo,63.97,54.83
A083,30,64.5,8,10.8,56.7,9.07,206,99.4,56,6.1,4,88,Synthetic/Demo,77.91,61.54
A084,19,71.0,7,10.2,57.5,8.47,185,107.2,65,6.2,5,76,Synthetic/Demo,71.63,67.14
A085,27,83.5,1,13.4,48.7,8.14,215,82.6,77,5.8,4,99,Synthetic/Demo,48.91,37.15
A086,29,68.6,8,13.4,59.1,8.76,182,98.6,61,6.0,4,68,Synthetic/Demo,79.35,67.05
A087,19,64.7,3,12.7,53.5,7.65,220,100.8,59,7.1,6,87,Synthetic/Demo,64.81,61.45
A088,27,74.9,8,10.4,55.1,8.82,216,100.3,62,7.4,5,92,Synthetic/Demo,71.92,62.02
A089,21,73.7,2,12.0,59.3,8.31,233,76.3,60,5.6,6,100,Synthetic/Demo,53.05,50.41
A090,25,60.4,1,10.8,43.5,9.18,236,69.2,82,8.3,3,91,Synthetic/Demo,47.37,37.46
A091,24,63.7,2,9.7,47.7,8.91,219,71.3,78,6.5,3,94,Synthetic/Demo,46.59,37.25
A092,29,76.8,7,5.3,53.8,8.62,218,96.6,63,8.7,3,89,Synthetic/Demo,62.1,50.16
A093,26,71.4,6,12.1,65.0,9.87,197,95.3,53,8.9,5,88,Synthetic/Demo,84.1,73.12
A094,25,50.0,2,12.2,45.7,9.09,213,98.6,64,6.1,4,95,Synthetic/Demo,58.98,51.54
A095,22,71.9,3,10.3,53.2,7.49,216,93.3,66,7.1,5,101,Synthetic/Demo,52.38,49.11
A096,30,75.4,8,12.2,65.0,9.66,186,105.3,53,5.5,5,82,Synthetic/Demo,83.08,71.07
A097,19,61.3,6,10.5,57.0,9.09,201,103.4,63,7.6,4,93,Synthetic/Demo,74.59,65.11
A098,22,73.4,8,6.1,53.2,8.44,224,89.8,63,7.6,6,96,Synthetic/Demo,56.86,57.47
A099,25,83.0,2,6.7,47.2,7.27,225,62.1,71,6.4,3,102,Synthetic/Demo,29.22,24.46
A100,27,71.2,8,6.1,64.0,8.84,204,85.5,65,7.5,6,90,Synthetic/Demo,64.61,61.09
A101,26,63.0,7,7.8,55.2,7.68,192,92.7,60,6.3,3,93,Synthetic/Demo,53.94,50.73
A102,29,63.8,6,4.4,58.5,8.15,245,81.6,64,6.1,5,103,Synthetic/Demo,43.78,43.29
A103,29,68.1,7,10.2,60.8,8.58,193,102.5,63,7.8,3,96,Synthetic/Demo,73.89,58.98
A104,29,71.0,2,7.4,53.2,7.41,243,75.2,68,6.6,5,114,Synthetic/Demo,34.42,33.16
A105,30,68.5,7,10.6,61.0,9.43,207,102.6,66,7.6,6,81,Synthetic/Demo,78.22,68.52
A106,26,72.0,3,7.9,48.6,8.13,245,92.3,69,7.0,5,94,Synthetic/Demo,47.36,43.23
A107,30,66.8,2,10.8,57.9,8.4,221,79.6,76,8.9,6,83,Synthetic/Demo,64.12,52.35
A108,30,69.4,2,7.4,49.2,8.39,224,80.4,74,6.0,4,107,Synthetic/Demo,42.19,32.77
A109,18,75.7,2,6.6,48.2,7.9,219,61.6,75,7.1,4,98,Synthetic/Demo,34.79,33.83
A110,26,59.5,1,9.0,51.1,8.22,201,72.6,71,7.9,4,101,Synthetic/Demo,46.75,40.82
A111,24,68.9,8,10.9,65.0,9.42,198,90.4,61,6.9,5,82,Synthetic/Demo,73.75,69.46
A112,26,68.8,1,7.5,49.8,8.13,249,73.9,78,8.9,4,98,Synthetic/Demo,39.34,35.27
A113,25,75.4,1,13.4,46.5,8.59,224,84.5,66,8.0,3,105,Synthetic/Demo,55.8,42.22
A114,18,66.2,3,4.4,44.8,8.6,223,76.0,74,7.8,6,107,Synthetic/Demo,44.52,42.48
A115,29,73.2,6,8.2,53.6,9.1,227,86.6,64,8.1,6,92,Synthetic/Demo,59.85,56.12
A116,25,76.8,8,13.7,61.6,9.29,178,110.0,58,8.8,3,90,Synthetic/Demo,93.38,72.65
A117,25,53.2,7,9.5,55.7,8.38,194,82.5,58,8.7,5,96,Synthetic/Demo,65.06,62.81
A118,28,77.3,5,8.2,51.7,8.71,210,77.3,63,8.0,5,91,Synthetic/Demo,51.57,49.83
A119,20,60.1,2,9.7,51.7,8.31,228,91.2,65,8.1,6,86,Synthetic/Demo,58.12,56.39
A120,18,59.2,7,9.8,61.4,9.59,186,88.3,65,6.0,4,83,Synthetic/Demo,76.07,65.43
A121,19,53.9,1,4.3,34.4,7.24,181,64.9,54,5.5,3,69,Synthetic/Demo,25.29,32.66
A122,29,83.3,8,13.7,62.1,9.68,265,103.5,80,8.8,6,113,Synthetic/Demo,77.94,63.68
A123,19,52.2,1,4.7,31.4,7.24,186,61.9,55,5.8,3,71,Synthetic/Demo,24.86,31.37
A124,29,83.0,8,13.6,62.8,9.92,274,105.2,79,8.9,6,114,Synthetic/Demo,77.63,64.52
A125,29,84.1,8,13.7,63.6,9.84,270,104.9,81,8.9,6,111,Synthetic/Demo,84.18,64.73
A126,18,53.0,1,4.8,30.4,7.19,189,59.6,54,5.6,3,71,Synthetic/Demo,25.36,30.5
A127,19,52.9,1,4.9,30.8,7.25,181,61.3,55,5.9,3,70,Synthetic/Demo,18.26,31.79
A128,19,50.8,1,4.5,32.1,7.15,182,62.2,55,5.6,3,71,Synthetic/Demo,18.79,31.34
A129,18,52.9,1,4.4,32.1,6.98,185,60.6,54,5.6,3,70,Synthetic/Demo,19.13,30.74
A130,18,51.1,1,4.7,34.4,6.94,183,61.5,54,5.6,3,69,Synthetic/Demo,19.6,32.45
A131,29,82.7,8,13.5,64.4,9.85,273,106.2,79,8.7,6,113,Synthetic/Demo,77.8,64.9
A132,29,84.9,8,13.7,62.2,9.66,274,102.2,81,8.9,6,115,Synthetic/Demo,79.48,62.29
A133,19,52.8,1,5.0,32.4,7.03,186,60.2,56,5.6,3,70,Synthetic/Demo,16.77,30.64
A134,19,51.8,1,5.1,31.4,7.09,180,62.9,54,5.9,3,71,Synthetic/Demo,23.23,32.4
A135,29,83.7,8,13.2,61.5,9.83,269,102.9,81,8.9,6,114,Synthetic/Demo,76.78,62.74
A136,29,84.4,8,13.1,64.5,9.76,266,106.7,80,8.8,6,117,Synthetic/Demo,86.72,63.97
A137,19,52.6,1,4.1,30.9,7.04,187,62.0,55,5.6,3,70,Synthetic/Demo,15.63,29.76
A138,19,52.8,1,4.8,30.7,6.95,180,60.6,56,5.9,3,70,Synthetic/Demo,18.38,30.6
A139,19,50.3,1,5.3,31.2,7.06,182,62.0,53,5.8,3,73,Synthetic/Demo,23.71,32.12
A140,19,50.7,1,4.5,30.3,7.27,188,61.2,55,5.7,3,71,Synthetic/Demo,15.52,30.63
A141,19,51.3,1,4.8,30.6,7.15,187,60.9,54,5.6,3,70,Synthetic/Demo,20.05,30.83
A142,19,52.3,1,5.0,33.0,7.07,189,63.5,53,5.9,3,72,Synthetic/Demo,25.71,32.36
A143,29,83.9,8,12.7,62.9,9.82,271,104.6,79,8.7,6,113,Synthetic/Demo,74.84,63.1
A144,18,51.4,1,4.6,31.7,6.99,184,61.1,54,5.7,3,72,Synthetic/Demo,19.85,31.1
A145,29,81.5,8,12.7,63.8,9.68,265,104.3,81,9.0,6,112,Synthetic/Demo,81.14,63.94
A146,19,51.1,1,4.7,33.5,7.09,189,64.3,55,5.9,3,70,Synthetic/Demo,24.15,32.49
A147,30,85.3,8,12.9,63.0,9.93,275,103.2,79,8.6,6,117,Synthetic/Demo,75.73,61.73
A148,29,82.7,8,13.7,62.0,9.77,266,106.8,80,8.9,6,114,Synthetic/Demo,78.07,64.62
A149,29,84.9,8,13.6,64.5,9.88,265,107.1,81,8.7,6,114,Synthetic/Demo,85.28,64.92
A150,19,50.7,1,5.1,33.5,6.96,189,61.8,56,5.9,3,70,Synthetic/Demo,21.96,31.89
A151,30,84.2,8,13.0,63.1,9.87,267,104.2,79,8.8,6,117,Synthetic/Demo,81.56,62.91
A152,19,53.1,1,4.6,32.7,6.92,182,61.1,56,5.7,3,71,Synthetic/Demo,20.69,30.46
A153,30,83.1,8,12.8,61.0,9.96,264,104.6,82,8.7,6,112,Synthetic/Demo,77.85,62.56
A154,30,84.5,8,12.8,62.7,9.92,265,105.4,80,8.6,6,115,Synthetic/Demo,81.43,62.76
A155,30,84.5,8,12.9,63.0,9.83,275,104.2,80,8.8,6,115,Synthetic/Demo,80.44,62.21
A156,18,50.5,1,4.4,32.4,7.11,185,60.5,53,5.5,3,71,Synthetic/Demo,17.36,31.4
A157,19,53.5,1,4.4,32.4,7.06,183,59.7,54,5.7,3,68,Synthetic/Demo,25.18,30.95
A158,18,52.8,1,4.3,33.5,7.12,182,61.9,55,5.6,3,68,Synthetic/Demo,22.31,32.04
A159,29,83.1,8,12.8,61.1,9.96,266,103.8,82,8.8,6,112,Synthetic/Demo,76.07,62.89
A160,29,83.1,8,13.6,61.0,9.86,275,105.3,81,8.7,6,113,Synthetic/Demo,81.95,63.07
A161,29,84.8,8,12.7,62.7,9.78,268,102.0,81,8.8,6,116,Synthetic/Demo,75.77,61.78
A162,18,50.5,1,5.1,34.3,6.94,181,64.1,55,5.8,3,70,Synthetic/Demo,25.28,33.57
A163,29,85.0,8,12.9,63.6,9.85,271,105.7,79,8.9,6,116,Synthetic/Demo,84.54,63.61
A164,19,50.9,1,4.8,33.7,7.25,182,62.6,55,5.7,3,72,Synthetic/Demo,20.25,32.55
A165,29,83.9,8,12.6,61.9,9.83,269,101.9,80,9.0,6,113,Synthetic/Demo,81.55,62.55
A166,29,82.2,8,13.5,60.8,9.91,273,104.1,82,8.9,6,113,Synthetic/Demo,81.2,63.17
A167,18,52.4,1,5.0,34.0,7.1,183,64.9,54,5.8,3,71,Synthetic/Demo,25.86,33.61
A168,19,53.4,1,5.3,33.5,6.92,188,60.4,56,5.6,3,72,Synthetic/Demo,26.08,30.59
A169,19,50.2,1,5.1,34.0,6.95,181,64.9,54,5.5,3,69,Synthetic/Demo,22.0,33.12
A170,29,85.0,8,12.8,61.1,9.97,271,105.4,82,8.9,6,112,Synthetic/Demo,77.54,62.84
A171,19,51.7,1,5.3,31.1,7.22,188,62.1,54,5.8,3,70,Synthetic/Demo,18.8,32.17
A172,29,83.4,8,12.9,62.4,9.92,267,103.3,81,9.0,6,114,Synthetic/Demo,77.99,63.4
A173,19,50.2,1,4.2,33.9,7.18,181,63.2,56,5.6,3,69,Synthetic/Demo,21.37,32.16
A174,18,51.7,1,5.2,33.8,7.23,182,61.8,56,5.8,3,69,Synthetic/Demo,24.4,33.48
A175,18,53.4,1,4.9,31.1,7.14,183,60.1,55,5.7,3,73,Synthetic/Demo,20.71,30.81
A176,18,52.2,1,5.2,30.9,7.23,186,62.5,54,5.8,3,74,Synthetic/Demo,23.82,32.0
A177,29,82.7,8,12.8,62.5,9.67,265,103.9,81,8.9,6,114,Synthetic/Demo,79.38,62.86
A178,18,50.4,1,5.2,32.6,7.08,183,61.5,55,5.7,3,73,Synthetic/Demo,25.82,32.2
A179,30,84.8,8,12.7,62.3,9.81,271,104.5,80,8.7,6,115,Synthetic/Demo,78.24,61.81
A180,29,82.4,8,13.3,64.2,9.74,272,105.8,80,8.7,6,113,Synthetic/Demo,89.49,64.15
A181,29,81.9,8,13.3,61.1,9.84,271,103.3,80,8.8,6,116,Synthetic/Demo,81.16,62.7
A182,19,54.2,1,4.2,30.9,7.22,183,60.2,56,5.8,3,73,Synthetic/Demo,16.38,29.69
A183,30,81.3,8,12.8,62.6,9.71,268,103.7,79,9.0,6,117,Synthetic/Demo,76.18,62.71
A184,29,84.1,8,13.4,63.3,9.89,263,103.1,81,8.9,6,113,Synthetic/Demo,83.46,64.23
A185,29,84.0,8,13.1,63.4,10.0,270,106.4,80,8.8,6,115,Synthetic/Demo,81.5,64.25
A186,19,50.4,1,4.5,31.5,7.0,181,61.4,54,5.9,3,73,Synthetic/Demo,21.82,31.13
A187,29,84.8,8,13.2,63.7,9.69,271,104.5,79,8.6,6,115,Synthetic/Demo,81.58,62.95
A188,18,51.2,1,5.1,31.3,7.16,188,61.7,54,5.9,3,69,Synthetic/Demo,20.79,32.6
A189,19,50.4,1,4.9,33.4,7.11,189,62.2,55,5.6,3,69,Synthetic/Demo,18.66,32.0
A190,19,53.3,1,4.7,34.4,7.21,186,64.5,54,5.7,3,69,Synthetic/Demo,18.61,33.03
A191,18,52.2,1,4.5,31.1,7.03,186,59.5,56,5.7,3,70,Synthetic/Demo,16.85,30.2
A192,29,84.7,8,12.7,62.0,9.99,275,104.5,80,8.8,6,113,Synthetic/Demo,82.13,62.81
A193,29,81.9,8,12.9,64.7,9.9,267,105.6,79,8.7,6,113,Synthetic/Demo,82.86,64.87
A194,19,52.0,1,5.0,30.8,7.15,185,61.8,56,5.9,3,69,Synthetic/Demo,16.9,31.56
A195,18,50.5,1,4.8,32.5,7.17,187,61.6,54,5.8,3,71,Synthetic/Demo,21.58,32.41
A196,30,81.6,8,12.7,63.2,9.82,269,104.1,79,8.7,6,117,Synthetic/Demo,80.85,62.56
A197,29,82.2,8,13.1,64.7,10.0,264,105.6,79,8.8,6,116,Synthetic/Demo,80.72,65.22
A198,19,53.5,1,4.2,30.8,6.97,189,59.8,55,5.7,3,73,Synthetic/Demo,17.34,28.68
A199,19,50.8,1,5.0,31.3,7.19,180,61.4,56,5.6,3,73,Synthetic/Demo,21.07,31.14
A200,18,50.9,1,4.4,34.3,6.99,181,63.1,53,5.6,3,71,Synthetic/Demo,17.98,32.64
A201,29,82.4,8,13.7,62.9,9.75,270,106.6,79,8.6,6,112,Synthetic/Demo,82.84,64.61
A202,18,53.6,1,5.1,33.4,6.94,184,62.4,56,5.5,3,72,Synthetic/Demo,22.62,31.28
A203,19,52.0,1,4.3,30.3,7.22,188,58.7,55,5.8,3,71,Synthetic/Demo,21.24,29.77
A204,19,53.1,1,4.8,33.0,6.96,183,61.2,54,5.8,3,73,Synthetic/Demo,23.69,31.13
A205,30,82.1,8,12.9,63.7,9.88,268,106.1,81,8.7,6,114,Synthetic/Demo,77.21,63.51
A206,19,54.3,1,5.0,32.3,6.93,181,62.1,54,5.7,3,73,Synthetic/Demo,17.85,30.99
A207,29,84.8,8,13.0,62.6,9.9,271,103.7,79,8.7,6,117,Synthetic/Demo,81.49,62.63
A208,19,53.2,1,5.1,30.6,7.13,184,62.6,56,5.8,3,73,Synthetic/Demo,22.14,30.85
A209,29,84.5,8,12.6,61.1,9.91,272,104.1,79,8.8,6,112,Synthetic/Demo,80.31,62.67
A210,29,82.8,8,12.9,64.3,9.64,272,105.6,81,9.0,6,113,Synthetic/Demo,92.01,63.72
A211,18,51.7,1,4.6,30.8,7.25,183,60.9,54,5.7,3,70,Synthetic/Demo,21.87,31.73
A212,30,84.1,8,13.0,64.7,10.0,264,108.9,81,8.7,6,112,Synthetic/Demo,87.48,65.1
A213,29,83.6,8,12.8,62.3,9.87,268,103.9,82,8.7,6,115,Synthetic/Demo,82.32,62.3
A214,19,51.9,1,4.3,31.3,6.97,187,60.6,54,5.7,3,68,Synthetic/Demo,20.11,30.4
A215,18,52.4,1,4.6,34.4,7.19,182,63.5,54,5.7,3,73,Synthetic/Demo,21.84,32.89
A216,19,51.7,1,4.1,32.3,7.12,181,59.0,56,5.6,3,69,Synthetic/Demo,21.17,30.27
A217,19,50.9,1,5.2,32.4,7.27,186,62.4,54,5.6,3,73,Synthetic/Demo,19.85,32.17
A218,29,83.1,8,12.9,64.9,9.79,274,105.8,80,8.7,6,112,Synthetic/Demo,80.4,64.03
A219,19,53.3,1,5.2,33.2,7.12,183,64.0,54,5.6,3,73,Synthetic/Demo,21.26,32.24
A220,19,52.8,1,5.1,32.4,6.94,182,60.0,54,5.9,3,74,Synthetic/Demo,20.7,31.07
A221,18,51.0,1,4.6,31.7,6.92,188,60.2,54,5.8,3,73,Synthetic/Demo,25.31,30.57
A222,29,81.9,8,12.7,62.0,9.78,267,104.8,79,8.7,6,114,Synthetic/Demo,73.74,63.11
A223,29,82.2,8,12.9,63.8,9.96,266,104.5,80,8.7,6,117,Synthetic/Demo,83.51,63.73
A224,19,50.8,1,5.3,34.1,7.12,184,63.8,55,5.6,3,74,Synthetic/Demo,18.31,32.55
A225,29,81.3,8,13.6,63.4,9.75,275,105.0,81,8.6,6,116,Synthetic/Demo,79.1,63.21
A226,19,53.6,1,5.2,32.9,7.11,187,62.5,56,5.6,3,70,Synthetic/Demo,24.87,31.52
A227,19,52.1,1,4.6,32.0,7.12,181,60.5,54,5.5,3,70,Synthetic/Demo,20.25,31.03
A228,19,52.3,1,5.2,32.7,6.99,181,63.0,55,5.8,3,71,Synthetic/Demo,18.76,32.21
A229,29,82.4,8,12.6,63.6,9.75,269,103.7,81,8.6,6,117,Synthetic/Demo,76.83,62.05
A230,29,82.7,8,13.5,64.4,9.86,273,105.9,80,8.9,6,116,Synthetic/Demo,84.5,64.57
A231,30,83.5,8,13.5,62.8,9.65,268,105.8,82,8.7,6,116,Synthetic/Demo,78.31,62.47
A232,19,54.1,1,4.9,34.0,7.03,189,62.2,55,5.9,3,70,Synthetic/Demo,22.2,31.85
A233,29,82.7,8,13.6,65.0,9.78,271,107.4,79,8.8,6,112,Synthetic/Demo,83.56,65.71
A234,19,52.9,1,4.9,30.3,7.25,179,60.2,55,5.5,3,68,Synthetic/Demo,18.38,31.12
A235,19,52.3,1,4.6,31.7,7.13,186,62.7,53,5.6,3,70,Synthetic/Demo,26.73,31.45
A236,29,81.8,8,12.9,61.0,9.8,268,102.5,79,8.7,6,117,Synthetic/Demo,80.16,62.07
A237,18,52.1,1,4.4,33.3,6.99,186,60.8,53,5.8,3,70,Synthetic/Demo,13.86,31.83
A238,19,51.3,1,4.8,33.2,7.0,186,61.9,54,5.5,3,71,Synthetic/Demo,20.98,31.29
A239,19,50.7,1,4.8,32.2,7.28,182,62.3,54,5.7,3,74,Synthetic/Demo,19.86,32.0
A240,29,83.3,8,12.7,64.8,9.7,264,107.5,82,8.6,6,115,Synthetic/Demo,83.88,63.48
A241,18,54.0,1,5.0,34.0,7.07,187,62.4,56,5.8,3,69,Synthetic/Demo,19.64,32.42
A242,29,83.4,8,13.7,62.0,10.0,264,105.6,79,8.8,6,116,Synthetic/Demo,82.49,64.74
A243,19,50.8,1,4.3,31.8,7.2,183,60.9,55,5.5,3,72,Synthetic/Demo,21.02,30.51
A244,29,85.1,8,13.3,64.4,9.83,269,105.8,80,8.7,6,115,Synthetic/Demo,84.69,63.97
A245,29,82.3,8,13.3,62.3,9.89,265,106.7,79,9.0,6,116,Synthetic/Demo,78.66,64.81
A246,30,85.0,8,13.6,61.9,9.79,275,104.3,81,8.7,6,113,Synthetic/Demo,78.88,62.31
A247,18,51.1,1,5.1,34.0,6.98,185,62.0,56,5.6,3,72,Synthetic/Demo,19.98,31.97
A248,29,84.4,8,12.8,64.2,9.79,273,103.7,80,8.7,6,113,Synthetic/Demo,77.96,62.99
A249,19,52.3,1,5.0,33.7,7.14,190,65.0,53,5.8,3,68,Synthetic/Demo,28.25,33.43
A250,19,50.3,1,4.5,32.5,7.0,181,61.6,53,5.6,3,70,Synthetic/Demo,21.37,31.65
A251,29,82.4,8,13.0,63.5,9.75,266,105.5,81,8.7,6,114,Synthetic/Demo,77.02,63.59
A252,29,83.2,8,12.8,62.1,9.69,272,103.7,81,8.8,6,114,Synthetic/Demo,81.03,62.05
A253,30,83.9,8,13.5,61.7,9.89,270,104.2,80,8.7,6,117,Synthetic/Demo,86.8,62.47
A254,30,83.5,8,12.8,61.3,9.64,267,102.6,79,8.8,6,114,Synthetic/Demo,81.0,61.69
A255,18,52.9,1,5.2,33.8,7.08,189,62.7,54,5.8,3,70,Synthetic/Demo,17.76,32.95
A256,30,81.3,8,12.9,61.1,9.73,270,102.2,81,9.0,6,116,Synthetic/Demo,76.53,61.64
A257,30,82.1,8,12.8,61.9,9.7,268,103.1,81,8.7,6,113,Synthetic/Demo,82.14,61.85
A258,29,83.5,8,13.6,63.8,9.77,266,105.8,80,8.9,6,112,Synthetic/Demo,80.62,65.1
A259,19,50.5,1,4.2,30.4,7.27,184,57.9,56,5.7,3,69,Synthetic/Demo,19.49,30.03
A260,19,54.0,1,4.5,31.7,7.17,186,61.7,53,5.5,3,73,Synthetic/Demo,22.04,30.4
A261,29,82.0,8,13.2,61.8,9.67,274,102.7,80,8.7,6,111,Synthetic/Demo,75.54,62.62
A262,19,51.0,1,5.1,30.9,7.17,184,62.9,56,5.7,3,72,Synthetic/Demo,20.79,31.4
A263,19,51.1,1,4.6,31.1,7.23,187,62.3,55,5.5,3,70,Synthetic/Demo,10.16,30.94
A264,18,50.1,1,4.4,33.7,7.21,183,62.9,53,5.8,3,73,Synthetic/Demo,18.96,33.01
A265,19,51.3,1,4.5,34.5,7.07,182,60.3,55,5.5,3,70,Synthetic/Demo,20.14,31.47
A266,19,52.5,1,4.9,33.9,7.15,186,64.2,55,5.5,3,68,Synthetic/Demo,18.77,32.55
A267,29,85.0,8,13.7,63.1,9.63,269,105.1,82,8.8,6,116,Synthetic/Demo,85.68,62.9
A268,18,54.2,1,5.3,33.3,7.17,185,62.3,53,5.6,3,68,Synthetic/Demo,18.54,33.24
A269,29,84.9,8,12.8,64.0,9.66,268,105.6,79,8.8,6,114,Synthetic/Demo,79.12,63.45
A270,29,84.6,8,12.6,62.0,9.9,264,101.1,81,8.7,6,112,Synthetic/Demo,79.26,62.23
A271,18,53.7,1,4.8,33.2,7.21,187,62.4,55,5.7,3,71,Synthetic/Demo,26.01,32.09
A272,30,82.5,8,12.7,61.8,9.65,273,104.4,79,8.8,6,113,Synthetic/Demo,73.74,62.07
A273,19,50.0,1,5.0,30.4,7.24,182,62.2,53,5.6,3,74,Synthetic/Demo,24.33,31.59
A274,29,82.0,8,12.8,63.8,9.99,264,105.8,80,8.6,6,115,Synthetic/Demo,82.0,64.24
A275,29,85.1,8,13.0,64.2,9.75,272,105.1,80,8.9,6,113,Synthetic/Demo,77.96,63.68
A276,29,85.1,8,13.1,64.7,9.68,273,105.2,82,8.8,6,111,Synthetic/Demo,82.15,63.44
A277,18,53.9,1,4.2,32.9,7.12,182,63.5,53,5.9,3,74,Synthetic/Demo,21.72,31.97
A278,29,84.8,8,13.8,64.7,9.94,274,104.5,81,8.6,6,116,Synthetic/Demo,80.74,63.82
A279,30,85.0,8,13.1,63.4,9.8,273,105.3,80,8.9,6,115,Synthetic/Demo,80.91,62.93
A280,29,83.2,8,12.9,62.4,9.63,270,103.5,79,9.0,6,117,Synthetic/Demo,77.64,62.52
A281,30,83.7,8,13.3,64.5,9.97,272,106.4,82,8.8,6,115,Synthetic/Demo,83.02,63.85
A282,30,82.8,8,12.9,63.2,9.85,267,102.9,79,8.6,6,116,Synthetic/Demo,81.95,62.52
A283,30,82.8,8,13.7,62.7,9.89,271,105.7,82,8.6,6,116,Synthetic/Demo,86.25,62.99
A284,29,81.2,8,12.9,60.8,9.93,275,102.3,80,8.7,6,113,Synthetic/Demo,74.39,62.32
A285,18,52.4,1,5.2,30.4,7.05,186,61.9,55,5.9,3,69,Synthetic/Demo,26.69,31.89
A286,29,83.9,8,13.1,61.1,9.66,268,102.6,79,9.0,6,115,Synthetic/Demo,72.71,62.48
A287,19,50.1,1,4.5,30.9,6.96,181,58.1,56,5.7,3,71,Synthetic/Demo,17.31,29.71
A288,30,84.8,8,13.4,64.8,9.89,273,104.9,81,8.7,6,112,Synthetic/Demo,83.96,63.78
A289,18,54.0,1,5.0,31.8,7.24,188,61.3,54,5.7,3,72,Synthetic/Demo,21.8,31.62
A290,19,50.7,1,5.1,33.1,7.13,185,63.8,54,5.5,3,70,Synthetic/Demo,20.4,32.59
A291,19,51.8,1,4.1,31.7,7.08,182,60.2,53,5.6,3,73,Synthetic/Demo,18.02,30.18
A292,18,53.6,1,4.1,34.0,7.12,179,63.1,53,5.6,3,71,Synthetic/Demo,20.04,32.31
A293,29,82.0,8,13.5,62.2,9.94,267,104.2,80,8.6,6,114,Synthetic/Demo,79.53,63.9
A294,18,51.7,1,4.3,30.9,6.98,189,60.5,56,5.8,3,69,Synthetic/Demo,20.19,30.2
A295,30,82.7,8,12.9,61.4,10.0,265,104.9,80,8.6,6,111,Synthetic/Demo,81.65,63.35
A296,19,53.9,1,4.7,34.2,7.16,186,63.6,56,5.8,3,68,Synthetic/Demo,20.46,32.46
A297,30,83.6,8,12.6,62.0,9.8,266,103.2,80,8.7,6,114,Synthetic/Demo,81.49,61.93
A298,18,51.6,1,4.3,32.0,7.1,189,60.5,54,5.6,3,72,Synthetic/Demo,19.55,30.55
A299,30,83.2,8,13.6,62.0,9.88,274,104.1,79,8.7,6,115,Synthetic/Demo,82.93,62.98
A300,30,84.7,8,12.7,62.0,9.94,273,104.2,81,8.7,6,117,Synthetic/Demo,80.89,61.38
A301,30,83.9,8,13.2,61.0,9.81,265,103.9,82,8.9,6,113,Synthetic/Demo,77.33,62.46
A302,19,53.1,1,4.7,31.9,7.23,189,62.7,55,5.7,3,68,Synthetic/Demo,19.17,31.62
A303,29,82.1,8,13.6,63.0,9.86,268,104.0,79,8.9,6,113,Synthetic/Demo,84.22,64.82
A304,19,51.7,1,5.2,31.8,7.01,184,61.8,55,5.6,3,68,Synthetic/Demo,22.57,31.69
A305,29,84.2,8,12.8,64.2,9.7,267,105.7,80,8.6,6,113,Synthetic/Demo,80.5,63.39
A306,29,84.1,8,13.8,61.1,9.99,269,104.9,80,9.0,6,116,Synthetic/Demo,82.25,64.09
A307,30,82.5,8,12.7,62.3,9.66,267,102.7,81,8.7,6,116,Synthetic/Demo,81.87,61.27
A308,29,84.8,8,13.5,61.6,9.64,270,103.8,81,8.7,6,114,Synthetic/Demo,77.33,62.22
A309,19,53.8,1,5.0,31.5,7.06,188,62.0,54,5.7,3,68,Synthetic/Demo,21.95,31.38
A310,18,53.8,1,4.4,31.4,7.23,183,61.7,54,5.7,3,71,Synthetic/Demo,19.64,31.4
A311,29,82.6,8,13.7,62.3,9.99,271,106.4,79,8.6,6,115,Synthetic/Demo,81.6,64.46
A312,29,81.6,8,13.5,62.1,9.98,274,104.4,82,8.9,6,113,Synthetic/Demo,84.37,63.88
A313,30,82.4,8,13.0,64.0,9.88,271,105.3,81,8.7,6,112,Synthetic/Demo,83.73,63.61
A314,18,53.3,1,4.6,33.0,7.25,180,64.1,54,5.8,3,71,Synthetic/Demo,25.3,33.14
A315,19,52.4,1,5.2,32.8,7.12,185,60.8,56,5.6,3,70,Synthetic/Demo,25.2,31.46
A316,19,51.3,1,4.7,31.1,6.99,179,63.1,55,5.6,3,70,Synthetic/Demo,20.17,31.22
A317,29,83.3,8,13.5,63.0,9.73,275,103.5,79,8.9,6,114,Synthetic/Demo,82.29,63.54
A318,29,84.6,8,13.5,64.7,9.81,274,105.9,80,9.0,6,112,Synthetic/Demo,81.71,64.95
A319,19,53.9,1,5.1,34.5,7.11,182,62.8,54,5.8,3,71,Synthetic/Demo,24.38,32.91
A320,19,50.6,1,5.0,31.1,7.22,179,62.3,53,5.6,3,69,Synthetic/Demo,21.37,32.62
A321,30,84.8,8,13.4,63.3,9.77,265,105.6,79,8.7,6,112,Synthetic/Demo,82.2,64.01
A322,29,83.4,8,13.1,63.3,9.84,264,105.8,79,8.6,6,117,Synthetic/Demo,83.26,63.71
A323,18,53.4,1,4.2,32.3,7.21,189,61.3,55,5.5,3,71,Synthetic/Demo,16.77,30.51
A324,30,83.1,8,13.1,64.8,10.0,265,106.1,81,8.6,6,112,Synthetic/Demo,89.5,64.57
A325,29,83.4,8,13.7,61.8,9.84,264,105.3,80,8.8,6,116,Synthetic/Demo,78.74,63.99
A326,19,50.8,1,4.8,33.7,7.1,178,63.9,54,5.7,3,74,Synthetic/Demo,19.13,32.62
A327,18,52.6,1,4.4,31.7,7.18,187,60.6,56,5.8,3,72,Synthetic/Demo,22.84,30.69
A328,30,85.3,8,13.3,62.5,9.89,272,104.8,79,8.6,6,113,Synthetic/Demo,83.05,62.95
A329,29,83.4,8,12.7,63.6,9.78,266,104.7,79,8.6,6,113,Synthetic/Demo,82.17,63.47
A330,19,53.2,1,4.8,33.1,7.08,189,62.5,56,5.9,3,72,Synthetic/Demo,22.85,31.26
A331,19,52.2,1,5.2,30.7,7.22,189,61.4,56,5.6,3,73,Synthetic/Demo,20.08,30.46
A332,30,82.7,8,13.5,64.7,9.65,272,106.7,80,8.8,6,115,Synthetic/Demo,79.18,63.91
A333,29,81.7,8,13.0,63.5,9.98,269,104.6,79,8.8,6,114,Synthetic/Demo,81.88,64.49
A334,29,84.7,8,12.7,62.8,9.66,265,103.5,80,8.8,6,112,Synthetic/Demo,77.19,62.79
A335,18,52.4,1,5.0,30.5,6.97,181,60.3,55,5.8,3,72,Synthetic/Demo,22.26,30.89
A336,18,52.2,1,4.7,34.1,7.0,180,63.6,56,5.5,3,74,Synthetic/Demo,21.15,31.67
A337,30,82.9,8,12.6,62.6,9.95,272,104.3,81,9.0,6,116,Synthetic/Demo,77.36,62.5
A338,29,84.2,8,12.9,63.2,9.71,271,104.2,80,8.8,6,115,Synthetic/Demo,78.55,62.68
A339,19,50.6,1,5.0,32.3,7.23,180,63.7,56,5.7,3,70,Synthetic/Demo,23.92,32.7
A340,30,82.1,8,13.0,64.3,9.98,268,107.0,79,9.0,6,114,Synthetic/Demo,81.55,65.2
A341,18,52.9,1,4.4,34.0,6.95,180,61.2,54,5.8,3,72,Synthetic/Demo,18.25,31.81
A342,30,85.1,8,13.2,60.9,9.92,273,102.8,80,8.8,6,113,Synthetic/Demo,79.89,62.06
A343,29,84.3,8,13.1,63.1,9.91,264,106.0,81,8.8,6,117,Synthetic/Demo,82.6,63.66
A344,18,51.0,1,4.2,32.4,6.93,186,58.9,54,5.6,3,73,Synthetic/Demo,16.12,29.94
A345,19,53.8,1,5.0,30.5,7.27,184,61.6,56,5.7,3,72,Synthetic/Demo,19.23,30.76
A346,29,82.1,8,12.6,63.5,9.94,269,105.2,82,9.0,6,116,Synthetic/Demo,81.53,63.48
A347,30,81.3,8,13.4,64.8,9.79,269,107.0,82,8.7,6,114,Synthetic/Demo,78.22,64.21
A348,19,53.7,1,5.0,32.3,7.21,181,61.1,56,5.7,3,74,Synthetic/Demo,17.27,31.04
A349,29,84.1,8,12.9,64.6,10.0,273,105.7,80,8.7,6,117,Synthetic/Demo,79.61,63.66
A350,19,50.8,1,4.6,31.5,7.1,186,59.9,54,5.9,3,69,Synthetic/Demo,18.94,31.39
A351,19,53.8,1,4.4,31.1,7.01,181,60.1,56,5.7,3,72,Synthetic/Demo,19.43,29.55
A352,30,84.9,8,13.3,64.1,9.9,275,106.2,81,8.7,6,116,Synthetic/Demo,86.05,63.02
A353,19,53.9,1,5.2,32.5,6.95,188,61.2,53,5.7,3,72,Synthetic/Demo,22.96,31.1
A354,30,82.6,8,13.2,64.7,9.75,275,105.7,79,8.8,6,117,Synthetic/Demo,80.7,63.4
A355,19,52.9,1,4.9,33.3,7.17,179,62.9,54,5.7,3,70,Synthetic/Demo,22.79,32.77
A356,19,50.3,1,5.2,32.2,7.21,182,61.3,54,5.6,3,72,Synthetic/Demo,18.88,32.2
A357,18,53.0,1,5.3,32.5,7.11,179,62.5,55,5.8,3,70,Synthetic/Demo,22.69,33.03
A358,18,50.1,1,5.1,31.4,6.96,182,61.8,55,5.8,3,68,Synthetic/Demo,19.7,32.42
A359,19,53.6,1,4.6,31.0,7.11,180,61.7,56,5.8,3,70,Synthetic/Demo,21.09,30.86
A360,19,52.0,1,4.7,33.2,7.03,184,64.1,54,5.7,3,73,Synthetic/Demo,18.95,31.8
A361,19,50.4,1,5.2,31.2,6.91,183,61.1,53,5.5,3,71,Synthetic/Demo,21.22,31.13
A362,29,82.0,8,13.0,62.7,9.77,267,103.2,80,8.7,6,116,Synthetic/Demo,84.2,62.8
A363,29,84.9,8,13.4,61.4,9.85,273,103.6,80,8.9,6,115,Synthetic/Demo,79.45,62.76
A364,30,82.7,8,13.4,63.4,9.78,270,104.5,79,8.9,6,112,Synthetic/Demo,82.67,64.17
A365,29,83.9,8,12.6,61.7,9.95,274,103.4,80,9.0,6,112,Synthetic/Demo,81.18,62.93
A366,19,51.8,1,4.5,32.4,7.21,184,61.6,55,5.7,3,73,Synthetic/Demo,19.42,31.09
A367,29,83.9,8,12.7,63.8,9.85,274,106.0,82,8.7,6,112,Synthetic/Demo,80.93,63.11
A368,18,50.4,1,5.2,31.9,6.99,178,60.4,56,5.6,3,70,Synthetic/Demo,20.75,31.86
A369,30,82.0,8,13.5,62.3,9.95,265,105.7,79,8.7,6,116,Synthetic/Demo,82.48,64.07
A370,19,52.7,1,4.8,31.0,6.92,181,59.4,56,5.9,3,71,Synthetic/Demo,16.54,30.19
A371,18,52.3,1,4.2,31.7,6.97,186,60.7,54,5.8,3,72,Synthetic/Demo,18.36,30.48
A372,19,50.3,1,4.3,30.9,7.08,186,61.0,53,5.7,3,73,Synthetic/Demo,20.0,30.41
A373,19,54.2,1,4.4,32.8,6.97,186,62.2,54,5.8,3,71,Synthetic/Demo,24.17,30.83
A374,29,82.3,8,12.8,63.1,9.73,264,103.4,81,8.8,6,115,Synthetic/Demo,82.64,62.92
A375,29,84.0,8,13.8,62.0,9.72,275,105.3,79,8.6,6,114,Synthetic/Demo,86.71,63.23
A376,29,81.0,8,13.0,61.6,9.69,266,102.8,80,8.7,6,117,Synthetic/Demo,76.17,62.19
A377,30,81.8,8,13.7,62.1,9.83,268,105.4,80,8.7,6,113,Synthetic/Demo,84.14,63.9
A378,18,52.0,1,5.2,33.6,6.95,180,62.2,55,5.8,3,70,Synthetic/Demo,22.8,32.91
A379,30,81.3,8,13.0,61.0,9.88,274,103.4,81,8.7,6,114,Synthetic/Demo,85.03,61.87
A380,30,83.0,8,12.9,63.5,9.73,272,104.7,79,8.9,6,114,Synthetic/Demo,77.69,63.15
A381,19,53.3,1,4.5,31.9,7.01,185,62.4,55,5.7,3,70,Synthetic/Demo,17.12,30.72
A382,18,50.7,1,4.1,31.2,7.11,179,58.6,55,5.5,3,71,Synthetic/Demo,16.31,30.21
A383,19,53.3,1,4.4,31.8,7.09,187,62.5,54,5.8,3,69,Synthetic/Demo,13.52,31.21
A384,30,83.7,8,12.7,64.6,9.86,269,104.8,79,8.7,6,114,Synthetic/Demo,79.52,63.42
A385,19,52.3,1,4.1,34.5,7.27,180,62.4,54,5.7,3,74,Synthetic/Demo,19.86,31.97
A386,29,81.2,8,12.7,62.7,9.7,270,102.8,80,8.7,6,116,Synthetic/Demo,78.73,62.16
A387,29,84.2,8,12.9,63.9,9.94,266,107.7,81,8.6,6,113,Synthetic/Demo,83.38,64.28
A388,29,81.7,8,13.4,64.6,9.95,273,106.6,79,8.6,6,116,Synthetic/Demo,88.33,64.75
A389,30,81.1,8,13.8,63.7,9.73,273,105.2,80,8.7,6,115,Synthetic/Demo,84.36,63.76
A390,29,82.9,8,12.9,61.7,9.84,270,102.9,81,8.8,6,111,Synthetic/Demo,77.33,62.84
A391,18,51.1,1,4.5,33.5,7.11,182,62.2,53,5.6,3,73,Synthetic/Demo,18.52,32.22
A392,29,81.6,8,13.1,64.8,9.68,264,103.9,81,8.6,6,114,Synthetic/Demo,82.48,63.69
A393,18,50.5,1,4.4,30.8,7.01,185,59.9,55,5.6,3,73,Synthetic/Demo,13.78,29.93
A394,29,81.5,8,13.3,63.7,9.63,273,105.2,81,9.0,6,115,Synthetic/Demo,85.95,63.66
A395,29,82.6,8,13.5,63.0,9.7,273,104.3,82,8.8,6,115,Synthetic/Demo,83.63,62.91
A396,19,53.1,1,4.6,33.5,7.25,181,64.1,53,5.6,3,73,Synthetic/Demo,21.35,32.44
A397,18,50.2,1,4.3,34.0,7.28,186,62.2,53,5.7,3,70,Synthetic/Demo,16.72,33.1
A398,29,84.4,8,13.4,61.5,9.92,264,104.5,79,8.6,6,112,Synthetic/Demo,85.24,63.91
A399,19,51.0,1,5.2,30.8,7.04,182,60.3,54,5.6,3,69,Synthetic/Demo,19.73,31.39
A400,29,84.0,8,13.4,63.2,9.89,266,106.6,81,8.8,6,114,Synthetic/Demo,86.22,64.43
A401,29,83.1,8,13.1,60.9,9.76,265,102.4,79,8.7,6,112,Synthetic/Demo,74.12,62.84
A402,19,51.0,1,5.0,31.8,7.19,181,63.7,53,5.8,3,73,Synthetic/Demo,20.53,32.66
A403,19,52.4,1,5.0,34.3,6.91,189,61.8,56,5.7,3,74,Synthetic/Demo,20.65,30.78
A404,29,83.2,8,12.7,63.9,9.67,265,105.1,82,8.9,6,113,Synthetic/Demo,80.48,63.35
A405,19,54.2,1,5.2,34.5,7.24,188,63.3,55,5.6,3,71,Synthetic/Demo,22.03,32.49
A406,19,54.1,1,5.1,30.4,6.92,180,59.4,55,5.7,3,74,Synthetic/Demo,20.67,29.59
A407,18,51.9,1,4.4,32.2,7.05,178,61.4,56,5.6,3,68,Synthetic/Demo,16.92,31.57
A408,30,82.0,8,12.8,63.1,9.84,265,103.3,79,8.7,6,117,Synthetic/Demo,79.66,62.71
A409,18,50.1,1,4.8,32.7,7.0,183,64.1,55,5.6,3,69,Synthetic/Demo,21.61,32.6
A410,18,52.4,1,4.3,30.7,6.96,188,59.7,56,5.9,3,71,Synthetic/Demo,18.87,29.76
A411,30,84.9,8,13.6,62.1,9.95,275,104.8,82,8.7,6,117,Synthetic/Demo,82.78,62.13
A412,19,50.9,1,4.1,30.9,7.24,178,58.3,54,5.8,3,70,Synthetic/Demo,15.76,30.86
A413,18,50.3,1,5.1,32.8,7.26,184,63.3,56,5.6,3,72,Synthetic/Demo,17.93,32.72
A414,29,83.5,8,12.8,62.8,9.66,275,104.3,80,8.8,6,117,Synthetic/Demo,82.19,61.89
A415,18,51.9,1,4.5,31.6,7.23,179,61.0,55,5.8,3,71,Synthetic/Demo,21.81,31.91
A416,29,83.0,8,13.3,63.7,9.72,265,105.1,81,8.8,6,114,Synthetic/Demo,79.2,63.95
A417,19,51.6,1,5.0,34.4,7.0,180,63.7,53,5.5,3,70,Synthetic/Demo,27.46,32.96
A418,29,81.9,8,13.0,61.0,9.86,273,104.9,80,8.8,6,114,Synthetic/Demo,79.49,62.9
A419,18,52.0,1,4.8,31.8,7.28,188,60.7,54,5.8,3,69,Synthetic/Demo,24.43,32.28
A420,19,53.3,1,4.3,31.6,7.01,187,61.4,55,5.7,3,72,Synthetic/Demo,18.68,29.79
A421,19,50.5,1,4.8,33.1,7.01,184,62.7,56,5.7,3,69,Synthetic/Demo,27.25,31.9
A422,19,53.3,1,5.0,30.5,7.17,183,59.9,54,5.5,3,73,Synthetic/Demo,24.85,30.21
A423,19,53.0,1,5.0,33.7,6.93,183,60.6,54,5.7,3,70,Synthetic/Demo,20.26,31.65
A424,19,53.2,1,5.0,32.3,7.21,188,61.4,53,5.7,3,70,Synthetic/Demo,24.24,31.93
A425,18,53.2,1,4.4,32.2,7.15,186,60.9,56,5.8,3,69,Synthetic/Demo,21.81,31.25
A426,29,83.8,8,13.0,64.9,9.93,272,104.7,82,8.6,6,117,Synthetic/Demo,85.38,62.99
A427,19,50.9,1,4.3,32.4,7.0,189,60.9,56,5.8,3,73,Synthetic/Demo,15.67,29.98
A428,29,81.6,8,13.2,64.7,9.99,269,105.5,80,9.0,6,115,Synthetic/Demo,85.27,65.33
A429,18,54.1,1,4.8,31.3,7.08,178,61.9,54,5.7,3,68,Synthetic/Demo,24.1,32.13
A430,19,52.5,1,5.0,31.0,6.96,184,60.3,56,5.7,3,73,Synthetic/Demo,13.72,29.9
A431,29,84.7,8,13.5,63.4,9.93,264,105.8,79,8.7,6,115,Synthetic/Demo,79.39,64.66
A432,29,84.6,8,12.7,64.7,9.88,267,106.7,80,8.6,6,113,Synthetic/Demo,75.74,64.08
A433,18,54.3,1,4.4,31.0,6.97,182,61.1,56,5.7,3,72,Synthetic/Demo,17.64,29.9
A434,29,85.3,8,13.4,63.9,9.81,267,106.5,80,8.9,6,114,Synthetic/Demo,84.79,64.57
A435,30,82.7,8,12.9,64.7,9.99,267,105.0,79,8.8,6,115,Synthetic/Demo,87.02,64.34
A436,19,51.5,1,5.3,32.2,7.27,189,61.6,54,5.9,3,71,Synthetic/Demo,22.44,32.57
A437,19,54.2,1,4.8,32.6,7.24,179,62.0,56,5.6,3,70,Synthetic/Demo,26.88,31.65
A438,29,82.0,8,13.6,61.3,9.7,268,105.8,80,8.9,6,114,Synthetic/Demo,76.44,63.86
A439,19,51.8,1,4.4,31.7,7.08,188,59.4,55,5.9,3,74,Synthetic/Demo,13.43,29.91
A440,29,81.6,8,12.9,64.5,9.7,271,105.5,82,9.0,6,115,Synthetic/Demo,80.59,63.67
A441,29,83.0,8,13.2,62.8,9.8,271,103.2,80,8.6,6,116,Synthetic/Demo,80.77,62.56
A442,30,83.4,8,12.8,64.8,9.7,272,105.6,81,9.0,6,112,Synthetic/Demo,80.82,63.59
A443,19,52.2,1,4.9,31.8,7.04,187,60.4,56,5.8,3,73,Synthetic/Demo,13.35,30.33
A444,29,81.3,8,13.4,61.3,9.95,271,104.9,80,8.8,6,115,Synthetic/Demo,80.38,63.71
A445,19,53.7,1,4.1,33.0,7.23,179,61.1,55,5.7,3,73,Synthetic/Demo,16.8,30.87
A446,18,54.1,1,4.5,33.6,7.15,189,61.6,54,5.7,3,70,Synthetic/Demo,22.79,31.77
A447,29,82.1,8,13.6,62.2,9.69,269,104.4,79,8.9,6,114,Synthetic/Demo,81.74,63.99
A448,19,50.7,1,4.3,30.3,7.25,184,59.7,53,5.9,3,72,Synthetic/Demo,16.3,30.92
A449,29,82.8,8,12.7,61.4,9.76,271,101.8,82,8.7,6,114,Synthetic/Demo,75.77,61.24
A450,19,51.7,1,5.0,34.0,7.01,185,62.4,53,5.5,3,69,Synthetic/Demo,18.58,32.4
A451,18,54.0,1,5.0,32.6,7.16,183,62.7,55,5.7,3,73,Synthetic/Demo,21.66,31.94
A452,19,54.1,1,5.3,30.7,6.98,183,58.2,54,5.7,3,70,Synthetic/Demo,22.12,30.4
A453,18,50.5,1,4.6,31.5,7.03,189,60.9,53,5.9,3,71,Synthetic/Demo,16.26,31.61
A454,30,82.8,8,13.6,63.5,9.91,267,104.5,79,8.9,6,116,Synthetic/Demo,84.14,64.35
A455,29,81.5,8,13.6,61.8,9.94,270,105.1,81,8.7,6,113,Synthetic/Demo,79.72,64.05
A456,30,82.9,8,13.0,64.8,9.79,266,108.1,80,8.8,6,112,Synthetic/Demo,80.51,64.85
A457,19,50.1,1,4.7,32.9,7.1,181,62.1,53,5.8,3,68,Synthetic/Demo,21.46,33.01
A458,18,53.8,1,4.4,31.8,7.05,182,61.0,55,5.6,3,69,Synthetic/Demo,16.28,30.9
A459,19,52.8,1,5.2,30.6,7.09,189,59.9,53,5.8,3,70,Synthetic/Demo,18.01,31.09
A460,29,85.1,8,13.4,64.9,9.93,265,106.7,79,8.7,6,112,Synthetic/Demo,80.4,65.57
A461,29,81.9,8,13.1,64.5,9.73,263,104.1,79,8.7,6,116,Synthetic/Demo,87.34,64.08
A462,18,52.2,1,4.3,31.0,7.19,184,61.8,53,5.8,3,71,Synthetic/Demo,19.89,31.62
A463,19,51.8,1,4.4,30.7,7.27,185,59.7,54,5.8,3,72,Synthetic/Demo,17.21,30.62
A464,30,83.1,8,13.6,60.9,9.64,269,103.4,80,9.0,6,117,Synthetic/Demo,79.85,62.18
A465,29,84.9,8,12.6,64.7,9.96,270,107.4,81,9.0,6,116,Synthetic/Demo,81.96,64.15
A466,29,85.2,8,13.5,62.6,9.88,270,105.0,79,8.6,6,111,Synthetic/Demo,80.76,64.05
A467,30,82.6,8,13.3,62.3,9.73,264,104.3,81,8.8,6,116,Synthetic/Demo,82.25,62.74
A468,19,51.6,1,4.4,33.8,7.22,184,62.9,56,5.5,3,69,Synthetic/Demo,23.83,31.82
A469,30,83.8,8,13.1,62.0,9.9,274,105.6,81,8.7,6,114,Synthetic/Demo,78.42,62.47
A470,29,82.7,8,13.6,64.2,9.97,269,106.3,81,8.7,6,113,Synthetic/Demo,81.64,65.1
A471,19,52.8,1,4.4,34.0,7.08,183,64.0,54,5.5,3,69,Synthetic/Demo,20.78,32.06
A472,18,51.6,1,4.4,33.0,7.07,186,62.0,53,5.6,3,70,Synthetic/Demo,13.31,31.91
A473,19,53.4,1,4.4,33.7,7.12,188,62.9,54,5.7,3,71,Synthetic/Demo,16.41,31.49
A474,19,50.5,1,4.8,31.5,7.16,182,62.5,54,5.7,3,72,Synthetic/Demo,25.1,31.8
A475,18,50.5,1,4.7,34.5,7.22,179,63.9,55,5.8,3,71,Synthetic/Demo,28.69,33.89
A476,29,85.0,8,13.2,64.7,9.74,265,105.7,80,8.8,6,116,Synthetic/Demo,81.38,64.01
A477,19,50.4,1,4.9,34.3,7.02,182,62.9,55,5.8,3,72,Synthetic/Demo,24.1,32.57
A478,29,84.0,8,13.6,64.0,9.91,263,105.8,80,9.0,6,114,Synthetic/Demo,84.82,65.53
A479,19,50.6,1,4.3,32.6,7.04,182,60.2,55,5.6,3,71,Synthetic/Demo,28.53,30.63
A480,30,81.2,8,13.3,61.4,9.7,267,103.1,81,8.6,6,115,Synthetic/Demo,82.17,61.92
A481,29,81.3,8,12.8,63.6,9.74,265,104.2,81,8.8,6,116,Synthetic/Demo,79.81,63.22
A482,29,82.6,8,13.6,61.8,9.85,267,104.3,80,8.9,6,111,Synthetic/Demo,78.55,64.52
A483,19,53.5,1,4.5,32.5,7.03,187,60.2,55,5.7,3,69,Synthetic/Demo,14.46,30.52
A484,19,50.7,1,4.1,34.1,7.28,180,63.5,55,5.8,3,69,Synthetic/Demo,23.2,32.99
A485,29,83.8,8,13.4,60.9,9.89,266,105.8,80,8.7,6,114,Synthetic/Demo,78.54,63.53
A486,19,51.9,1,4.2,34.1,7.22,179,64.8,56,5.7,3,73,Synthetic/Demo,18.28,32.14
A487,19,51.0,1,5.1,33.4,7.1,178,63.7,56,5.8,3,68,Synthetic/Demo,21.41,33.37
A488,29,83.1,8,13.1,61.7,9.66,274,101.5,82,8.6,6,116,Synthetic/Demo,73.85,60.75
A489,18,50.8,1,4.2,30.6,6.94,181,61.3,56,5.8,3,69,Synthetic/Demo,23.21,30.68
A490,29,82.8,8,13.7,61.1,9.96,265,105.5,82,8.9,6,116,Synthetic/Demo,84.49,63.88
A491,19,50.2,1,4.9,34.2,7.24,188,64.4,56,5.8,3,73,Synthetic/Demo,23.05,32.73
A492,19,54.1,1,5.0,30.8,7.1,182,62.6,54,5.7,3,73,Synthetic/Demo,25.07,30.98
A493,30,83.9,8,13.7,64.5,9.89,274,108.1,79,8.9,6,113,Synthetic/Demo,84.06,65.33
A494,29,82.4,8,13.6,61.0,9.9,272,104.3,80,8.9,6,116,Synthetic/Demo,77.82,63.37
A495,18,53.9,1,4.5,31.3,7.05,187,59.6,56,5.8,3,71,Synthetic/Demo,22.99,30.07
A496,29,82.4,8,12.7,62.4,9.93,272,105.4,80,8.6,6,115,Synthetic/Demo,81.32,62.86
A497,19,52.1,1,4.9,30.6,7.25,178,58.0,55,5.8,3,72,Synthetic/Demo,17.07,30.88
A498,19,51.5,1,5.1,32.4,7.05,178,61.3,55,5.7,3,69,Synthetic/Demo,21.1,32.22
A499,29,84.2,8,12.6,61.8,9.93,271,105.4,80,8.6,6,112,Synthetic/Demo,76.78,62.79
A500,29,82.6,8,12.7,61.9,9.85,264,103.1,79,8.6,6,115,Synthetic/Demo,75.08,62.68
A501,30,84.7,8,13.4,61.4,10.0,274,106.2,80,8.8,6,114,Synthetic/Demo,83.87,63.2
A502,19,52.7,1,4.3,30.8,6.96,187,58.8,56,5.7,3,69,Synthetic/Demo,22.77,29.16
A503,18,51.8,1,5.3,32.2,6.94,180,60.7,54,5.6,3,73,Synthetic/Demo,16.54,31.66
A504,30,85.3,8,12.8,62.0,9.7,265,103.8,80,8.7,6,111,Synthetic/Demo,80.8,62.25
A505,19,50.9,1,4.6,31.7,6.94,188,61.3,55,5.7,3,71,Synthetic/Demo,16.72,30.36
A506,18,51.5,1,4.3,32.3,7.06,189,60.4,54,5.6,3,70,Synthetic/Demo,17.22,30.83
A507,29,84.5,8,13.5,61.3,9.68,264,104.1,82,8.7,6,117,Synthetic/Demo,77.81,62.06
A508,19,52.6,1,4.8,34.4,7.05,187,63.2,55,5.5,3,69,Synthetic/Demo,19.1,31.94
A509,19,51.6,1,4.7,30.3,7.09,182,60.7,54,5.5,3,74,Synthetic/Demo,18.96,29.95
A510,29,82.2,8,13.5,61.9,9.86,270,107.6,80,8.9,6,113,Synthetic/Demo,79.43,64.74
A511,19,51.2,1,4.2,32.9,7.07,188,60.5,55,5.6,3,69,Synthetic/Demo,19.82,30.6
A512,19,50.8,1,5.0,34.5,7.04,188,63.6,53,5.5,3,71,Synthetic/Demo,22.01,32.56
A513,29,83.4,8,13.6,61.1,9.82,274,103.4,79,8.9,6,115,Synthetic/Demo,79.02,63.1
A514,30,81.7,8,13.7,64.6,9.92,266,106.0,80,8.7,6,114,Synthetic/Demo,81.08,65.12
A515,29,82.2,8,13.6,61.3,9.78,270,104.1,81,9.0,6,114,Synthetic/Demo,78.57,63.53
A516,29,83.2,8,12.9,63.9,9.91,275,103.5,79,8.8,6,113,Synthetic/Demo,82.74,63.68
A517,29,82.2,8,13.1,62.0,9.8,267,104.5,82,8.8,6,114,Synthetic/Demo,81.47,63.02
A518,29,81.9,8,13.0,62.2,9.71,264,104.4,79,8.7,6,116,Synthetic/Demo,76.83,63.13
A519,18,51.0,1,4.5,33.0,7.18,179,61.8,55,5.6,3,69,Synthetic/Demo,21.77,32.5
A520,19,52.3,1,4.3,31.6,7.22,187,60.7,55,5.6,3,73,Synthetic/Demo,21.35,30.02
A521,29,84.3,8,12.9,64.1,9.8,274,106.1,82,8.8,6,113,Synthetic/Demo,75.68,63.29
A522,19,52.9,1,4.1,32.2,6.99,178,60.5,54,5.8,3,69,Synthetic/Demo,21.05,30.98
A523,19,53.2,1,4.5,31.6,7.23,187,60.2,55,5.5,3,73,Synthetic/Demo,17.23,29.85
A524,18,53.6,1,5.0,31.7,7.09,180,61.2,55,5.6,3,72,Synthetic/Demo,22.44,31.35
A525,19,51.5,1,5.2,30.3,7.08,179,62.2,55,5.7,3,69,Synthetic/Demo,18.61,31.8
A526,19,50.3,1,4.8,31.5,7.09,184,63.1,56,5.7,3,70,Synthetic/Demo,15.15,31.52
A527,19,52.7,1,4.4,32.3,6.97,185,60.9,56,5.5,3,71,Synthetic/Demo,13.75,29.73
A528,30,84.4,8,12.8,63.2,9.99,270,105.3,79,8.7,6,116,Synthetic/Demo,81.16,63.04
A529,29,84.8,8,13.4,64.4,10.0,267,106.5,80,9.0,6,115,Synthetic/Demo,84.73,65.34
A530,18,53.2,1,4.6,32.6,7.22,183,61.9,55,5.9,3,70,Synthetic/Demo,18.89,32.4
A531,18,53.4,1,4.3,33.6,6.92,189,60.3,53,5.6,3,73,Synthetic/Demo,20.61,30.4
A532,19,51.3,1,5.0,30.8,7.17,181,61.5,55,5.6,3,69,Synthetic/Demo,15.73,31.59
A533,18,52.2,1,4.3,33.7,6.94,181,61.4,56,5.7,3,70,Synthetic/Demo,19.85,31.36
A534,19,52.7,1,4.5,34.3,7.27,186,61.7,53,5.5,3,69,Synthetic/Demo,18.34,32.31
A535,19,53.5,1,4.2,31.8,7.09,186,60.8,55,5.6,3,69,Synthetic/Demo,16.78,30.13
A536,19,53.3,1,4.9,31.5,7.2,178,60.9,54,5.6,3,70,Synthetic/Demo,21.41,31.64
A537,19,54.2,1,4.4,33.0,7.14,180,59.0,55,5.6,3,73,Synthetic/Demo,17.37,30.21
A538,19,50.0,1,4.4,33.0,7.26,182,62.1,56,5.6,3,70,Synthetic/Demo,20.17,31.86
A539,29,83.6,8,13.5,63.8,9.78,270,105.1,79,8.9,6,116,Synthetic/Demo,84.88,64.25
A540,19,51.1,1,5.1,34.2,7.01,180,62.8,54,5.7,3,68,Synthetic/Demo,21.22,33.33
A541,30,81.8,8,13.1,63.8,9.76,271,105.8,81,8.9,6,115,Synthetic/Demo,83.53,63.44
A542,18,53.9,1,4.3,33.5,7.1,179,60.5,54,5.8,3,71,Synthetic/Demo,17.51,31.85
A543,18,54.3,1,5.0,31.8,6.98,185,62.8,54,5.7,3,69,Synthetic/Demo,22.19,31.83
A544,30,85.0,8,12.6,61.1,9.93,265,103.9,79,8.7,6,111,Synthetic/Demo,83.76,62.6
A545,19,50.2,1,4.6,30.8,7.04,187,61.4,54,5.8,3,70,Synthetic/Demo,11.61,31.01
A546,19,51.2,1,4.8,31.5,6.94,185,59.7,54,5.5,3,72,Synthetic/Demo,16.1,30.03
A547,19,53.6,1,4.8,34.5,6.97,186,64.8,54,5.8,3,70,Synthetic/Demo,24.15,32.59
A548,19,51.3,1,4.2,33.1,7.1,186,61.0,54,5.5,3,71,Synthetic/Demo,18.87,30.71
A549,19,50.2,1,5.1,33.7,7.24,185,63.2,54,5.7,3,74,Synthetic/Demo,24.18,32.8
A550,19,50.2,1,4.7,34.3,7.14,178,63.6,56,5.9,3,73,Synthetic/Demo,21.41,32.92
A551,19,51.8,1,5.3,30.6,6.99,188,60.9,56,5.6,3,72,Synthetic/Demo,19.39,30.1
A552,29,82.1,8,13.4,63.8,9.74,271,105.7,82,8.7,6,112,Synthetic/Demo,80.76,63.93
A553,29,84.6,8,13.0,63.5,9.91,269,105.4,80,9.0,6,112,Synthetic/Demo,85.36,64.49
A554,30,83.7,8,13.0,63.3,9.84,271,103.0,81,8.8,6,114,Synthetic/Demo,80.75,62.49
A555,19,50.4,1,4.3,33.0,7.28,186,62.8,55,5.8,3,73,Synthetic/Demo,22.27,31.77
A556,19,52.1,1,5.0,32.1,7.25,182,62.9,56,5.5,3,69,Synthetic/Demo,20.74,31.98
A557,30,83.0,8,12.7,61.6,9.91,274,102.3,82,9.0,6,113,Synthetic/Demo,77.02,61.83
A558,19,51.2,1,5.1,32.5,7.26,188,61.4,55,5.7,3,70,Synthetic/Demo,20.4,32.1
A559,19,51.3,1,4.5,33.8,6.97,186,62.2,54,5.5,3,71,Synthetic/Demo,21.36,31.17
A560,29,84.9,8,13.8,63.7,9.78,268,106.4,80,8.7,6,111,Synthetic/Demo,81.57,64.9
A561,19,50.0,1,5.1,33.0,6.99,187,63.4,53,5.7,3,68,Synthetic/Demo,22.54,32.92
A562,29,83.3,8,13.1,62.3,9.72,271,105.1,79,8.8,6,112,Synthetic/Demo,86.12,63.55
A563,18,51.7,1,4.1,31.8,7.09,184,62.5,56,5.9,3,71,Synthetic/Demo,22.13,31.2
A564,18,51.3,1,4.9,31.1,7.1,181,60.7,55,5.8,3,73,Synthetic/Demo,19.23,31.43
A565,18,52.8,1,4.8,33.1,7.01,187,60.9,55,5.7,3,72,Synthetic/Demo,23.76,31.21
A566,18,53.6,1,4.2,30.6,7.2,184,58.8,54,5.6,3,71,Synthetic/Demo,16.91,30.04
A567,18,52.4,1,5.2,34.3,7.18,186,63.0,56,5.6,3,68,Synthetic/Demo,17.03,33.22
A568,29,85.2,8,13.2,63.1,9.86,268,106.2,79,8.8,6,117,Synthetic/Demo,78.6,63.72
A569,29,85.1,8,13.6,65.0,9.83,274,105.0,79,8.8,6,112,Synthetic/Demo,77.02,64.82
A570,19,52.0,1,5.2,31.4,7.11,186,60.3,54,5.8,3,69,Synthetic/Demo,19.59,31.74
A571,19,52.3,1,4.3,34.3,7.24,187,61.9,55,5.6,3,71,Synthetic/Demo,21.35,31.54
A572,30,85.3,8,12.7,61.4,9.67,268,103.0,80,8.7,6,112,Synthetic/Demo,82.85,61.37
A573,30,84.8,8,13.7,64.7,9.82,266,107.4,81,8.7,6,113,Synthetic/Demo,84.75,64.68
A574,30,82.8,8,13.6,64.6,9.73,267,106.1,81,8.8,6,114,Synthetic/Demo,82.03,64.29
A575,19,52.5,1,4.7,32.4,7.1,179,61.1,55,5.6,3,73,Synthetic/Demo,23.16,30.95
A576,29,84.9,8,12.8,60.9,9.82,264,104.0,81,8.8,6,116,Synthetic/Demo,72.36,62.01
A577,19,52.9,1,4.9,31.9,7.23,180,61.9,55,5.8,3,74,Synthetic/Demo,22.45,31.56
A578,19,51.0,1,4.5,31.4,7.2,189,58.1,56,5.7,3,69,Synthetic/Demo,20.83,30.16
A579,29,81.3,8,12.6,64.8,9.79,270,105.9,80,9.0,6,111,Synthetic/Demo,76.99,64.87
A580,18,54.1,1,4.6,30.7,6.93,187,60.6,53,5.5,3,72,Synthetic/Demo,21.17,29.79
A581,29,85.1,8,13.6,63.4,9.67,264,106.4,80,8.9,6,116,Synthetic/Demo,83.21,64.15
A582,29,82.6,8,13.4,62.0,9.87,267,103.8,81,8.7,6,114,Synthetic/Demo,79.34,63.35
A583,29,81.7,8,12.6,62.8,9.96,266,104.9,81,8.9,6,117,Synthetic/Demo,82.51,63.36
A584,19,54.2,1,5.0,32.7,7.19,187,63.7,56,5.9,3,72,Synthetic/Demo,29.01,31.85
A585,30,83.5,8,13.4,62.9,9.83,269,106.4,79,8.8,6,114,Synthetic/Demo,82.38,64.01
A586,30,82.4,8,13.5,64.4,9.85,264,105.8,82,8.8,6,113,Synthetic/Demo,83.89,64.55
A587,19,50.0,1,4.2,33.8,6.97,187,60.3,56,5.7,3,68,Synthetic/Demo,17.84,30.95
A588,29,85.2,8,13.7,61.1,9.65,271,102.5,81,9.0,6,117,Synthetic/Demo,76.45,61.98
A589,29,83.9,8,12.9,63.3,9.85,273,101.5,80,8.9,6,112,Synthetic/Demo,82.02,63.04
A590,19,51.6,1,4.7,30.5,7.01,185,60.2,56,5.7,3,68,Synthetic/Demo,15.94,30.31
A591,18,53.6,1,4.6,32.3,7.03,185,59.8,56,5.7,3,71,Synthetic/Demo,19.45,30.5
A592,30,83.4,8,13.4,62.2,9.92,270,106.0,80,8.9,6,116,Synthetic/Demo,80.14,63.55
A593,19,50.1,1,4.4,32.9,6.97,188,59.7,55,5.8,3,70,Synthetic/Demo,20.32,30.74
A594,29,83.1,8,13.5,62.7,9.79,275,104.8,81,8.7,6,116,Synthetic/Demo,81.18,62.84
A595,19,52.3,1,4.2,31.1,7.08,183,58.4,55,5.9,3,74,Synthetic/Demo,21.14,29.53
A596,19,51.5,1,4.6,31.4,7.11,189,61.6,56,5.8,3,71,Synthetic/Demo,17.83,30.57
A597,19,51.1,1,4.3,31.3,6.97,179,61.7,56,5.5,3,69,Synthetic/Demo,17.99,30.33
A598,30,82.4,8,12.9,62.7,9.89,265,105.6,80,8.7,6,117,Synthetic/Demo,77.94,63.01
A599,29,81.7,8,13.3,64.0,9.92,274,106.8,80,8.8,6,111,Synthetic/Demo,81.09,65.19
A600,19,51.4,1,4.2,32.9,7.25,188,62.7,53,5.8,3,70,Synthetic/Demo,22.09,32.11
A601,29,84.2,8,13.2,62.8,9.74,274,105.5,81,8.9,6,113,Synthetic/Demo,82.47,63.26
A602,18,53.8,1,4.9,33.5,7.23,178,63.0,53,5.6,3,73,Synthetic/Demo,20.42,32.97
A603,19,52.3,1,5.2,32.6,7.04,186,59.9,54,5.6,3,72,Synthetic/Demo,23.08,31.07
A604,19,53.3,1,4.9,31.2,7.1,185,61.3,55,5.6,3,70,Synthetic/Demo,23.98,30.72
A605,29,85.1,8,13.1,64.4,9.92,266,105.8,82,8.7,6,114,Synthetic/Demo,83.6,63.91
A606,19,52.9,1,4.8,32.8,7.05,189,62.4,56,5.6,3,72,Synthetic/Demo,25.81,30.59
A607,19,51.1,1,4.7,33.9,7.14,184,63.8,56,5.8,3,69,Synthetic/Demo,20.16,32.72
A608,29,84.4,8,13.5,63.9,9.96,270,106.8,79,8.9,6,116,Synthetic/Demo,79.58,64.99
A609,19,51.9,1,4.5,32.1,7.23,182,59.4,55,5.7,3,71,Synthetic/Demo,14.85,30.98
A610,18,50.2,1,4.9,33.0,7.12,189,60.7,55,5.6,3,74,Synthetic/Demo,24.79,31.31
A611,18,51.1,1,5.2,31.6,6.99,181,61.5,54,5.6,3,69,Synthetic/Demo,22.74,32.25
A612,18,53.3,1,5.0,33.0,7.28,187,63.7,54,5.8,3,69,Synthetic/Demo,22.83,33.4
A613,29,82.3,8,13.6,63.8,9.67,270,104.7,80,9.0,6,114,Synthetic/Demo,82.39,64.42
A614,29,83.6,8,12.8,64.6,9.73,273,104.5,81,8.8,6,112,Synthetic/Demo,76.85,63.36
A615,19,53.0,1,5.3,31.6,7.27,185,63.4,55,5.8,3,68,Synthetic/Demo,30.07,32.82
A616,30,82.7,8,13.3,61.1,9.97,266,104.3,81,8.7,6,116,Synthetic/Demo,80.89,62.64
A617,19,52.7,1,5.1,34.1,6.94,182,64.2,56,5.5,3,68,Synthetic/Demo,22.64,32.3
A618,18,51.0,1,4.1,30.9,6.92,180,59.6,53,5.7,3,73,Synthetic/Demo,19.73,30.19
A619,30,84.2,8,13.2,62.8,9.81,269,104.4,80,9.0,6,112,Synthetic/Demo,82.45,63.63
A620,30,82.7,8,13.5,63.3,9.69,264,104.0,79,8.8,6,113,Synthetic/Demo,82.09,63.96
A621,18,50.2,1,5.0,31.3,7.17,183,60.6,56,5.9,3,73,Synthetic/Demo,18.31,31.76
A622,18,52.6,1,4.2,32.0,7.18,184,60.4,54,5.7,3,69,Synthetic/Demo,21.03,31.4
A623,18,51.0,1,4.1,32.0,7.14,182,62.9,53,5.6,3,69,Synthetic/Demo,25.78,32.09
A624,18,53.9,1,4.3,31.2,7.02,183,62.7,53,5.8,3,71,Synthetic/Demo,23.49,31.26
A625,19,52.0,1,4.5,32.0,6.97,185,60.4,54,5.6,3,74,Synthetic/Demo,23.42,29.89
A626,29,84.8,8,12.6,62.7,9.82,269,105.3,79,8.7,6,114,Synthetic/Demo,78.19,62.92
A627,29,84.6,8,13.7,64.1,9.82,269,106.8,81,8.8,6,114,Synthetic/Demo,80.04,64.64
A628,29,82.0,8,12.6,61.6,9.93,264,103.3,80,8.6,6,112,Synthetic/Demo,79.0,63.03
A629,19,51.3,1,4.4,31.5,6.97,181,59.5,55,5.6,3,70,Synthetic/Demo,18.58,30.13
A630,29,81.3,8,12.8,62.1,9.95,274,104.5,79,8.8,6,117,Synthetic/Demo,82.87,63.02
A631,29,85.1,8,13.4,61.4,9.66,267,102.3,79,8.8,6,112,Synthetic/Demo,74.09,62.8
A632,30,82.5,8,13.2,63.6,9.97,270,108.1,81,8.9,6,116,Synthetic/Demo,87.44,64.31
A633,19,51.5,1,4.7,32.6,7.05,185,61.9,55,5.7,3,71,Synthetic/Demo,19.95,31.28
A634,29,82.4,8,13.7,61.8,9.83,274,105.7,79,9.0,6,112,Synthetic/Demo,80.1,64.69
A635,19,50.2,1,5.2,33.5,7.18,183,63.3,54,5.8,3,72,Synthetic/Demo,20.28,33.28
A636,18,53.1,1,4.7,33.6,7.24,186,64.3,56,5.7,3,71,Synthetic/Demo,17.52,32.53
A637,30,84.8,8,13.5,64.6,9.74,268,107.3,81,8.7,6,115,Synthetic/Demo,85.08,63.8
A638,18,51.2,1,4.6,30.6,7.13,184,60.9,56,5.6,3,68,Synthetic/Demo,19.36,31.06
A639,19,51.3,1,4.3,32.6,7.17,185,59.8,54,5.6,3,68,Synthetic/Demo,15.86,31.24
A640,19,54.1,1,4.9,32.3,7.09,187,60.6,56,5.8,3,73,Synthetic/Demo,16.27,30.4
A641,29,82.9,8,13.5,63.8,9.64,264,106.0,79,8.6,6,115,Synthetic/Demo,80.69,64.18
A642,29,82.4,8,13.1,62.4,9.95,275,105.7,82,8.9,6,116,Synthetic/Demo,85.52,63.16
A643,19,53.5,1,4.4,31.6,7.04,189,61.1,56,5.6,3,72,Synthetic/Demo,17.51,29.38
A644,29,83.3,8,13.6,60.9,9.99,270,105.3,79,8.9,6,116,Synthetic/Demo,76.86,63.98
A645,30,81.8,8,12.7,63.0,9.94,270,105.7,79,8.8,6,116,Synthetic/Demo,79.99,63.36
A646,29,83.3,8,13.4,62.2,9.84,268,105.1,80,8.7,6,115,Synthetic/Demo,80.07,63.51
A647,29,82.2,8,12.9,61.8,9.72,268,104.0,79,8.9,6,115,Synthetic/Demo,71.1,63.03
A648,19,53.6,1,4.7,34.3,7.26,185,65.0,55,5.9,3,73,Synthetic/Demo,23.42,32.81
A649,30,84.2,8,13.4,63.6,9.88,265,105.9,79,8.8,6,116,Synthetic/Demo,81.97,64.14
A650,19,52.9,1,4.9,31.2,6.92,179,62.4,56,5.9,3,71,Synthetic/Demo,22.37,31.08
A651,29,82.6,8,13.5,64.8,9.9,268,104.5,81,8.6,6,111,Synthetic/Demo,88.28,64.84
A652,29,82.8,8,12.8,62.3,9.94,266,104.2,81,8.7,6,111,Synthetic/Demo,83.77,63.56
A653,30,83.1,8,12.7,64.7,10.0,267,105.4,80,8.7,6,117,Synthetic/Demo,81.18,63.52
A654,29,83.9,8,12.7,63.3,9.82,270,105.3,79,9.0,6,112,Synthetic/Demo,77.38,64.1
A655,19,50.1,1,5.3,33.7,6.93,178,62.2,56,5.7,3,71,Synthetic/Demo,30.05,32.45
A656,19,52.9,1,5.0,33.1,7.05,186,61.7,53,5.6,3,73,Synthetic/Demo,21.21,31.42
A657,29,84.8,8,13.0,64.3,9.94,270,104.7,79,8.6,6,114,Synthetic/Demo,81.62,63.84
A658,19,53.0,1,4.2,33.9,7.06,186,62.5,55,5.9,3,71,Synthetic/Demo,20.63,31.43
A659,30,81.1,8,13.4,60.8,9.76,273,103.7,81,8.8,6,112,Synthetic/Demo,79.52,62.51
A660,29,83.3,8,12.6,62.1,9.73,274,103.9,79,8.9,6,117,Synthetic/Demo,77.69,62.01
A661,19,53.3,1,4.6,31.2,7.1,183,60.4,56,5.8,3,70,Synthetic/Demo,17.77,30.49
A662,18,50.3,1,4.4,34.1,7.18,187,62.9,56,5.9,3,73,Synthetic/Demo,19.96,32.35
A663,18,53.6,1,5.2,31.4,7.24,186,61.4,56,5.9,3,70,Synthetic/Demo,21.43,32.11
A664,19,51.1,1,4.9,32.2,7.2,189,62.2,56,5.6,3,70,Synthetic/Demo,19.14,31.37
A665,19,53.0,1,4.8,34.2,7.17,188,64.6,54,5.5,3,68,Synthetic/Demo,20.47,32.7
A666,19,54.0,1,5.3,30.8,7.17,184,61.6,54,5.6,3,73,Synthetic/Demo,21.18,30.98
A667,29,83.0,8,13.6,63.0,9.75,270,104.7,81,8.9,6,111,Synthetic/Demo,80.61,64.3
A668,30,82.4,8,12.6,63.7,9.65,265,104.1,81,8.9,6,112,Synthetic/Demo,84.28,62.97
A669,18,52.0,1,4.2,30.4,6.99,178,60.0,55,5.9,3,74,Synthetic/Demo,10.21,30.15
A670,30,81.1,8,13.7,63.0,9.82,266,106.4,81,9.0,6,115,Synthetic/Demo,86.04,64.64
A671,29,82.9,8,12.9,64.8,9.9,272,105.6,82,8.9,6,115,Synthetic/Demo,85.43,63.89
A672,19,53.2,1,5.3,33.6,6.96,187,62.4,56,5.6,3,73,Synthetic/Demo,15.08,31.09
A673,19,53.9,1,4.4,31.9,7.13,182,62.1,55,5.8,3,71,Synthetic/Demo,19.32,30.99
A674,19,53.7,1,4.4,33.7,6.98,187,61.4,54,5.9,3,68,Synthetic/Demo,19.25,31.61
A675,19,52.2,1,4.5,33.5,7.25,187,62.7,54,5.7,3,72,Synthetic/Demo,17.42,31.91
A676,29,81.7,8,13.7,64.7,9.88,272,106.5,81,8.9,6,113,Synthetic/Demo,81.12,65.48
A677,18,53.4,1,4.5,34.2,7.11,180,62.7,56,5.8,3,70,Synthetic/Demo,18.85,32.51
A678,19,52.1,1,4.8,30.7,7.08,184,61.1,54,5.6,3,73,Synthetic/Demo,24.56,30.37
A679,29,81.1,8,13.5,65.0,9.71,270,106.4,81,9.0,6,113,Synthetic/Demo,85.57,65.3
A680,19,51.9,1,5.2,33.1,7.21,181,63.0,54,5.7,3,74,Synthetic/Demo,26.91,32.58
A681,19,53.6,1,4.2,31.6,7.05,188,61.0,56,5.9,3,73,Synthetic/Demo,20.58,29.6
A682,18,52.6,1,4.4,32.6,7.0,187,60.8,56,5.9,3,74,Synthetic/Demo,15.75,30.46
A683,19,53.1,1,4.4,33.0,7.28,179,62.3,55,5.8,3,69,Synthetic/Demo,20.64,32.39
A684,19,50.8,1,4.5,33.4,7.16,181,63.1,56,5.8,3,70,Synthetic/Demo,23.42,32.34
A685,29,83.9,8,12.6,62.3,9.68,271,103.7,81,8.9,6,111,Synthetic/Demo,74.71,62.45
A686,29,81.6,8,13.4,64.7,9.88,275,106.4,80,8.8,6,116,Synthetic/Demo,84.5,64.58
A687,30,83.9,8,12.8,63.1,9.85,266,104.8,79,8.8,6,116,Synthetic/Demo,79.96,63.03
A688,19,50.1,1,4.6,31.5,7.06,185,60.8,54,5.6,3,73,Synthetic/Demo,18.01,30.54
A689,30,83.3,8,13.6,61.1,9.86,275,103.8,82,8.8,6,111,Synthetic/Demo,81.88,62.6
A690,29,81.9,8,12.9,62.8,9.84,264,104.0,79,8.6,6,113,Synthetic/Demo,81.8,63.74
A691,19,54.2,1,5.0,32.1,7.19,180,65.3,54,5.7,3,72,Synthetic/Demo,21.84,32.47
A692,30,83.2,8,13.2,61.1,9.76,268,104.2,80,8.7,6,116,Synthetic/Demo,82.62,61.99
A693,29,83.3,8,13.7,63.6,9.7,272,105.1,79,8.8,6,111,Synthetic/Demo,78.38,64.64
A694,19,51.6,1,4.8,31.2,7.14,185,61.7,55,5.8,3,71,Synthetic/Demo,22.12,31.25
A695,19,50.1,1,5.1,30.5,7.12,183,59.5,54,5.5,3,73,Synthetic/Demo,21.18,30.55
A696,19,50.8,1,4.5,33.3,7.24,188,61.8,56,5.8,3,69,Synthetic/Demo,20.29,31.95
A697,19,53.2,1,4.3,33.9,7.21,187,63.7,54,5.7,3,71,Synthetic/Demo,22.65,31.95
A698,19,54.0,1,5.1,33.2,7.25,188,65.2,54,5.7,3,73,Synthetic/Demo,19.4,32.48
A699,18,50.4,1,4.6,33.0,7.08,181,61.5,53,5.7,3,68,Synthetic/Demo,24.01,32.97
A700,30,84.1,8,13.1,62.2,9.81,274,104.5,81,8.8,6,116,Synthetic/Demo,78.85,61.92
A701,29,81.9,8,13.4,63.5,9.75,267,104.7,80,8.8,6,114,Synthetic/Demo,79.85,64.22
A702,29,84.4,8,13.2,61.3,9.79,274,104.5,81,8.8,6,114,Synthetic/Demo,82.19,62.32
A703,30,81.6,8,13.6,61.0,9.85,266,102.9,80,8.8,6,114,Synthetic/Demo,78.2,63.14
A704,29,83.0,8,13.4,64.7,9.9,271,106.7,82,8.9,6,115,Synthetic/Demo,78.75,64.65
A705,19,50.3,1,5.2,30.8,7.12,187,59.9,56,5.6,3,68,Synthetic/Demo,15.03,31.04
A706,29,82.2,8,13.3,62.0,9.73,265,104.1,80,9.0,6,115,Synthetic/Demo,82.31,63.7
A707,29,84.6,8,12.7,63.5,9.87,270,104.4,80,8.6,6,113,Synthetic/Demo,76.24,62.98
A708,29,83.8,8,13.3,63.3,9.85,264,105.6,79,8.7,6,116,Synthetic/Demo,87.28,64.16
A709,29,82.7,8,13.1,63.9,9.9,274,106.8,81,8.7,6,117,Synthetic/Demo,75.12,63.52
A710,19,53.8,1,4.5,32.8,6.96,186,61.8,55,5.5,3,71,Synthetic/Demo,24.41,30.16
A711,19,53.0,1,4.2,34.5,7.07,188,62.3,55,5.7,3,70,Synthetic/Demo,21.25,31.3
A712,19,53.7,1,4.6,32.9,7.24,189,62.4,54,5.9,3,70,Synthetic/Demo,21.21,32.01
A713,19,51.6,1,4.2,33.5,6.96,179,61.8,54,5.5,3,74,Synthetic/Demo,18.21,30.61
A714,29,84.0,8,13.7,63.7,9.7,272,106.3,81,9.0,6,117,Synthetic/Demo,83.05,63.9
A715,30,85.0,8,13.1,64.7,9.77,265,106.3,81,8.9,6,116,Synthetic/Demo,82.22,63.65
A716,19,50.1,1,4.9,30.3,7.03,188,61.6,56,5.6,3,73,Synthetic/Demo,21.88,29.93
A717,18,53.1,1,5.1,30.4,7.07,183,60.1,54,5.8,3,72,Synthetic/Demo,20.1,31.16
A718,29,84.9,8,13.5,64.6,9.78,273,105.9,82,9.0,6,113,Synthetic/Demo,82.77,64.3
A719,19,51.3,1,4.6,32.3,7.05,180,61.5,54,5.5,3,69,Synthetic/Demo,19.26,31.48
A720,19,52.6,1,4.1,32.7,7.21,180,61.4,56,5.7,3,70,Synthetic/Demo,20.32,31.1
A721,19,51.9,1,5.2,34.0,7.27,189,63.9,55,5.8,3,69,Synthetic/Demo,24.61,33.42
A722,19,54.2,1,4.2,33.5,7.26,189,62.5,55,5.6,3,72,Synthetic/Demo,15.51,30.8
A723,30,83.7,8,13.6,62.5,9.91,269,104.4,79,8.7,6,115,Synthetic/Demo,77.5,63.53
A724,19,52.6,1,4.2,33.4,7.04,181,59.5,55,5.7,3,71,Synthetic/Demo,21.86,30.61
A725,18,51.3,1,4.4,32.6,7.07,180,62.1,53,5.6,3,72,Synthetic/Demo,21.04,31.92
A726,19,54.3,1,4.3,33.6,7.03,187,60.9,54,5.6,3,72,Synthetic/Demo,19.03,30.33
A727,19,51.9,1,4.8,32.0,7.07,185,60.3,54,5.8,3,73,Synthetic/Demo,20.04,30.93
A728,30,82.2,8,13.6,64.8,9.92,270,106.7,82,8.9,6,112,Synthetic/Demo,84.8,65.13
A729,19,50.5,1,4.9,32.9,6.93,181,63.6,55,5.9,3,69,Synthetic/Demo,20.08,32.65
A730,29,82.7,8,13.8,64.4,9.92,268,108.5,79,8.7,6,114,Synthetic/Demo,82.17,66.03
A731,29,84.4,8,13.1,63.7,9.66,268,104.6,80,8.9,6,115,Synthetic/Demo,81.1,63.34
A732,30,83.1,8,13.7,64.9,9.72,264,105.4,79,8.6,6,112,Synthetic/Demo,80.15,64.83
A733,29,81.9,8,13.3,62.6,9.81,263,106.0,81,8.9,6,111,Synthetic/Demo,83.22,64.87
A734,29,81.5,8,13.2,64.6,9.64,266,107.4,82,8.9,6,113,Synthetic/Demo,77.01,64.69
A735,29,83.1,8,13.0,63.2,9.86,269,106.5,81,8.6,6,112,Synthetic/Demo,84.19,63.8
A736,29,84.4,8,13.6,62.8,9.87,274,105.3,80,8.8,6,112,Synthetic/Demo,82.92,64.12
A737,29,83.8,8,13.6,62.1,9.89,275,105.2,82,8.7,6,117,Synthetic/Demo,81.24,62.63
A738,19,53.6,1,4.1,33.3,7.17,183,62.3,56,5.6,3,73,Synthetic/Demo,23.27,30.46
A739,19,52.7,1,4.4,30.7,7.03,178,60.5,55,5.9,3,73,Synthetic/Demo,24.1,30.29
A740,18,52.1,1,4.6,31.7,6.98,179,60.4,53,5.6,3,68,Synthetic/Demo,22.75,31.75
A741,29,81.8,8,13.5,63.8,9.91,273,104.9,80,8.6,6,113,Synthetic/Demo,76.24,64.33
A742,29,83.3,8,13.8,64.3,9.86,270,107.6,79,8.9,6,114,Synthetic/Demo,80.12,65.79
A743,18,51.3,1,5.2,33.0,7.13,184,63.2,54,5.7,3,72,Synthetic/Demo,20.62,32.98
A744,18,53.4,1,4.8,32.5,7.01,188,62.0,54,5.6,3,70,Synthetic/Demo,20.14,31.41
A745,19,50.4,1,5.0,33.3,7.25,186,62.8,53,5.5,3,73,Synthetic/Demo,23.87,32.41
A746,19,53.5,1,4.4,32.6,7.04,180,61.0,53,5.6,3,70,Synthetic/Demo,17.97,31.17
A747,19,52.9,1,4.9,32.6,7.25,178,61.2,55,5.6,3,71,Synthetic/Demo,22.69,31.92
A748,19,50.4,1,4.9,32.4,7.01,189,59.8,54,5.6,3,71,Synthetic/Demo,17.1,30.82
A749,30,82.5,8,12.7,63.5,9.78,265,105.7,79,8.7,6,115,Synthetic/Demo,78.84,63.3
A750,18,52.5,1,4.7,32.2,6.96,184,63.1,54,5.7,3,70,Synthetic/Demo,16.12,31.84
A751,18,52.6,1,4.9,30.8,7.2,189,61.1,55,5.7,3,70,Synthetic/Demo,17.05,31.24
A752,18,51.3,1,4.3,33.8,6.98,182,61.9,56,5.5,3,70,Synthetic/Demo,16.01,31.33
A753,29,82.5,8,12.8,61.7,9.71,268,102.6,79,8.7,6,114,Synthetic/Demo,75.31,62.33
A754,19,53.3,1,5.1,33.5,7.08,186,61.7,56,5.5,3,70,Synthetic/Demo,24.52,31.32
A755,19,51.1,1,4.8,32.8,6.94,186,60.9,56,5.9,3,70,Synthetic/Demo,17.19,31.23
A756,29,82.9,8,13.5,61.5,9.93,267,106.2,80,8.8,6,117,Synthetic/Demo,89.46,63.84
A757,18,53.0,1,4.5,32.3,7.2,178,64.0,56,5.8,3,70,Synthetic/Demo,23.54,32.54
A758,19,50.3,1,4.7,31.3,6.94,188,59.1,54,5.6,3,72,Synthetic/Demo,18.39,29.84
A759,29,81.7,8,12.7,63.6,9.78,267,105.3,81,8.9,6,116,Synthetic/Demo,77.9,63.44
A760,30,81.3,8,12.7,63.4,9.82,264,106.1,81,8.9,6,113,Synthetic/Demo,83.35,63.9
A761,19,52.9,1,5.1,30.9,7.02,185,60.7,54,5.8,3,71,Synthetic/Demo,18.12,30.96
A762,30,84.9,8,13.4,61.3,9.76,264,104.3,82,9.0,6,114,Synthetic/Demo,80.8,62.68
A763,30,83.0,8,12.9,61.7,9.77,272,102.6,80,8.9,6,112,Synthetic/Demo,86.28,62.28
A764,18,51.4,1,5.1,32.2,7.09,187,63.2,54,5.8,3,73,Synthetic/Demo,21.13,32.33
A765,19,53.5,1,4.9,32.8,7.1,187,62.9,54,5.8,3,74,Synthetic/Demo,24.77,31.43
A766,19,50.6,1,5.1,33.8,6.94,187,61.1,55,5.9,3,73,Synthetic/Demo,18.97,31.72
A767,30,84.7,8,13.2,61.6,9.93,272,104.0,79,8.8,6,117,Synthetic/Demo,79.87,62.33
A768,30,82.7,8,13.0,61.7,9.79,265,103.4,81,8.9,6,115,Synthetic/Demo,84.92,62.44
A769,29,82.6,8,13.6,63.8,9.99,275,107.7,79,8.7,6,115,Synthetic/Demo,81.22,65.07
A770,30,83.3,8,13.7,64.6,9.69,273,106.2,81,8.9,6,116,Synthetic/Demo,87.56,63.76
A771,19,51.4,1,5.1,30.5,6.91,183,60.2,54,5.7,3,68,Synthetic/Demo,21.26,31.03
A772,19,53.9,1,4.5,30.9,6.98,181,61.2,55,5.5,3,71,Synthetic/Demo,16.91,29.72
A773,19,50.4,1,5.3,33.0,7.09,178,61.5,55,5.7,3,72,Synthetic/Demo,24.4,32.5
A774,30,84.0,8,13.8,64.3,9.99,275,105.2,81,8.7,6,114,Synthetic/Demo,85.81,64.05
A775,29,83.5,8,13.0,62.6,9.87,269,106.1,81,8.9,6,113,Synthetic/Demo,82.91,63.85
A776,30,84.0,8,12.8,60.8,9.63,265,102.2,80,8.7,6,111,Synthetic/Demo,72.85,61.51
A777,30,84.6,8,13.2,63.7,9.84,267,104.9,79,8.8,6,115,Synthetic/Demo,79.52,63.62
A778,30,81.1,8,13.1,64.2,9.92,268,105.6,81,8.9,6,114,Synthetic/Demo,81.6,64.38
A779,30,82.4,8,13.6,64.6,9.65,267,108.0,79,8.9,6,113,Synthetic/Demo,83.01,65.26
A780,30,85.1,8,13.7,63.2,9.84,264,107.1,79,8.9,6,113,Synthetic/Demo,85.39,64.99
A781,29,85.1,8,12.7,61.3,9.77,264,101.7,79,8.6,6,113,Synthetic/Demo,78.69,61.91
A782,30,81.0,8,13.6,62.4,9.85,263,105.6,79,8.9,6,114,Synthetic/Demo,78.51,64.83
A783,29,81.9,8,13.7,64.1,9.72,271,105.2,79,8.7,6,115,Synthetic/Demo,82.95,64.41
A784,19,51.1,1,5.2,34.2,7.02,185,64.7,53,5.9,3,69,Synthetic/Demo,25.39,33.95
A785,29,83.1,8,13.5,63.7,9.88,264,105.1,80,9.0,6,112,Synthetic/Demo,84.85,65.46
A786,19,52.2,1,4.9,33.1,6.96,181,62.6,55,5.7,3,68,Synthetic/Demo,24.67,32.15
A787,29,81.7,8,12.6,61.1,9.97,267,103.1,81,8.7,6,114,Synthetic/Demo,81.36,62.45
A788,29,84.8,8,13.7,63.7,9.97,269,106.5,80,8.7,6,116,Synthetic/Demo,84.62,64.55
A789,29,82.0,8,13.0,62.0,9.65,268,103.7,82,8.9,6,115,Synthetic/Demo,78.59,62.36
A790,30,81.8,8,12.6,62.4,9.74,273,104.4,82,8.7,6,114,Synthetic/Demo,73.23,61.57
A791,19,52.0,1,5.3,34.0,7.18,188,62.9,55,5.6,3,69,Synthetic/Demo,24.24,32.78
A792,29,85.0,8,13.5,61.3,9.65,266,102.6,80,8.7,6,117,Synthetic/Demo,79.58,61.89
A793,30,84.0,8,13.1,64.3,9.82,265,106.3,79,8.8,6,117,Synthetic/Demo,83.13,63.89
A794,19,52.4,1,4.7,33.3,7.23,188,61.6,56,5.7,3,70,Synthetic/Demo,17.45,31.55
A795,29,82.6,8,13.2,63.9,9.88,269,106.1,80,8.6,6,116,Synthetic/Demo,78.51,63.93
A796,29,84.9,8,13.0,62.0,9.63,267,103.3,81,9.0,6,113,Synthetic/Demo,82.18,62.54
A797,30,84.4,8,12.8,61.9,9.64,264,102.4,81,8.7,6,115,Synthetic/Demo,78.03,61.18
A798,18,54.0,1,5.1,33.0,7.04,183,61.4,55,5.6,3,72,Synthetic/Demo,23.25,31.57
A799,18,52.9,1,4.3,31.6,6.92,180,61.0,55,5.5,3,69,Synthetic/Demo,18.6,30.47
A800,19,51.1,1,4.9,33.7,7.18,181,63.1,54,5.6,3,74,Synthetic/Demo,22.74,32.36
A801,30,83.6,8,12.7,60.8,9.78,269,101.8,79,8.8,6,115,Synthetic/Demo,80.42,61.33
A802,30,84.9,8,13.7,64.9,9.65,270,106.1,80,8.9,6,113,Synthetic/Demo,81.08,64.33
A803,18,51.7,1,4.6,32.1,7.23,187,61.0,53,5.8,3,70,Synthetic/Demo,20.99,32.28
A804,29,83.4,8,13.4,62.5,9.81,271,104.8,82,9.0,6,113,Synthetic/Demo,79.5,63.66
A805,18,50.7,1,5.3,34.1,7.19,184,64.4,53,5.6,3,68,Synthetic/Demo,22.84,34.56
A806,29,83.8,8,12.9,64.6,9.91,264,105.9,82,8.6,6,117,Synthetic/Demo,81.07,63.48
A807,19,52.3,1,5.2,33.6,6.96,185,62.3,54,5.8,3,73,Synthetic/Demo,22.42,31.97
A808,30,81.8,8,13.4,62.2,9.68,270,103.0,81,8.7,6,112,Synthetic/Demo,77.9,62.56
A809,19,51.8,1,5.3,33.0,7.11,188,62.8,56,5.5,3,71,Synthetic/Demo,25.41,31.6
A810,19,54.2,1,4.1,34.4,7.22,189,61.6,56,5.7,3,72,Synthetic/Demo,17.91,30.68
A811,19,53.4,1,4.7,32.5,7.1,183,61.3,55,5.5,3,74,Synthetic/Demo,19.63,30.33
A812,19,52.5,1,4.4,30.9,7.22,182,60.9,55,5.8,3,72,Synthetic/Demo,18.45,30.69
A813,19,50.5,1,5.1,31.0,7.11,184,61.8,54,5.7,3,70,Synthetic/Demo,25.03,31.83
A814,19,51.8,1,4.4,33.4,7.08,189,63.3,53,5.7,3,72,Synthetic/Demo,21.22,31.6
A815,30,82.7,8,13.5,64.8,9.82,268,105.7,82,8.6,6,112,Synthetic/Demo,85.66,64.1
A816,19,50.3,1,4.6,33.1,6.97,187,61.0,54,5.8,3,69,Synthetic/Demo,15.55,31.67
A817,30,81.8,8,13.1,61.5,9.92,265,102.4,79,8.8,6,111,Synthetic/Demo,81.03,63.54
A818,19,53.8,1,4.4,34.4,7.11,188,62.7,56,5.5,3,71,Synthetic/Demo,23.48,30.85
A819,18,52.9,1,4.9,31.0,7.27,184,60.5,53,5.7,3,74,Synthetic/Demo,20.83,31.48
A820,30,82.4,8,13.0,63.2,9.73,264,105.6,79,8.8,6,116,Synthetic/Demo,84.17,63.46
A821,19,52.5,1,4.4,33.1,7.07,186,61.9,55,5.5,3,71,Synthetic/Demo,18.33,30.65
A822,18,54.1,1,4.3,33.7,6.97,188,60.4,54,5.8,3,69,Synthetic/Demo,23.76,31.26
A823,30,83.3,8,12.7,61.2,9.79,268,103.0,79,8.7,6,114,Synthetic/Demo,85.16,61.81
A824,30,84.0,8,13.5,61.8,9.99,265,105.2,82,8.8,6,117,Synthetic/Demo,80.68,63.03
A825,30,82.5,8,13.3,63.0,9.71,264,106.1,80,8.9,6,115,Synthetic/Demo,80.22,63.84
A826,29,84.2,8,13.6,64.9,9.93,273,107.4,79,8.8,6,111,Synthetic/Demo,88.3,65.87
A827,19,50.6,1,4.2,32.8,7.17,185,60.8,54,5.7,3,70,Synthetic/Demo,24.75,31.39
A828,19,51.5,1,4.9,33.1,6.92,185,63.6,54,5.7,3,68,Synthetic/Demo,19.64,32.31
A829,19,54.2,1,4.8,32.4,7.06,184,60.6,56,5.6,3,72,Synthetic/Demo,18.7,30.23
A830,29,82.3,8,12.9,64.2,9.98,265,107.7,80,8.7,6,116,Synthetic/Demo,82.06,64.77
A831,30,83.7,8,13.1,62.5,9.71,269,104.0,82,8.7,6,116,Synthetic/Demo,75.2,61.65
A832,19,52.0,1,4.3,30.3,7.01,181,58.4,54,5.6,3,73,Synthetic/Demo,14.55,29.17
A833,19,53.0,1,4.3,31.4,7.21,182,60.2,56,5.9,3,72,Synthetic/Demo,16.67,30.48
A834,19,54.3,1,4.5,34.3,7.02,185,63.0,54,5.9,3,71,Synthetic/Demo,19.34,31.96
A835,30,81.3,8,13.4,61.9,9.81,271,105.6,80,8.6,6,114,Synthetic/Demo,80.21,63.09
A836,29,83.5,8,13.2,62.5,9.79,272,103.5,80,8.7,6,112,Synthetic/Demo,80.42,63.1
A837,18,53.8,1,4.8,30.6,6.96,178,60.0,55,5.8,3,72,Synthetic/Demo,23.85,30.62
A838,29,82.6,8,13.1,63.2,9.94,270,104.3,79,8.9,6,115,Synthetic/Demo,78.36,64.17
A839,30,83.8,8,13.6,63.0,9.91,269,105.1,80,8.9,6,112,Synthetic/Demo,85.37,64.4
A840,19,54.1,1,4.8,30.7,6.92,188,59.3,56,5.6,3,70,Synthetic/Demo,16.91,29.06
A841,19,52.1,1,4.5,32.6,7.17,178,61.5,54,5.6,3,69,Synthetic/Demo,21.13,31.97
A842,29,84.4,8,13.3,62.2,9.96,269,105.2,79,8.8,6,113,Synthetic/Demo,83.57,64.19
A843,29,84.7,8,13.2,63.9,9.72,269,104.4,79,8.8,6,115,Synthetic/Demo,77.52,63.56
A844,19,50.0,1,4.8,30.3,7.17,187,60.7,54,5.9,3,70,Synthetic/Demo,20.8,31.43
A845,19,54.0,1,5.0,31.5,7.01,189,62.7,54,5.8,3,74,Synthetic/Demo,20.51,30.62
A846,19,51.6,1,5.1,33.2,6.98,180,61.2,56,5.7,3,72,Synthetic/Demo,22.82,31.52
A847,30,81.1,8,13.0,63.5,9.64,273,104.9,81,8.7,6,115,Synthetic/Demo,80.18,62.37
A848,29,84.0,8,13.1,63.8,9.93,266,104.6,80,8.9,6,114,Synthetic/Demo,89.5,64.4
A849,18,51.6,1,4.8,31.0,7.22,188,61.0,53,5.5,3,71,Synthetic/Demo,17.85,31.37
A850,29,82.2,8,13.1,64.0,9.64,272,105.1,79,8.7,6,115,Synthetic/Demo,78.54,63.42
A851,19,53.4,1,4.4,31.1,7.08,189,60.3,55,5.8,3,73,Synthetic/Demo,16.39,29.57
A852,19,54.0,1,4.8,33.0,7.04,186,62.7,53,5.8,3,73,Synthetic/Demo,19.48,31.54
A853,29,85.3,8,13.3,60.9,9.89,264,103.1,81,8.7,6,113,Synthetic/Demo,78.08,62.72
A854,19,53.0,1,4.9,30.9,7.15,179,61.4,55,5.9,3,72,Synthetic/Demo,24.51,31.41
A855,18,52.2,1,4.4,31.7,7.21,184,60.3,56,5.7,3,69,Synthetic/Demo,24.0,31.2
A856,30,81.3,8,13.5,61.1,9.89,268,104.5,79,8.9,6,114,Synthetic/Demo,79.18,63.8
A857,30,84.9,8,13.7,63.5,9.97,264,107.6,80,8.7,6,111,Synthetic/Demo,81.73,65.3
A858,30,84.4,8,13.6,64.8,9.93,273,108.2,79,8.9,6,113,Synthetic/Demo,85.57,65.44
A859,19,51.4,1,5.2,32.3,7.09,189,62.9,54,5.6,3,73,Synthetic/Demo,19.42,31.52
A860,19,51.1,1,4.7,30.5,7.11,182,60.9,56,5.7,3,71,Synthetic/Demo,21.26,30.54
A861,18,52.5,1,4.7,31.7,7.21,183,62.0,54,5.7,3,69,Synthetic/Demo,21.69,32.3
A862,18,54.1,1,4.6,30.6,7.24,187,60.9,56,5.7,3,70,Synthetic/Demo,14.86,30.63
A863,18,50.9,1,4.1,30.8,6.97,188,60.4,56,5.8,3,68,Synthetic/Demo,21.94,30.23
A864,18,50.4,1,4.3,30.7,7.17,179,58.4,56,5.6,3,71,Synthetic/Demo,23.84,30.36
A865,30,84.4,8,13.3,64.1,9.8,264,105.8,81,8.6,6,116,Synthetic/Demo,80.17,63.26
A866,29,83.0,8,13.3,64.5,9.67,275,105.6,79,8.9,6,114,Synthetic/Demo,79.96,64.17
A867,29,81.9,8,13.2,62.8,9.73,268,103.4,82,8.6,6,117,Synthetic/Demo,80.28,62.2
A868,29,81.9,8,13.8,63.8,9.85,266,103.9,81,8.9,6,116,Synthetic/Demo,83.63,64.57
A869,29,81.7,8,13.6,63.9,9.69,272,104.7,80,8.9,6,116,Synthetic/Demo,83.23,64.01
A870,29,83.4,8,13.5,63.2,9.64,274,106.1,80,9.0,6,117,Synthetic/Demo,86.75,63.49
A871,19,52.4,1,5.0,32.1,7.08,189,64.1,55,5.8,3,72,Synthetic/Demo,20.62,31.6
A872,30,85.3,8,13.0,61.5,9.8,270,101.2,80,8.8,6,115,Synthetic/Demo,75.91,61.3
A873,19,51.5,1,4.3,34.4,6.94,183,62.7,55,5.7,3,69,Synthetic/Demo,16.65,31.78
A874,30,84.0,8,12.7,62.1,9.8,273,103.1,81,8.9,6,113,Synthetic/Demo,76.34,61.83
A875,19,50.4,1,5.1,33.6,7.15,182,62.9,54,5.7,3,69,Synthetic/Demo,22.94,33.34
A876,29,83.1,8,13.8,61.1,9.67,268,102.7,82,8.9,6,111,Synthetic/Demo,85.11,63.14
A877,18,52.0,1,4.8,32.4,7.0,180,61.8,53,5.8,3,73,Synthetic/Demo,19.39,32.12
A878,19,51.3,1,4.7,32.6,7.26,188,59.9,53,5.5,3,69,Synthetic/Demo,21.19,31.61
A879,18,52.6,1,5.2,33.0,7.02,186,63.4,53,5.7,3,69,Synthetic/Demo,22.01,33.06
A880,18,50.2,1,4.8,31.9,6.96,178,63.3,56,5.9,3,73,Synthetic/Demo,24.55,32.08
A881,30,84.2,8,13.7,62.3,9.78,270,104.4,79,8.8,6,112,Synthetic/Demo,88.75,63.69
A882,19,53.7,1,4.5,34.1,7.12,188,60.9,55,5.5,3,74,Synthetic/Demo,18.66,30.3
A883,19,52.4,1,5.3,32.7,7.19,189,61.3,54,5.7,3,74,Synthetic/Demo,20.13,31.58
A884,29,82.7,8,12.9,62.6,9.94,265,104.3,80,8.9,6,114,Synthetic/Demo,84.24,63.98
A885,19,53.6,1,4.1,33.2,7.14,179,60.6,53,5.7,3,71,Synthetic/Demo,22.57,31.32
A886,19,52.0,1,4.8,31.1,6.99,185,60.4,56,5.5,3,72,Synthetic/Demo,24.07,29.64
A887,29,82.8,8,13.4,62.9,9.69,275,104.9,80,8.8,6,115,Synthetic/Demo,81.7,63.13
A888,29,84.3,8,13.0,62.0,9.7,265,103.2,82,8.7,6,114,Synthetic/Demo,77.89,62.05
A889,30,83.0,8,13.3,62.0,9.98,272,104.7,79,8.7,6,114,Synthetic/Demo,82.64,63.35
A890,18,51.5,1,5.0,32.5,7.02,189,62.5,54,5.7,3,72,Synthetic/Demo,23.89,31.83
A891,19,52.1,1,4.7,33.5,7.09,189,61.9,54,5.9,3,71,Synthetic/Demo,23.58,31.91
A892,19,51.4,1,4.9,31.5,6.99,185,62.3,54,5.6,3,71,Synthetic/Demo,21.41,31.08
A893,30,81.9,8,13.8,64.3,9.84,268,107.4,79,8.6,6,117,Synthetic/Demo,86.63,64.66
A894,19,51.5,1,4.9,32.4,7.1,188,62.1,54,5.7,3,72,Synthetic/Demo,24.2,31.47
A895,29,83.1,8,13.7,64.3,9.98,273,106.8,79,8.7,6,116,Synthetic/Demo,87.57,65.04
A896,18,50.4,1,4.5,31.4,6.94,185,60.6,55,5.6,3,69,Synthetic/Demo,20.31,30.79
A897,29,85.0,8,13.0,60.9,9.98,266,105.0,81,8.9,6,111,Synthetic/Demo,80.13,63.58
A898,18,50.5,1,4.3,32.0,7.2,189,61.0,54,5.8,3,69,Synthetic/Demo,20.14,31.84
A899,29,81.5,8,13.8,61.4,9.78,271,105.1,80,8.7,6,113,Synthetic/Demo,84.26,63.85
A900,30,81.8,8,13.3,61.3,9.73,271,104.3,79,9.0,6,116,Synthetic/Demo,77.09,62.84
A901,29,85.1,8,12.8,62.7,9.91,274,102.7,82,8.7,6,114,Synthetic/Demo,80.08,61.85
A902,30,84.2,8,13.4,64.0,9.93,267,107.6,79,8.6,6,113,Synthetic/Demo,82.14,64.72
A903,29,84.2,8,12.7,64.8,9.76,268,105.1,80,8.9,6,112,Synthetic/Demo,81.32,64.13
A904,30,81.3,8,13.6,62.6,9.69,275,103.4,80,8.8,6,112,Synthetic/Demo,83.67,63.15
A905,29,84.8,8,12.7,63.7,9.81,264,105.8,81,8.8,6,114,Synthetic/Demo,81.67,63.52
A906,19,51.6,1,4.1,34.4,7.02,182,62.0,56,5.6,3,70,Synthetic/Demo,20.57,31.16
A907,29,83.8,8,12.7,62.5,9.9,273,103.1,79,9.0,6,113,Synthetic/Demo,75.5,63.26
A908,29,85.1,8,12.7,63.8,9.99,266,106.2,82,8.9,6,112,Synthetic/Demo,84.35,64.18
A909,18,50.5,1,5.2,30.8,7.03,184,60.9,56,5.8,3,74,Synthetic/Demo,21.79,31.07
A910,19,54.1,1,4.7,33.5,6.92,187,61.6,56,5.6,3,68,Synthetic/Demo,26.45,30.75
A911,19,52.5,1,4.9,32.2,7.09,185,62.1,55,5.6,3,72,Synthetic/Demo,19.68,31.04
A912,19,51.3,1,4.8,33.0,6.95,186,59.9,55,5.8,3,71,Synthetic/Demo,20.45,30.99
A913,19,52.1,1,4.2,32.4,7.24,188,61.8,56,5.9,3,71,Synthetic/Demo,20.91,31.03
A914,29,84.9,8,13.3,61.3,9.93,274,104.9,81,8.9,6,113,Synthetic/Demo,84.95,63.11
A915,19,50.1,1,5.3,31.0,7.02,179,61.7,55,5.9,3,73,Synthetic/Demo,20.86,31.85
A916,18,51.5,1,4.4,34.2,7.2,185,62.9,55,5.7,3,70,Synthetic/Demo,22.76,32.68
A917,19,53.2,1,4.6,34.0,7.21,183,64.6,53,5.5,3,69,Synthetic/Demo,24.69,32.87
A918,29,85.2,8,13.2,61.8,9.96,267,103.1,80,8.6,6,115,Synthetic/Demo,80.78,62.69
A919,19,51.1,1,5.3,30.3,7.09,188,61.6,54,5.5,3,74,Synthetic/Demo,18.23,30.45
A920,29,83.0,8,12.9,61.9,9.76,274,103.8,81,8.9,6,112,Synthetic/Demo,79.33,62.65
A921,30,81.3,8,13.5,64.6,9.98,267,105.4,82,8.6,6,111,Synthetic/Demo,86.51,64.78
A922,19,52.3,1,4.7,32.2,7.2,179,62.2,54,5.6,3,68,Synthetic/Demo,18.63,32.31
A923,29,83.6,8,13.2,60.9,9.97,269,104.8,79,8.6,6,114,Synthetic/Demo,80.57,63.2
A924,19,54.1,1,4.9,30.5,7.26,182,62.0,54,5.6,3,73,Synthetic/Demo,18.61,30.89
A925,19,51.4,1,5.2,33.1,7.16,182,63.0,53,5.8,3,73,Synthetic/Demo,26.61,32.98
A926,30,81.0,8,13.3,61.8,9.71,272,103.0,82,8.7,6,112,Synthetic/Demo,74.2,62.18
A927,30,83.6,8,13.4,62.9,9.82,266,105.3,81,8.7,6,114,Synthetic/Demo,79.77,63.34
A928,19,53.3,1,5.1,33.1,7.24,178,63.1,56,5.6,3,73,Synthetic/Demo,24.26,32.12
A929,30,81.5,8,12.7,62.4,9.86,266,104.6,80,8.9,6,114,Synthetic/Demo,84.91,63.25
A930,19,50.6,1,4.3,30.9,7.03,181,59.5,56,5.9,3,69,Synthetic/Demo,18.36,30.53
A931,19,53.0,1,4.4,32.5,7.1,188,61.0,56,5.8,3,68,Synthetic/Demo,18.02,30.87
A932,19,51.1,1,5.3,34.2,7.23,189,64.8,55,5.5,3,69,Synthetic/Demo,29.28,33.27
A933,18,54.0,1,4.6,32.6,6.95,185,62.5,53,5.6,3,69,Synthetic/Demo,15.72,31.63
A934,18,50.6,1,4.7,30.8,6.96,182,59.3,56,5.6,3,68,Synthetic/Demo,11.75,30.67
A935,19,51.4,1,4.5,33.8,7.17,187,61.1,56,5.6,3,71,Synthetic/Demo,22.01,31.15
A936,18,50.2,1,4.7,31.2,6.94,178,58.5,55,5.6,3,70,Synthetic/Demo,17.14,30.81
A937,19,53.0,1,5.0,31.9,7.04,189,61.1,53,5.6,3,70,Synthetic/Demo,16.86,31.08
A938,19,53.8,1,4.7,32.1,7.0,183,63.1,53,5.6,3,70,Synthetic/Demo,22.65,31.41
A939,19,52.7,1,4.5,31.7,7.19,182,61.9,55,5.7,3,71,Synthetic/Demo,21.23,31.14
A940,30,81.6,8,13.7,62.0,9.76,275,105.3,81,8.9,6,116,Synthetic/Demo,78.72,62.97
A941,19,50.6,1,5.2,33.6,6.95,189,62.7,53,5.9,3,74,Synthetic/Demo,17.75,32.26
A942,19,50.4,1,5.1,31.2,6.95,187,61.6,56,5.9,3,73,Synthetic/Demo,22.24,30.77
A943,29,85.2,8,12.8,62.5,9.7,274,103.0,80,8.9,6,114,Synthetic/Demo,80.33,62.05
A944,29,84.1,8,12.7,61.5,9.81,274,103.1,81,8.8,6,112,Synthetic/Demo,77.73,61.97
A945,30,83.8,8,12.8,64.6,9.74,270,105.6,82,8.8,6,117,Synthetic/Demo,86.11,62.43
A946,30,83.5,8,13.7,62.3,9.9,274,106.5,79,8.7,6,116,Synthetic/Demo,78.42,63.55
A947,19,51.6,1,5.1,31.5,6.99,187,61.6,56,5.9,3,68,Synthetic/Demo,15.67,31.52
A948,29,85.2,8,12.7,63.7,9.94,270,105.0,80,8.7,6,115,Synthetic/Demo,78.69,63.15
A949,19,54.0,1,4.5,30.6,7.13,184,59.3,56,5.6,3,68,Synthetic/Demo,18.34,29.81
A950,29,83.0,8,12.8,61.2,9.87,271,102.9,82,8.6,6,112,Synthetic/Demo,78.93,61.87
A951,30,83.0,8,12.6,64.6,9.92,265,106.0,81,8.6,6,112,Synthetic/Demo,81.05,63.77
A952,30,82.8,8,13.5,64.7,9.65,268,105.7,80,8.9,6,115,Synthetic/Demo,83.18,64.11
A953,29,83.3,8,12.8,61.9,9.64,271,101.8,82,8.7,6,112,Synthetic/Demo,73.56,61.42
A954,30,82.2,8,13.7,62.9,9.84,270,106.2,79,8.8,6,113,Synthetic/Demo,86.65,64.57
A955,18,50.3,1,4.6,33.0,7.08,183,61.9,56,5.9,3,70,Synthetic/Demo,20.84,32.38
A956,19,53.4,1,5.1,33.3,7.13,185,62.1,56,5.9,3,68,Synthetic/Demo,25.73,32.48
A957,29,84.6,8,12.9,62.8,9.64,272,101.5,80,8.9,6,113,Synthetic/Demo,79.28,62.14
A958,19,52.5,1,5.0,34.4,7.14,184,63.5,56,5.8,3,71,Synthetic/Demo,24.51,32.66
A959,19,52.0,1,4.3,34.3,7.14,180,62.3,55,5.5,3,69,Synthetic/Demo,23.32,31.95
A960,29,82.4,8,13.2,63.6,9.89,275,107.8,80,8.7,6,114,Synthetic/Demo,83.1,64.31
A961,19,52.0,1,4.5,31.4,7.22,186,62.6,53,5.8,3,71,Synthetic/Demo,22.5,31.7
A962,29,83.1,8,13.6,62.4,9.82,271,103.7,81,8.8,6,113,Synthetic/Demo,84.69,63.54
A963,19,52.5,1,4.7,30.4,6.97,183,61.4,54,5.6,3,71,Synthetic/Demo,19.29,30.23
A964,29,84.8,8,13.7,61.2,9.8,267,104.5,80,9.0,6,117,Synthetic/Demo,83.01,63.33
A965,29,81.5,8,12.8,62.5,9.73,274,104.7,79,8.7,6,111,Synthetic/Demo,78.72,63.29
A966,19,50.6,1,5.2,33.2,7.12,187,65.6,54,5.6,3,74,Synthetic/Demo,27.06,32.56
A967,18,53.0,1,4.3,30.7,7.03,178,59.5,56,5.6,3,69,Synthetic/Demo,16.28,30.21
A968,30,84.7,8,13.0,61.9,9.81,263,103.6,80,8.6,6,117,Synthetic/Demo,85.05,61.84
A969,30,82.1,8,13.2,62.9,9.86,271,103.8,82,8.7,6,112,Synthetic/Demo,80.2,62.91
A970,29,83.7,8,13.5,64.1,9.8,267,106.8,82,8.8,6,113,Synthetic/Demo,78.42,64.57
A971,19,53.3,1,5.2,31.5,7.23,180,63.2,56,5.7,3,70,Synthetic/Demo,22.8,32.14
A972,29,82.7,8,12.8,61.7,9.81,274,105.1,79,8.7,6,113,Synthetic/Demo,76.87,62.85
A973,19,50.5,1,4.9,33.4,7.11,186,63.4,53,5.7,3,71,Synthetic/Demo,24.6,32.72
A974,19,53.5,1,4.4,31.4,7.13,181,59.4,55,5.6,3,69,Synthetic/Demo,17.19,30.33
A975,19,52.2,1,4.4,31.1,7.0,186,61.6,55,5.9,3,71,Synthetic/Demo,17.47,30.44
A976,29,81.9,8,13.3,61.0,9.77,269,103.9,79,8.9,6,116,Synthetic/Demo,73.83,63.11
A977,29,82.8,8,13.2,64.8,9.97,273,106.1,79,8.7,6,113,Synthetic/Demo,81.34,65.0
A978,30,83.3,8,12.9,61.3,9.95,269,102.9,80,8.7,6,116,Synthetic/Demo,71.87,61.89
A979,29,83.5,8,12.8,63.5,9.72,267,105.3,82,8.8,6,117,Synthetic/Demo,75.27,62.58
A980,19,52.3,1,5.1,30.5,7.21,184,60.0,54,5.6,3,69,Synthetic/Demo,22.52,31.26
A981,29,83.8,8,13.5,61.0,9.85,271,105.7,81,8.8,6,114,Synthetic/Demo,82.73,63.2
A982,19,51.2,1,4.3,30.5,7.2,178,60.4,56,5.5,3,69,Synthetic/Demo,20.42,30.43
A983,19,51.1,1,4.2,32.4,7.16,181,59.1,56,5.5,3,74,Synthetic/Demo,16.06,29.73
A984,29,81.2,8,12.9,62.1,9.77,274,103.9,81,8.6,6,113,Synthetic/Demo,78.32,62.37
A985,19,52.2,1,4.4,32.3,6.96,179,61.3,55,5.8,3,68,Synthetic/Demo,19.98,31.38
A986,29,84.6,8,13.2,63.7,9.7,269,104.8,80,8.9,6,112,Synthetic/Demo,77.52,63.92
A987,19,53.3,1,5.1,30.7,7.15,188,63.0,55,5.8,3,72,Synthetic/Demo,25.11,31.11
A988,19,51.8,1,5.2,33.4,7.02,187,63.8,55,5.8,3,70,Synthetic/Demo,24.87,32.54
A989,18,50.2,1,5.1,31.3,7.1,183,60.3,54,5.6,3,70,Synthetic/Demo,19.66,31.94
A990,29,85.2,8,13.6,61.9,9.74,269,105.1,80,8.8,6,113,Synthetic/Demo,80.81,63.48
A991,30,84.5,8,13.5,64.0,9.64,265,106.3,82,8.9,6,113,Synthetic/Demo,82.7,63.78
A992,29,82.6,8,13.4,64.6,9.89,272,105.8,81,8.9,6,112,Synthetic/Demo,76.61,65.03
A993,30,83.1,8,12.8,64.0,9.91,271,104.9,81,8.9,6,114,Synthetic/Demo,80.36,63.36
A994,30,82.3,8,12.7,61.8,9.89,264,103.8,81,8.9,6,112,Synthetic/Demo,77.94,63.05
A995,18,53.8,1,4.5,33.6,7.2,185,61.1,54,5.8,3,71,Synthetic/Demo,18.37,32.11
A996,29,84.1,8,12.7,62.5,9.81,269,103.5,82,8.9,6,115,Synthetic/Demo,78.33,62.24
A997,18,50.9,1,4.8,31.1,7.02,186,60.8,54,5.9,3,72,Synthetic/Demo,24.83,31.41
A998,30,84.8,8,13.7,64.4,9.9,271,107.7,80,8.6,6,115,Synthetic/Demo,85.31,64.29
A999,19,51.3,1,4.3,34.3,7.16,183,62.1,55,5.6,3,71,Synthetic/Demo,19.66,31.76
A1000,30,81.6,8,13.6,63.1,9.69,264,105.4,79,9.0,6,114,Synthetic/Demo,83.86,64.64
A1001,19,54.1,1,4.6,32.3,7.23,186,60.8,56,5.5,3,72,Synthetic/Demo,24.27,30.19
A1002,29,83.0,8,12.9,61.2,9.73,275,102.0,81,8.6,6,111,Synthetic/Demo,79.93,61.53
A1003,30,85.0,8,12.9,63.1,9.94,274,104.0,79,8.9,6,114,Synthetic/Demo,80.66,63.0
A1004,19,53.8,1,4.9,31.4,7.15,179,61.3,54,5.7,3,73,Synthetic/Demo,19.03,31.17
A1005,29,82.7,8,12.8,64.5,9.89,270,105.6,82,8.7,6,115,Synthetic/Demo,83.29,63.47
A1006,19,54.3,1,4.9,33.8,7.08,180,63.5,56,5.6,3,73,Synthetic/Demo,23.5,31.56
A1007,30,83.3,8,13.1,61.8,9.64,270,104.3,81,9.0,6,114,Synthetic/Demo,81.76,62.29
A1008,18,51.8,1,4.9,34.2,7.21,185,62.3,54,5.9,3,74,Synthetic/Demo,24.78,33.03
A1009,30,85.3,8,13.2,63.0,9.92,271,105.5,82,9.0,6,112,Synthetic/Demo,84.76,63.51
A1010,29,82.3,8,13.1,63.8,9.85,269,103.9,80,8.9,6,116,Synthetic/Demo,79.52,63.81
A1011,29,82.2,8,13.8,62.8,9.69,273,102.3,80,9.0,6,113,Synthetic/Demo,84.38,63.81
A1012,29,84.7,8,13.6,61.6,9.73,272,104.5,79,8.8,6,116,Synthetic/Demo,80.54,62.89
A1013,18,50.3,1,4.5,32.7,6.96,180,61.5,56,5.6,3,69,Synthetic/Demo,26.17,31.6
A1014,19,53.8,1,4.4,31.3,7.0,188,61.2,56,5.7,3,72,Synthetic/Demo,16.12,29.39
A1015,19,50.9,1,4.5,33.0,7.02,187,60.5,56,5.7,3,70,Synthetic/Demo,24.7,30.74
A1016,29,81.7,8,12.8,62.5,9.75,273,103.2,81,8.9,6,116,Synthetic/Demo,79.19,62.28
A1017,19,51.2,1,4.4,31.7,7.24,185,61.7,55,5.5,3,70,Synthetic/Demo,18.0,30.95
A1018,29,83.0,8,12.9,62.2,9.86,271,103.8,80,8.9,6,112,Synthetic/Demo,78.36,63.41
A1019,19,50.5,1,5.2,33.6,7.17,184,63.1,54,5.5,3,73,Synthetic/Demo,21.72,32.48
A1020,19,53.3,1,4.5,31.6,7.1,188,61.1,55,5.7,3,71,Synthetic/Demo,20.41,30.25
A1021,19,50.4,1,4.1,30.5,7.22,183,61.1,56,5.6,3,70,Synthetic/Demo,20.23,30.25
A1022,30,83.6,8,12.9,63.6,9.89,265,106.7,79,8.6,6,112,Synthetic/Demo,80.23,64.13
A1023,29,83.4,8,13.8,64.0,9.76,273,106.8,79,9.0,6,115,Synthetic/Demo,82.76,65.09
A1024,19,50.7,1,4.2,30.4,7.06,180,59.0,56,5.8,3,70,Synthetic/Demo,24.4,29.96
A1025,18,51.2,1,5.0,33.6,7.22,188,62.1,55,5.8,3,71,Synthetic/Demo,27.48,32.86
A1026,30,83.8,8,13.0,64.2,9.88,268,108.4,82,8.9,6,115,Synthetic/Demo,83.98,64.02
A1027,19,53.8,1,4.9,32.4,7.07,188,61.2,56,5.8,3,72,Synthetic/Demo,20.36,30.63
A1028,18,50.2,1,4.2,33.3,7.28,185,61.9,53,5.5,3,68,Synthetic/Demo,21.45,32.7
A1029,18,50.7,1,4.5,32.2,7.26,189,61.7,53,5.6,3,72,Synthetic/Demo,22.18,31.82
A1030,18,50.5,1,4.4,31.6,6.94,187,58.6,54,5.6,3,70,Synthetic/Demo,14.46,30.27
A1031,18,50.8,1,4.4,31.0,7.12,188,59.5,53,5.7,3,70,Synthetic/Demo,17.66,30.99
A1032,19,54.2,1,4.3,32.5,7.03,184,61.6,55,5.5,3,69,Synthetic/Demo,14.35,30.34
A1033,30,83.2,8,13.3,64.1,9.72,273,103.7,79,8.6,6,116,Synthetic/Demo,81.43,62.65
A1034,19,52.0,1,4.9,34.0,7.18,183,62.6,56,5.6,3,68,Synthetic/Demo,24.55,32.55
A1035,18,54.2,1,4.3,34.2,6.91,179,60.8,54,5.8,3,70,Synthetic/Demo,19.09,31.76
A1036,18,52.4,1,5.0,34.4,7.22,186,63.0,56,5.5,3,69,Synthetic/Demo,27.56,32.84
A1037,30,83.0,8,12.6,62.0,9.94,274,103.4,79,9.0,6,113,Synthetic/Demo,75.6,62.79
A1038,19,51.4,1,4.4,30.9,7.27,179,62.1,53,5.8,3,71,Synthetic/Demo,16.51,31.96
A1039,29,81.5,8,13.5,64.5,9.88,271,107.1,82,8.9,6,116,Synthetic/Demo,83.69,64.78
A1040,19,52.6,1,5.2,33.2,6.98,179,62.7,55,5.8,3,72,Synthetic/Demo,25.45,32.23
A1041,19,50.3,1,5.1,32.1,7.15,183,62.1,54,5.6,3,71,Synthetic/Demo,26.6,32.15
A1042,29,83.0,8,13.1,61.7,9.8,274,102.1,82,9.0,6,114,Synthetic/Demo,77.25,62.22
A1043,19,50.8,1,5.3,33.3,6.95,178,61.2,55,5.5,3,73,Synthetic/Demo,24.82,31.64
A1044,29,82.0,8,13.6,64.1,9.87,272,106.4,80,9.0,6,115,Synthetic/Demo,82.84,65.17
A1045,29,81.1,8,13.5,62.4,9.66,274,105.4,79,8.8,6,113,Synthetic/Demo,79.6,63.88
A1046,19,52.4,1,5.2,31.0,7.07,182,61.7,55,5.6,3,72,Synthetic/Demo,23.17,31.0
A1047,19,51.7,1,5.1,32.1,7.25,187,62.5,56,5.8,3,69,Synthetic/Demo,23.91,32.26
A1048,19,51.2,1,4.9,34.4,6.94,183,64.9,54,5.8,3,73,Synthetic/Demo,17.85,32.7
A1049,18,52.8,1,5.1,31.7,7.11,179,62.7,56,5.9,3,70,Synthetic/Demo,26.44,32.58
A1050,18,50.6,1,4.6,32.9,7.12,180,60.9,54,5.8,3,72,Synthetic/Demo,25.29,32.34
A1051,18,52.2,1,4.9,34.5,7.19,186,62.4,55,5.9,3,71,Synthetic/Demo,21.07,33.21
A1052,29,85.0,8,13.6,62.8,9.78,266,104.8,80,8.6,6,113,Synthetic/Demo,82.59,63.7
A1053,29,83.9,8,13.5,64.7,9.65,269,104.8,80,9.0,6,114,Synthetic/Demo,83.43,64.44
A1054,29,84.0,8,12.7,64.2,9.9,269,104.6,81,8.7,6,116,Synthetic/Demo,81.5,63.02
A1055,29,82.0,8,13.7,61.9,9.82,265,105.0,80,9.0,6,114,Synthetic/Demo,80.27,64.67
A1056,29,84.8,8,13.4,62.6,9.74,273,103.3,79,8.7,6,116,Synthetic/Demo,77.61,62.56
A1057,29,83.3,8,12.8,61.2,9.66,269,102.6,81,8.9,6,112,Synthetic/Demo,77.73,62.07
A1058,19,54.2,1,4.6,32.0,7.13,184,61.6,55,5.6,3,73,Synthetic/Demo,23.55,30.34
A1059,18,50.8,1,4.8,31.6,7.16,178,64.0,55,5.6,3,70,Synthetic/Demo,23.43,32.68
A1060,29,84.2,8,13.6,60.9,9.98,270,104.3,80,8.8,6,111,Synthetic/Demo,79.94,63.96
A1061,30,83.5,8,13.7,62.9,9.85,273,105.0,80,8.7,6,116,Synthetic/Demo,83.63,63.17
A1062,19,51.1,1,4.5,33.3,6.95,189,63.2,56,5.7,3,69,Synthetic/Demo,11.44,31.21
A1063,18,50.6,1,4.8,32.3,7.05,179,60.4,53,5.8,3,70,Synthetic/Demo,24.4,32.61
A1064,19,52.1,1,4.5,33.2,7.18,180,64.9,56,5.8,3,74,Synthetic/Demo,17.15,32.0
A1065,19,51.8,1,4.5,32.2,7.14,188,61.7,53,5.6,3,73,Synthetic/Demo,18.72,30.86
A1066,19,53.0,1,4.4,32.3,7.19,184,62.7,55,5.8,3,69,Synthetic/Demo,17.6,31.7
A1067,18,53.9,1,4.4,34.1,7.09,189,61.8,54,5.6,3,71,Synthetic/Demo,16.59,31.44
A1068,18,53.5,1,5.1,31.2,6.97,184,59.8,54,5.8,3,71,Synthetic/Demo,23.1,31.14
A1069,29,83.5,8,12.7,61.5,9.83,274,101.9,81,8.8,6,117,Synthetic/Demo,76.1,61.14
A1070,19,53.8,1,4.9,32.6,7.09,181,62.8,54,5.9,3,70,Synthetic/Demo,23.13,32.39
A1071,19,53.6,1,4.1,33.1,6.99,188,62.9,53,5.7,3,74,Synthetic/Demo,19.2,30.39
A1072,29,85.1,8,13.8,63.0,9.81,273,104.4,79,8.6,6,115,Synthetic/Demo,82.61,63.45
A1073,18,52.0,1,4.7,32.5,6.98,182,61.7,55,5.7,3,73,Synthetic/Demo,20.4,31.27
A1074,30,81.8,8,12.8,62.2,9.72,269,102.1,81,8.9,6,114,Synthetic/Demo,74.6,61.98
A1075,29,83.3,8,13.6,63.7,9.99,273,107.5,80,8.9,6,116,Synthetic/Demo,86.32,65.01
A1076,30,84.0,8,13.2,61.7,9.91,269,104.6,81,8.9,6,114,Synthetic/Demo,79.08,62.91
A1077,30,83.9,8,13.7,64.4,9.81,266,104.8,81,8.6,6,113,Synthetic/Demo,77.94,63.97
A1078,19,50.2,1,4.6,33.7,7.18,183,63.1,53,5.5,3,70,Synthetic/Demo,20.75,32.66
A1079,29,81.6,8,13.5,62.5,9.84,269,105.4,81,8.6,6,112,Synthetic/Demo,85.67,64.01
A1080,18,53.8,1,5.0,30.5,6.91,189,61.1,56,5.5,3,73,Synthetic/Demo,20.44,29.34
A1081,19,50.3,1,4.5,30.7,7.05,183,60.8,54,5.7,3,70,Synthetic/Demo,17.87,30.83
A1082,30,82.0,8,13.0,62.8,9.66,274,100.7,81,8.9,6,111,Synthetic/Demo,77.06,62.04
A1083,29,81.4,8,12.9,62.4,9.76,268,101.6,82,8.8,6,115,Synthetic/Demo,77.66,62.16
A1084,29,82.8,8,13.5,62.8,9.83,267,105.6,81,8.7,6,116,Synthetic/Demo,87.73,63.68
A1085,30,83.7,8,13.1,62.6,9.69,274,102.1,79,8.8,6,113,Synthetic/Demo,79.81,62.15
A1086,30,83.9,8,13.2,64.4,9.7,265,109.0,79,8.6,6,117,Synthetic/Demo,83.79,63.94
A1087,18,52.5,1,4.1,30.8,7.24,179,60.7,56,5.7,3,73,Synthetic/Demo,22.31,30.44
A1088,19,54.0,1,4.4,32.3,6.99,189,61.4,53,5.8,3,70,Synthetic/Demo,19.92,30.74
A1089,19,53.7,1,4.4,33.1,7.12,188,61.1,55,5.8,3,73,Synthetic/Demo,19.23,30.55
A1090,30,83.8,8,13.6,62.3,9.84,271,105.1,81,8.8,6,115,Synthetic/Demo,80.47,63.04
A1091,29,83.0,8,13.1,64.7,9.86,272,108.4,80,9.0,6,117,Synthetic/Demo,82.64,64.82
A1092,19,54.1,1,4.2,32.2,7.09,186,60.6,54,5.5,3,71,Synthetic/Demo,18.65,29.9
A1093,19,52.2,1,4.6,33.5,6.91,186,62.3,54,5.7,3,68,Synthetic/Demo,22.54,31.68
A1094,18,50.3,1,4.6,30.6,7.04,184,61.1,54,5.6,3,71,Synthetic/Demo,18.94,30.98
A1095,29,84.8,8,13.2,63.5,9.93,273,104.5,79,8.8,6,115,Synthetic/Demo,83.48,63.72
A1096,30,83.9,8,12.9,64.8,9.94,270,106.0,81,8.6,6,116,Synthetic/Demo,81.58,63.19
A1097,30,84.0,8,12.9,63.3,9.69,264,104.8,79,8.9,6,112,Synthetic/Demo,80.99,63.64
A1098,19,51.9,1,5.1,31.2,7.05,182,62.7,54,5.5,3,69,Synthetic/Demo,14.76,31.65
A1099,18,52.8,1,4.7,30.4,7.1,186,59.9,56,5.7,3,69,Synthetic/Demo,21.39,30.49
A1100,30,83.8,8,13.4,62.8,9.95,273,103.5,82,8.7,6,116,Synthetic/Demo,81.6,62.32
A1101,19,53.8,1,5.3,32.1,7.05,179,63.8,55,5.8,3,72,Synthetic/Demo,25.49,32.19
A1102,29,83.0,8,13.4,61.8,9.94,274,104.6,82,8.6,6,115,Synthetic/Demo,71.36,62.61
A1103,19,52.2,1,4.7,33.3,6.93,184,62.6,54,5.5,3,72,Synthetic/Demo,26.59,31.04
A1104,29,84.3,8,12.9,61.3,9.71,266,103.8,80,8.7,6,117,Synthetic/Demo,78.09,61.78
A1105,18,54.1,1,5.3,32.1,7.23,182,64.7,55,5.9,3,72,Synthetic/Demo,26.8,33.2
A1106,29,84.1,8,13.4,64.6,9.78,268,106.5,79,8.7,6,112,Synthetic/Demo,79.59,65.0
A1107,30,84.9,8,13.7,64.0,9.74,271,106.9,81,9.0,6,116,Synthetic/Demo,84.4,63.89
A1108,29,82.5,8,13.1,63.5,9.95,274,105.7,81,8.6,6,112,Synthetic/Demo,77.99,63.85
A1109,30,81.4,8,13.3,64.3,9.95,274,106.0,81,8.9,6,114,Synthetic/Demo,80.54,64.37
A1110,29,82.0,8,13.5,63.9,9.95,266,108.2,82,8.8,6,116,Synthetic/Demo,89.44,65.05
A1111,30,83.4,8,13.8,63.0,9.95,265,107.5,80,8.8,6,112,Synthetic/Demo,83.39,65.34
A1112,29,85.1,8,13.8,63.0,9.84,274,104.8,80,8.8,6,113,Synthetic/Demo,82.29,63.97
A1113,30,83.2,8,13.8,61.2,9.86,273,104.7,81,8.8,6,116,Synthetic/Demo,83.09,62.66
A1114,19,51.3,1,4.9,31.4,7.12,181,61.6,56,5.8,3,73,Synthetic/Demo,22.16,31.15
A1115,29,83.7,8,13.4,63.0,9.68,273,104.4,80,8.8,6,112,Synthetic/Demo,80.62,63.46
A1116,29,84.2,8,12.6,62.8,9.93,272,104.7,80,8.8,6,112,Synthetic/Demo,81.08,63.27
A1117,18,53.1,1,4.6,31.0,7.02,181,61.0,54,5.7,3,74,Synthetic/Demo,26.41,30.58
A1118,19,50.4,1,4.3,30.8,7.15,187,58.9,54,5.5,3,68,Synthetic/Demo,17.76,30.21
A1119,18,53.1,1,4.6,34.3,6.93,186,61.9,55,5.9,3,73,Synthetic/Demo,21.37,31.64
A1120,30,84.4,8,13.4,63.9,9.69,269,105.2,79,8.7,6,115,Synthetic/Demo,84.35,63.3
A1121,29,82.5,8,13.5,64.6,9.93,270,106.1,80,9.0,6,111,Synthetic/Demo,87.01,65.96
A1122,18,51.0,1,5.0,34.2,7.09,182,62.3,55,5.7,3,72,Synthetic/Demo,26.07,32.86
A1123,19,51.8,1,4.2,32.9,7.21,189,61.1,56,5.9,3,68,Synthetic/Demo,22.08,31.39
A1124,18,53.6,1,4.7,32.4,7.18,183,61.7,54,5.7,3,69,Synthetic/Demo,17.84,32.24
A1125,19,52.9,1,4.2,33.4,7.03,178,61.6,56,5.8,3,74,Synthetic/Demo,25.33,30.7
A1126,19,53.2,1,4.7,31.8,7.21,182,61.2,55,5.8,3,69,Synthetic/Demo,17.62,31.68
A1127,19,52.5,1,4.1,31.1,6.94,182,59.7,56,5.9,3,68,Synthetic/Demo,18.79,30.01
A1128,19,51.9,1,4.8,33.9,7.23,178,61.4,56,5.8,3,69,Synthetic/Demo,20.73,32.82
A1129,29,83.6,8,13.7,62.5,9.88,274,104.7,81,8.7,6,116,Synthetic/Demo,80.74,63.18
A1130,30,84.7,8,13.1,61.6,9.76,265,105.1,80,8.6,6,116,Synthetic/Demo,80.69,62.04
A1131,30,84.0,8,12.7,64.4,9.76,270,104.9,79,8.6,6,114,Synthetic/Demo,81.24,62.84
A1132,29,82.1,8,13.0,60.9,9.7,265,102.7,80,8.8,6,116,Synthetic/Demo,79.63,62.18
A1133,19,53.4,1,5.0,32.3,7.23,182,62.6,54,5.8,3,72,Synthetic/Demo,27.2,32.25
A1134,30,83.7,8,12.9,61.8,9.84,270,105.9,79,8.9,6,117,Synthetic/Demo,81.4,62.69
A1135,18,51.2,1,4.4,31.9,6.97,182,62.0,55,5.7,3,72,Synthetic/Demo,18.62,31.04
A1136,19,52.9,1,4.1,34.3,7.22,179,63.0,54,5.8,3,69,Synthetic/Demo,25.35,32.75
A1137,19,53.9,1,4.6,32.0,7.25,179,61.5,54,5.9,3,70,Synthetic/Demo,25.33,32.13
A1138,29,81.1,8,12.8,61.5,9.9,269,102.9,80,8.6,6,115,Synthetic/Demo,75.07,62.43
A1139,19,52.3,1,5.2,33.0,7.25,187,63.9,54,5.7,3,70,Synthetic/Demo,24.87,32.98
A1140,18,50.7,1,4.7,30.7,7.13,179,61.4,56,5.8,3,69,Synthetic/Demo,22.39,31.88
A1141,29,81.7,8,13.0,62.4,9.64,264,103.6,81,9.0,6,115,Synthetic/Demo,78.72,63.12
A1142,30,82.3,8,13.0,62.7,9.66,265,105.5,79,8.9,6,112,Synthetic/Demo,84.67,63.78
A1143,29,83.5,8,13.2,63.4,9.77,267,104.8,79,8.8,6,114,Synthetic/Demo,80.75,64.03
A1144,19,51.3,1,5.1,33.6,7.11,188,62.0,55,5.7,3,72,Synthetic/Demo,22.1,31.91
A1145,18,53.3,1,4.4,34.3,7.17,178,63.1,56,5.8,3,69,Synthetic/Demo,22.21,32.96
A1146,29,83.9,8,13.7,62.7,9.88,265,103.9,80,8.9,6,113,Synthetic/Demo,82.32,64.58
A1147,29,84.9,8,13.4,62.1,9.99,267,105.6,79,9.0,6,114,Synthetic/Demo,79.09,64.67
A1148,29,84.1,8,13.7,62.8,9.96,273,104.6,80,8.9,6,114,Synthetic/Demo,77.73,64.3
A1149,19,51.0,1,5.0,33.7,7.07,183,63.2,55,5.7,3,69,Synthetic/Demo,27.22,32.77
A1150,19,51.5,1,4.8,34.5,6.95,183,64.5,54,5.5,3,69,Synthetic/Demo,19.62,32.59
A1151,29,84.9,8,13.5,64.3,9.81,267,106.0,79,8.8,6,115,Synthetic/Demo,79.83,64.66
A1152,18,52.5,1,4.5,31.9,7.26,189,62.0,54,5.8,3,70,Synthetic/Demo,14.09,31.95
A1153,29,81.9,8,12.9,62.4,9.99,275,103.9,80,8.9,6,111,Synthetic/Demo,78.31,63.89
A1154,19,51.8,1,4.3,31.1,7.06,185,61.1,55,5.9,3,72,Synthetic/Demo,14.85,30.37
A1155,29,83.8,8,12.7,62.6,9.67,273,103.7,80,8.8,6,113,Synthetic/Demo,83.26,62.28
A1156,30,84.7,8,13.5,63.0,9.72,274,104.4,80,8.8,6,114,Synthetic/Demo,83.37,62.76
A1157,29,81.6,8,13.5,65.0,9.79,269,104.6,81,8.7,6,115,Synthetic/Demo,80.12,64.32
A1158,18,53.5,1,4.2,34.3,7.07,179,62.7,54,5.6,3,68,Synthetic/Demo,28.34,32.54
A1159,19,50.6,1,5.2,31.8,7.28,189,61.8,56,5.7,3,72,Synthetic/Demo,24.33,31.62
A1160,19,51.0,1,5.2,32.9,7.08,187,64.1,55,5.9,3,74,Synthetic/Demo,21.28,32.29
A1161,19,51.0,1,5.0,32.4,7.14,190,59.9,56,5.9,3,72,Synthetic/Demo,12.82,31.09
A1162,19,53.8,1,5.2,32.3,7.17,187,63.4,54,5.9,3,70,Synthetic/Demo,29.28,32.56
A1163,29,81.7,8,13.0,61.8,9.64,273,103.3,79,8.8,6,112,Synthetic/Demo,74.1,62.8
A1164,29,84.7,8,13.8,64.5,9.89,274,106.2,81,8.7,6,113,Synthetic/Demo,78.05,64.58
A1165,19,52.0,1,4.8,33.0,6.96,186,63.4,55,5.5,3,71,Synthetic/Demo,23.54,31.12
A1166,29,82.1,8,13.2,64.2,9.8,272,106.5,79,8.8,6,116,Synthetic/Demo,89.05,64.34
A1167,19,53.6,1,4.3,33.8,7.26,187,61.6,55,5.8,3,69,Synthetic/Demo,25.53,31.8
A1168,18,53.2,1,4.3,33.4,7.26,186,61.3,55,5.8,3,69,Synthetic/Demo,22.84,32.14
A1169,29,83.7,8,12.6,63.6,9.7,269,105.1,79,8.9,6,116,Synthetic/Demo,81.59,63.1
A1170,30,82.5,8,13.5,63.7,9.93,272,107.0,79,8.9,6,112,Synthetic/Demo,85.66,65.19
A1171,19,53.6,1,5.3,30.8,7.03,183,60.6,56,5.8,3,68,Synthetic/Demo,22.63,31.18
A1172,18,51.1,1,4.7,31.4,6.95,189,61.5,54,5.7,3,70,Synthetic/Demo,19.66,31.1
A1173,19,50.4,1,4.6,32.5,7.24,185,63.6,56,5.9,3,71,Synthetic/Demo,22.12,32.28
A1174,19,52.6,1,4.3,30.7,6.96,182,60.3,55,5.6,3,68,Synthetic/Demo,17.75,29.93
A1175,30,83.0,8,13.8,61.3,9.65,268,104.6,81,8.6,6,114,Synthetic/Demo,77.56,62.41
A1176,29,83.6,8,13.0,63.6,9.95,266,107.1,81,8.6,6,113,Synthetic/Demo,81.38,64.27
A1177,30,82.5,8,12.7,62.8,9.67,266,103.8,80,8.6,6,117,Synthetic/Demo,73.64,61.65
A1178,19,51.6,1,5.3,32.1,7.16,189,62.9,54,5.7,3,71,Synthetic/Demo,21.43,32.16
A1179,29,81.2,8,12.8,61.6,9.8,263,103.3,81,8.8,6,115,Synthetic/Demo,76.3,62.78
A1180,18,50.1,1,4.9,30.6,7.11,181,60.9,54,5.9,3,72,Synthetic/Demo,16.99,32.01
A1181,29,82.2,8,13.2,63.4,9.65,274,104.7,80,8.7,6,113,Synthetic/Demo,80.23,63.22
A1182,30,83.3,8,12.8,63.6,9.69,264,103.3,81,8.8,6,112,Synthetic/Demo,84.17,62.84
A1183,29,83.4,8,13.8,62.9,9.79,274,106.4,80,8.9,6,113,Synthetic/Demo,84.72,64.55
A1184,18,51.6,1,4.9,31.8,7.07,184,62.2,55,5.7,3,71,Synthetic/Demo,15.88,31.79
A1185,29,82.8,8,12.7,63.2,9.67,272,102.8,80,8.9,6,113,Synthetic/Demo,75.7,62.67
A1186,30,82.1,8,13.6,64.4,9.67,273,104.1,81,8.6,6,116,Synthetic/Demo,83.49,62.75
A1187,18,53.9,1,4.2,30.3,7.15,190,59.2,56,5.9,3,70,Synthetic/Demo,14.57,29.72
A1188,29,81.6,8,13.7,61.8,9.81,267,105.2,80,8.7,6,115,Synthetic/Demo,80.51,63.93
A1189,19,51.8,1,4.4,31.7,7.0,186,60.0,56,5.7,3,69,Synthetic/Demo,20.07,30.11
A1190,18,52.4,1,4.7,32.9,7.07,182,62.7,56,5.7,3,70,Synthetic/Demo,18.31,32.01
A1191,19,53.4,1,4.6,31.6,7.15,188,59.5,55,5.8,3,71,Synthetic/Demo,19.54,30.31
A1192,30,82.4,8,12.9,65.0,9.92,266,106.0,82,8.8,6,114,Synthetic/Demo,78.55,64.09
A1193,18,52.7,1,4.4,31.6,7.03,184,61.0,56,5.8,3,73,Synthetic/Demo,17.15,30.37
A1194,29,82.7,8,12.6,62.5,9.79,267,103.1,81,8.6,6,116,Synthetic/Demo,79.54,61.87
A1195,29,82.9,8,13.3,62.3,9.69,272,103.3,81,8.6,6,113,Synthetic/Demo,74.18,62.4
A1196,29,84.4,8,13.0,64.1,9.74,275,106.0,79,8.9,6,111,Synthetic/Demo,82.27,64.22
A1197,29,81.4,8,13.1,62.9,9.67,265,104.7,80,8.8,6,115,Synthetic/Demo,80.21,63.55
A1198,29,81.8,8,12.9,64.7,9.79,267,106.3,80,8.8,6,116,Synthetic/Demo,83.46,64.28
A1199,19,52.6,1,4.2,30.8,7.1,182,61.4,55,5.6,3,72,Synthetic/Demo,19.3,29.88
A1200,29,83.2,8,12.9,62.2,9.87,272,104.0,81,8.7,6,112,Synthetic/Demo,83.53,62.83
A1201,19,53.1,1,4.3,34.1,7.24,181,63.1,54,5.7,3,70,Synthetic/Demo,22.8,32.5
A1202,18,53.0,1,4.3,33.1,7.19,187,62.9,53,5.7,3,73,Synthetic/Demo,19.55,31.82
A1203,18,53.1,1,4.3,33.9,7.23,184,64.3,56,5.8,3,72,Synthetic/Demo,22.55,32.35
A1204,30,84.8,8,12.7,62.5,9.76,267,104.5,81,8.9,6,114,Synthetic/Demo,81.2,62.27
A1205,30,83.0,8,12.9,64.3,9.65,266,106.7,81,8.8,6,113,Synthetic/Demo,81.32,63.56
A1206,18,52.0,1,5.0,31.5,7.04,178,63.2,56,5.7,3,72,Synthetic/Demo,21.35,31.88
A1207,19,50.1,1,4.2,32.6,6.92,183,58.9,56,5.6,3,74,Synthetic/Demo,15.69,29.32
A1208,18,51.0,1,4.2,33.5,6.93,182,62.3,54,5.6,3,70,Synthetic/Demo,17.9,31.7
A1209,29,82.8,8,13.2,64.4,9.92,269,105.3,82,8.8,6,115,Synthetic/Demo,77.96,64.08
A1210,29,83.9,8,13.1,61.2,9.78,271,104.6,80,8.7,6,115,Synthetic/Demo,84.23,62.33
A1211,19,51.2,1,5.3,32.1,7.02,187,63.2,56,5.6,3,68,Synthetic/Demo,17.45,31.89
A1212,18,50.6,1,5.3,32.1,7.14,179,63.4,56,5.6,3,73,Synthetic/Demo,20.31,32.52
A1213,29,84.8,8,13.4,63.2,9.82,265,103.9,80,8.7,6,113,Synthetic/Demo,79.29,63.82
A1214,19,53.0,1,5.2,33.9,7.12,182,63.9,54,5.6,3,72,Synthetic/Demo,25.95,32.71
A1215,18,50.0,1,4.9,30.5,7.17,183,62.4,54,5.6,3,70,Synthetic/Demo,19.56,32.11
A1216,29,82.2,8,13.3,64.6,9.71,264,106.1,80,8.6,6,115,Synthetic/Demo,85.84,64.34
A1217,19,50.5,1,5.0,32.1,7.23,185,62.5,55,5.5,3,69,Synthetic/Demo,19.52,32.09
A1218,29,82.5,8,13.1,64.0,9.78,264,105.0,79,8.7,6,113,Synthetic/Demo,82.55,64.5
A1219,30,83.1,8,13.2,62.3,9.91,270,105.0,80,9.0,6,116,Synthetic/Demo,78.56,63.36
A1220,19,54.1,1,4.3,30.6,7.02,187,58.9,55,5.7,3,72,Synthetic/Demo,23.61,28.84
A1221,30,81.6,8,12.9,61.9,9.91,266,104.8,81,8.8,6,115,Synthetic/Demo,76.74,62.92
A1222,18,52.8,1,4.3,31.1,7.23,185,60.5,54,5.7,3,71,Synthetic/Demo,20.25,30.97
A1223,18,52.6,1,4.5,31.6,7.14,180,59.7,54,5.5,3,72,Synthetic/Demo,21.39,30.8
A1224,18,51.5,1,4.9,30.6,7.21,186,59.6,55,5.8,3,70,Synthetic/Demo,20.99,31.4
A1225,29,83.5,8,13.3,63.5,9.67,275,104.6,80,8.9,6,112,Synthetic/Demo,79.68,63.62
A1226,19,50.3,1,4.5,32.1,7.27,180,61.5,55,5.7,3,72,Synthetic/Demo,20.77,31.72
A1227,19,53.4,1,4.4,32.0,7.06,186,61.7,56,5.6,3,72,Synthetic/Demo,19.24,29.9
A1228,29,84.2,8,13.4,64.7,9.67,269,105.9,81,8.6,6,115,Synthetic/Demo,81.04,63.53
A1229,19,52.0,1,4.6,32.1,7.01,186,62.6,54,5.9,3,69,Synthetic/Demo,23.21,31.75
A1230,30,81.5,8,13.7,60.9,9.91,275,106.1,79,8.7,6,116,Synthetic/Demo,87.24,63.23
A1231,29,83.3,8,13.6,62.4,9.65,272,105.1,82,8.8,6,117,Synthetic/Demo,78.24,62.52
A1232,19,53.5,1,5.3,31.2,7.27,179,63.2,54,5.8,3,71,Synthetic/Demo,18.87,32.72
A1233,18,53.0,1,4.9,30.7,6.93,184,59.0,56,5.5,3,72,Synthetic/Demo,17.6,29.49
A1234,18,52.9,1,4.6,31.4,7.26,187,61.1,56,5.8,3,74,Synthetic/Demo,27.73,30.77
A1235,19,52.3,1,4.2,33.1,7.28,189,61.6,56,5.8,3,71,Synthetic/Demo,18.07,31.07
A1236,30,83.7,8,13.5,60.9,9.94,269,104.4,82,8.8,6,112,Synthetic/Demo,85.5,62.93
A1237,29,83.1,8,12.9,64.8,9.84,274,105.6,79,8.8,6,114,Synthetic/Demo,86.39,64.18
A1238,29,81.6,8,13.4,64.1,9.95,274,106.0,82,8.7,6,112,Synthetic/Demo,80.54,64.52
A1239,19,54.3,1,4.1,34.3,7.15,187,62.3,56,5.7,3,73,Synthetic/Demo,22.27,30.58
A1240,18,53.1,1,5.1,33.8,6.91,186,62.6,56,5.5,3,69,Synthetic/Demo,25.92,31.75
A1241,19,51.0,1,4.2,34.1,7.27,183,64.0,54,5.8,3,74,Synthetic/Demo,21.26,32.43
A1242,18,50.4,1,4.2,33.7,6.97,186,62.2,54,5.6,3,69,Synthetic/Demo,19.2,31.83
A1243,19,51.8,1,5.2,32.8,7.06,185,61.9,55,5.6,3,70,Synthetic/Demo,19.67,31.82
A1244,30,83.0,8,13.3,62.4,9.73,266,103.2,81,8.8,6,115,Synthetic/Demo,76.94,62.51
A1245,19,53.1,1,4.2,32.7,7.02,182,59.9,56,5.5,3,70,Synthetic/Demo,16.86,29.86
A1246,29,82.5,8,13.6,62.3,9.96,272,104.9,81,9.0,6,112,Synthetic/Demo,78.25,64.62
A1247,30,83.5,8,13.6,64.8,9.97,273,108.5,82,8.9,6,115,Synthetic/Demo,84.18,64.83
A1248,18,50.6,1,4.6,32.7,7.28,179,63.0,53,5.7,3,68,Synthetic/Demo,20.38,33.79
A1249,30,81.1,8,12.7,64.8,9.82,268,106.3,79,9.0,6,116,Synthetic/Demo,82.61,64.36
A1250,18,50.2,1,4.9,30.9,7.07,188,59.9,53,5.9,3,70,Synthetic/Demo,14.78,31.85
A1251,19,52.4,1,4.7,30.5,6.97,180,59.8,55,5.6,3,72,Synthetic/Demo,19.44,29.78
A1252,19,51.0,1,4.1,33.6,7.09,182,62.4,55,5.8,3,70,Synthetic/Demo,23.28,31.78
A1253,19,53.2,1,4.2,33.0,7.26,181,62.2,54,5.6,3,71,Synthetic/Demo,15.23,31.55
A1254,18,53.0,1,4.8,33.7,6.97,180,63.5,54,5.8,3,71,Synthetic/Demo,23.23,32.78
A1255,30,82.2,8,13.2,62.0,9.65,267,103.3,81,8.9,6,114,Synthetic/Demo,82.97,62.45
A1256,29,82.8,8,12.6,62.1,9.68,271,103.8,80,9.0,6,113,Synthetic/Demo,74.79,62.65
A1257,29,83.4,8,13.3,61.7,9.81,266,102.5,82,8.8,6,116,Synthetic/Demo,84.62,62.34
A1258,29,82.3,8,13.4,62.4,9.99,275,105.6,81,8.7,6,114,Synthetic/Demo,82.39,63.72
A1259,29,82.2,8,13.6,61.3,9.94,264,107.4,79,8.8,6,115,Synthetic/Demo,80.41,64.92
A1260,18,51.4,1,5.2,30.4,6.95,185,60.9,56,5.7,3,74,Synthetic/Demo,18.81,30.36
A1261,29,81.2,8,13.2,64.3,9.68,274,106.2,81,8.9,6,115,Synthetic/Demo,82.6,63.91
A1262,29,85.3,8,13.1,64.5,9.98,269,105.6,79,8.8,6,117,Synthetic/Demo,82.81,64.21
A1263,29,81.2,8,13.4,63.5,9.9,273,106.7,81,9.0,6,115,Synthetic/Demo,83.89,64.74
A1264,30,82.2,8,12.7,61.9,9.75,274,102.2,79,8.8,6,115,Synthetic/Demo,74.96,61.6
A1265,18,53.5,1,4.8,33.8,7.0,185,62.9,55,5.7,3,71,Synthetic/Demo,21.9,32.01
A1266,30,81.6,8,13.2,62.0,9.91,269,105.7,80,8.7,6,111,Synthetic/Demo,76.78,63.87
A1267,29,81.6,8,13.7,62.9,9.9,271,104.3,81,8.7,6,111,Synthetic/Demo,81.39,64.47
A1268,19,51.6,1,5.1,31.9,7.0,183,60.8,54,5.7,3,69,Synthetic/Demo,17.84,31.7
A1269,29,85.2,8,13.4,61.3,9.93,265,103.3,79,8.9,6,112,Synthetic/Demo,78.87,63.96
A1270,29,82.6,8,13.7,62.9,9.98,270,103.9,81,8.9,6,112,Synthetic/Demo,86.03,64.72
A1271,30,83.4,8,13.7,63.7,9.68,265,107.4,80,9.0,6,114,Synthetic/Demo,86.32,64.81
A1272,30,84.0,8,13.7,61.8,10.0,272,106.3,79,9.0,6,112,Synthetic/Demo,84.42,64.73
A1273,19,53.9,1,5.1,33.3,7.05,182,61.9,55,5.6,3,71,Synthetic/Demo,18.47,31.61
A1274,29,84.0,8,13.1,62.3,9.79,267,103.9,82,9.0,6,112,Synthetic/Demo,79.36,63.35
A1275,19,50.8,1,4.9,30.6,7.25,179,59.7,53,5.5,3,73,Synthetic/Demo,23.93,31.11
A1276,29,81.5,8,13.0,63.3,9.8,273,103.7,80,8.8,6,114,Synthetic/Demo,80.31,63.35
A1277,29,82.2,8,12.8,60.8,9.92,267,104.7,80,8.6,6,112,Synthetic/Demo,86.28,63.01
A1278,19,51.6,1,5.3,30.6,7.06,183,59.0,55,5.5,3,69,Synthetic/Demo,20.69,30.69
A1279,18,50.7,1,4.9,31.9,7.05,184,60.1,54,5.8,3,73,Synthetic/Demo,20.63,31.56
A1280,18,50.4,1,5.2,31.6,7.15,187,62.2,54,5.6,3,72,Synthetic/Demo,20.06,32.11
A1281,30,85.0,8,13.6,64.7,9.98,272,107.7,79,8.9,6,113,Synthetic/Demo,84.69,65.41
A1282,18,50.6,1,5.1,32.5,7.18,180,61.8,55,5.8,3,71,Synthetic/Demo,21.89,33.0
A1283,29,81.2,8,13.6,63.4,9.68,270,104.1,79,8.8,6,116,Synthetic/Demo,83.0,63.92
A1284,19,52.9,1,4.2,31.0,7.09,181,59.7,56,5.7,3,69,Synthetic/Demo,21.37,29.99
A1285,19,50.1,1,4.2,31.4,7.08,185,59.9,56,5.9,3,72,Synthetic/Demo,16.11,30.21
A1286,18,50.5,1,4.7,32.2,7.08,182,58.5,56,5.7,3,68,Synthetic/Demo,15.68,31.48
A1287,30,81.9,8,13.6,61.1,9.65,268,103.5,80,8.8,6,114,Synthetic/Demo,73.87,62.61
A1288,18,53.6,1,5.0,32.8,7.12,179,61.1,56,5.5,3,68,Synthetic/Demo,23.11,32.04
A1289,30,81.4,8,12.9,62.3,9.84,264,103.6,80,8.6,6,112,Synthetic/Demo,76.69,63.08
A1290,18,50.4,1,4.8,33.4,7.14,181,63.4,54,5.7,3,73,Synthetic/Demo,15.91,32.94
A1291,30,81.3,8,13.4,61.7,10.0,271,104.0,79,8.9,6,116,Synthetic/Demo,82.21,63.61
A1292,29,85.2,8,13.2,64.9,9.84,274,105.8,79,8.7,6,115,Synthetic/Demo,89.31,63.95
A1293,30,84.9,8,13.3,61.1,9.81,271,103.3,80,8.6,6,114,Synthetic/Demo,78.93,61.72
A1294,29,84.1,8,12.7,61.2,9.8,271,101.4,80,8.9,6,111,Synthetic/Demo,80.39,62.19
A1295,19,50.6,1,5.2,33.4,7.13,187,62.9,56,5.6,3,70,Synthetic/Demo,22.37,32.25
A1296,30,81.8,8,12.9,64.0,9.8,269,105.6,82,8.7,6,117,Synthetic/Demo,80.35,62.65
A1297,30,82.0,8,13.0,64.9,9.87,264,107.0,80,8.7,6,115,Synthetic/Demo,85.68,64.52
A1298,19,53.4,1,5.1,34.1,7.01,178,62.8,54,5.7,3,70,Synthetic/Demo,22.12,32.81
A1299,29,84.3,8,13.7,61.5,9.86,268,104.0,80,8.8,6,115,Synthetic/Demo,81.72,63.43
A1300,30,82.1,8,12.8,64.7,9.93,275,105.7,81,8.6,6,113,Synthetic/Demo,82.04,63.34
A1301,29,82.3,8,13.5,64.9,9.93,268,109.1,80,8.9,6,114,Synthetic/Demo,82.68,66.23
A1302,30,83.6,8,12.9,64.7,9.94,271,106.4,80,8.8,6,114,Synthetic/Demo,85.22,64.06
A1303,19,51.1,1,4.6,31.9,7.0,189,60.8,56,5.9,3,73,Synthetic/Demo,18.4,30.24
A1304,29,83.5,8,13.8,61.1,9.65,266,103.7,80,8.8,6,117,Synthetic/Demo,77.59,62.74
A1305,29,82.7,8,12.7,64.4,9.94,274,104.8,79,8.9,6,113,Synthetic/Demo,82.8,64.3
A1306,29,81.1,8,13.7,64.8,9.65,271,103.9,80,8.8,6,117,Synthetic/Demo,78.76,63.99
A1307,19,53.6,1,5.0,33.2,7.21,179,63.1,56,5.9,3,69,Synthetic/Demo,23.47,32.95
A1308,19,51.9,1,5.2,31.1,6.97,182,60.3,54,5.9,3,70,Synthetic/Demo,20.26,31.56
A1309,18,51.7,1,4.5,33.1,7.24,184,62.3,54,5.9,3,71,Synthetic/Demo,25.13,32.82
A1310,29,82.4,8,13.6,62.0,9.96,274,105.4,79,9.0,6,117,Synthetic/Demo,83.02,64.21
A1311,29,81.3,8,13.7,63.3,9.86,268,107.4,79,8.8,6,114,Synthetic/Demo,83.1,65.53
A1312,29,83.6,8,13.8,64.5,9.99,265,106.1,80,8.6,6,112,Synthetic/Demo,86.81,65.71
A1313,30,84.7,8,13.6,62.9,9.9,264,104.9,80,8.6,6,115,Synthetic/Demo,86.35,63.53
A1314,29,82.5,8,13.1,63.3,9.83,265,106.2,81,8.8,6,116,Synthetic/Demo,83.28,63.9
A1315,18,50.4,1,5.2,31.2,7.14,179,61.1,55,5.6,3,71,Synthetic/Demo,21.19,32.15
A1316,29,85.1,8,13.2,62.0,9.79,273,103.6,80,8.6,6,114,Synthetic/Demo,75.16,62.2
A1317,18,51.7,1,4.5,32.8,7.14,183,60.7,55,5.5,3,71,Synthetic/Demo,16.98,31.3
A1318,18,51.8,1,4.6,31.3,7.23,185,62.6,55,5.8,3,68,Synthetic/Demo,19.92,32.31
A1319,18,54.2,1,4.8,33.8,7.26,181,63.8,54,5.5,3,71,Synthetic/Demo,21.31,32.88
A1320,30,81.9,8,13.4,64.6,9.99,264,105.9,80,8.6,6,113,Synthetic/Demo,83.12,65.04
A1321,29,84.1,8,13.6,64.8,9.69,265,107.6,80,9.0,6,116,Synthetic/Demo,83.71,65.19
A1322,29,83.2,8,12.8,61.0,9.67,269,104.2,81,8.9,6,115,Synthetic/Demo,79.65,61.94
A1323,18,50.1,1,4.8,33.7,7.06,179,61.4,56,5.5,3,71,Synthetic/Demo,21.2,32.12
A1324,30,81.3,8,13.0,62.5,9.64,269,104.8,80,8.7,6,115,Synthetic/Demo,80.63,62.43
A1325,30,83.2,8,12.8,63.0,9.87,265,105.0,79,8.8,6,116,Synthetic/Demo,81.07,63.24
A1326,19,53.0,1,5.0,31.9,7.05,188,60.0,54,5.7,3,69,Synthetic/Demo,13.93,31.05
A1327,29,85.1,8,13.7,62.8,9.9,272,105.4,82,8.7,6,114,Synthetic/Demo,78.83,63.47
A1328,30,81.5,8,13.2,62.2,9.67,271,104.1,80,8.9,6,115,Synthetic/Demo,78.94,62.65
A1329,19,54.2,1,4.8,30.8,7.23,186,59.4,53,5.8,3,71,Synthetic/Demo,16.22,30.85
A1330,19,54.2,1,5.1,32.7,6.98,183,64.4,53,5.5,3,68,Synthetic/Demo,23.67,32.3
A1331,19,52.4,1,4.4,33.7,7.01,188,61.1,55,5.5,3,74,Synthetic/Demo,23.95,30.0
A1332,19,50.3,1,5.1,32.7,7.04,181,62.8,56,5.7,3,72,Synthetic/Demo,25.37,31.95
A1333,18,52.3,1,4.4,31.7,7.24,179,61.4,54,5.8,3,69,Synthetic/Demo,20.41,32.39
A1334,18,53.8,1,5.2,33.6,7.25,187,63.3,55,5.7,3,70,Synthetic/Demo,27.65,33.06
A1335,18,52.9,1,4.5,32.4,7.15,188,60.9,56,5.8,3,70,Synthetic/Demo,20.36,31.2
A1336,19,53.1,1,4.3,31.0,7.07,188,60.2,55,5.6,3,71,Synthetic/Demo,16.84,29.43
A1337,19,50.4,1,4.3,31.6,7.1,182,59.7,54,5.7,3,72,Synthetic/Demo,17.17,30.6
A1338,29,81.9,8,12.7,64.3,9.77,268,105.0,80,8.8,6,114,Synthetic/Demo,79.79,63.83
A1339,19,50.5,1,4.6,33.1,7.26,180,61.1,56,5.5,3,72,Synthetic/Demo,20.25,31.49
A1340,19,53.9,1,4.7,32.6,7.27,189,63.1,56,5.6,3,68,Synthetic/Demo,21.87,31.56
A1341,29,84.4,8,12.7,62.9,9.92,271,103.8,81,8.8,6,115,Synthetic/Demo,80.26,62.59
A1342,18,53.4,1,4.6,32.8,7.13,188,61.6,54,5.9,3,71,Synthetic/Demo,20.73,31.9
A1343,29,84.7,8,13.4,63.1,9.9,265,106.1,82,9.0,6,114,Synthetic/Demo,83.95,64.41
A1344,30,83.6,8,12.6,61.2,9.71,270,104.0,79,9.0,6,115,Synthetic/Demo,81.74,61.92
A1345,30,83.9,8,13.4,64.7,9.89,271,108.2,80,8.8,6,116,Synthetic/Demo,86.21,64.49
A1346,19,51.0,1,5.2,31.6,7.04,180,62.7,55,5.6,3,73,Synthetic/Demo,16.74,31.51
A1347,18,53.8,1,4.6,31.7,6.94,182,59.4,56,5.6,3,68,Synthetic/Demo,10.98,30.39
A1348,29,82.8,8,13.4,62.6,9.72,272,105.9,79,8.6,6,112,Synthetic/Demo,83.28,63.79
A1349,29,82.0,8,12.8,61.1,9.87,270,102.3,80,8.7,6,112,Synthetic/Demo,74.27,62.5
A1350,19,51.1,1,4.3,32.8,7.14,182,60.7,53,5.8,3,73,Synthetic/Demo,19.73,31.46
A1351,29,83.7,8,13.3,61.2,9.91,272,103.4,82,8.7,6,111,Synthetic/Demo,76.04,62.75
A1352,18,53.9,1,4.6,31.4,7.09,186,61.3,55,5.7,3,71,Synthetic/Demo,14.02,30.76
A1353,29,84.5,8,13.6,62.6,9.98,268,108.1,79,8.9,6,111,Synthetic/Demo,85.28,65.79
A1354,19,53.0,1,4.7,33.5,7.27,182,62.9,54,5.7,3,70,Synthetic/Demo,25.06,32.69
A1355,19,52.9,1,5.1,32.3,6.92,179,64.8,53,5.9,3,72,Synthetic/Demo,20.51,32.64
A1356,19,53.5,1,5.3,30.8,7.16,189,62.4,54,5.8,3,71,Synthetic/Demo,13.16,31.51
A1357,18,51.3,1,4.4,34.4,6.93,185,61.6,55,5.6,3,73,Synthetic/Demo,18.4,31.21
A1358,30,83.8,8,13.2,61.3,9.73,268,104.4,81,8.8,6,116,Synthetic/Demo,80.41,61.9
A1359,18,52.9,1,4.1,32.5,6.97,180,59.9,53,5.7,3,71,Synthetic/Demo,14.52,30.95
A1360,29,83.8,8,12.7,64.8,9.98,275,105.3,80,8.8,6,115,Synthetic/Demo,81.89,63.76
A1361,19,51.6,1,5.0,32.1,7.22,183,61.5,55,5.7,3,72,Synthetic/Demo,21.48,31.74
A1362,19,53.0,1,4.7,32.7,7.23,181,63.0,55,5.6,3,73,Synthetic/Demo,23.59,31.59
A1363,29,82.1,8,13.2,64.0,9.85,273,106.6,82,8.9,6,115,Synthetic/Demo,82.07,64.05
A1364,18,54.1,1,4.8,32.0,7.07,180,61.7,56,5.7,3,74,Synthetic/Demo,17.63,30.91
A1365,19,50.1,1,5.2,33.5,6.99,186,62.5,54,5.8,3,68,Synthetic/Demo,25.64,33.02
A1366,18,54.1,1,5.2,31.4,7.07,189,61.2,55,5.7,3,69,Synthetic/Demo,19.71,31.37
A1367,30,84.7,8,13.0,61.9,9.8,270,102.1,80,8.9,6,114,Synthetic/Demo,78.93,62.02
A1368,19,50.2,1,4.4,32.4,6.97,184,60.5,56,5.8,3,71,Synthetic/Demo,16.3,30.62
A1369,18,51.3,1,5.1,31.0,6.97,186,61.0,54,5.6,3,73,Synthetic/Demo,17.93,30.88
A1370,18,53.4,1,5.2,30.9,7.2,189,63.7,54,5.8,3,73,Synthetic/Demo,18.64,31.96
A1371,19,53.2,1,4.5,32.2,6.95,182,59.9,53,5.6,3,70,Synthetic/Demo,18.6,30.59
A1372,29,82.3,8,13.2,61.4,9.85,271,104.1,82,8.7,6,112,Synthetic/Demo,84.59,62.82
A1373,19,50.8,1,5.1,32.8,6.97,188,60.8,53,5.6,3,71,Synthetic/Demo,16.16,31.48
A1374,19,52.8,1,5.2,33.9,7.22,184,64.2,53,5.6,3,69,Synthetic/Demo,19.03,33.57
A1375,30,83.4,8,13.3,62.8,9.83,273,105.1,81,8.8,6,115,Synthetic/Demo,84.97,62.81
A1376,30,81.7,8,13.5,62.4,9.72,273,105.5,82,8.9,6,111,Synthetic/Demo,79.9,63.46
A1377,19,50.1,1,4.7,30.5,7.08,181,60.7,54,5.9,3,70,Synthetic/Demo,17.76,31.52
A1378,19,52.6,1,5.3,31.8,7.28,182,63.0,54,5.6,3,69,Synthetic/Demo,25.96,32.8
A1379,30,82.1,8,13.6,63.3,9.87,266,106.2,82,8.7,6,116,Synthetic/Demo,80.56,63.72
A1380,29,84.0,8,13.1,60.8,9.74,272,102.6,82,8.7,6,113,Synthetic/Demo,83.25,61.47
A1381,19,52.9,1,4.4,32.3,6.98,180,61.3,55,5.9,3,72,Synthetic/Demo,21.95,30.87
A1382,30,84.1,8,13.5,63.0,9.86,271,105.3,79,8.7,6,115,Synthetic/Demo,80.03,63.48
A1383,29,85.3,8,13.6,61.8,9.81,265,103.7,81,8.9,6,116,Synthetic/Demo,87.37,63.11
A1384,29,84.4,8,12.8,61.1,9.67,270,103.3,81,8.7,6,113,Synthetic/Demo,75.75,61.5
A1385,30,82.5,8,13.4,61.7,9.86,272,105.9,82,8.8,6,114,Synthetic/Demo,82.76,62.91
A1386,30,84.9,8,12.6,64.1,9.95,265,104.4,81,8.9,6,113,Synthetic/Demo,82.41,63.45
A1387,29,81.2,8,12.7,63.1,9.69,264,104.5,80,8.9,6,115,Synthetic/Demo,83.85,63.48
A1388,19,52.2,1,4.1,34.3,7.11,183,63.8,53,5.7,3,72,Synthetic/Demo,26.23,32.09
A1389,19,51.7,1,4.4,34.4,7.06,186,62.2,55,5.6,3,69,Synthetic/Demo,21.05,31.71
A1390,29,81.8,8,13.3,62.3,9.64,265,105.8,81,8.8,6,116,Synthetic/Demo,78.06,63.29
A1391,29,85.2,8,13.3,62.3,9.94,266,106.1,80,9.0,6,112,Synthetic/Demo,83.72,64.71
A1392,19,50.1,1,4.7,31.9,7.13,184,60.5,54,5.8,3,72,Synthetic/Demo,18.21,31.45
A1393,30,84.5,8,13.7,64.7,9.7,265,105.9,79,8.7,6,111,Synthetic/Demo,89.15,64.87
A1394,29,82.6,8,13.1,62.4,9.97,270,105.6,82,8.6,6,112,Synthetic/Demo,81.28,63.53
A1395,19,50.9,1,4.7,31.7,7.17,184,59.6,55,5.7,3,70,Synthetic/Demo,18.82,31.09
A1396,29,85.2,8,13.6,63.5,9.77,267,104.8,80,8.6,6,115,Synthetic/Demo,82.13,63.55
A1397,30,82.9,8,13.0,62.6,9.8,275,104.5,80,8.9,6,117,Synthetic/Demo,75.44,62.27
A1398,19,50.1,1,4.9,33.0,6.96,179,61.5,56,5.8,3,73,Synthetic/Demo,18.13,31.56
A1399,18,52.9,1,4.7,33.7,6.95,187,60.8,55,5.8,3,71,Synthetic/Demo,23.81,31.44
A1400,29,85.0,8,13.3,62.3,9.67,269,104.0,81,8.7,6,116,Synthetic/Demo,77.4,62.12
A1401,18,52.4,1,4.5,31.6,7.13,178,62.6,54,5.9,3,72,Synthetic/Demo,17.95,32.21
A1402,29,83.6,8,13.6,61.3,9.65,273,102.9,80,8.8,6,112,Synthetic/Demo,80.52,62.71
A1403,18,54.2,1,5.1,33.6,7.11,186,62.3,55,5.6,3,71,Synthetic/Demo,25.48,32.08
A1404,18,50.3,1,5.2,33.7,7.06,179,63.1,54,5.5,3,70,Synthetic/Demo,25.04,33.41
A1405,30,81.4,8,13.0,62.4,9.92,270,106.4,81,8.9,6,117,Synthetic/Demo,83.94,63.22
A1406,19,51.1,1,4.5,30.3,7.23,185,59.4,55,5.7,3,71,Synthetic/Demo,16.51,30.28
A1407,19,52.0,1,4.7,32.1,6.93,183,59.9,55,5.6,3,70,Synthetic/Demo,14.78,30.41
A1408,29,82.5,8,13.1,64.8,9.72,263,106.2,81,9.0,6,117,Synthetic/Demo,86.92,64.46
A1409,18,53.1,1,4.9,32.9,6.99,178,63.9,53,5.7,3,72,Synthetic/Demo,21.15,32.74
A1410,30,83.8,8,13.6,61.3,9.81,272,103.4,80,8.9,6,117,Synthetic/Demo,79.07,62.3
A1411,18,51.9,1,4.5,31.6,6.95,180,62.4,56,5.8,3,68,Synthetic/Demo,23.82,31.63
A1412,30,84.9,8,12.9,64.6,9.8,264,104.0,81,8.8,6,111,Synthetic/Demo,83.24,63.64
A1413,19,50.1,1,4.9,30.4,6.94,179,59.0,54,5.8,3,72,Synthetic/Demo,20.21,30.65
A1414,19,52.5,1,4.8,30.6,7.04,186,59.6,55,5.5,3,69,Synthetic/Demo,24.86,29.93
A1415,30,81.6,8,12.8,63.8,9.88,273,104.8,82,8.8,6,114,Synthetic/Demo,78.44,62.9
A1416,19,51.5,1,4.8,32.9,6.92,178,61.6,54,5.6,3,73,Synthetic/Demo,23.41,31.27
A1417,19,50.9,1,5.1,31.2,7.11,179,60.9,55,5.7,3,72,Synthetic/Demo,21.03,31.47
A1418,18,53.5,1,5.2,32.1,7.28,186,60.3,56,5.7,3,72,Synthetic/Demo,22.23,31.61
A1419,19,50.2,1,4.2,32.9,7.23,183,61.9,54,5.5,3,69,Synthetic/Demo,25.25,31.79
A1420,29,83.1,8,13.6,61.7,9.72,265,104.3,79,8.8,6,112,Synthetic/Demo,82.34,64.09
A1421,18,51.9,1,5.2,32.6,7.24,183,63.0,55,5.7,3,71,Synthetic/Demo,24.41,33.0
A1422,19,51.1,1,4.3,31.0,7.08,182,59.3,54,5.7,3,68,Synthetic/Demo,21.85,30.73
A1423,29,85.1,8,13.4,63.8,9.89,273,105.4,79,8.7,6,113,Synthetic/Demo,80.77,64.18
A1424,29,84.5,8,13.6,61.6,9.75,273,104.0,80,8.7,6,114,Synthetic/Demo,77.14,62.71
A1425,29,84.7,8,13.4,62.3,9.83,266,104.3,80,8.7,6,113,Synthetic/Demo,77.83,63.57
A1426,19,51.4,1,5.2,34.2,7.24,188,63.2,53,5.5,3,73,Synthetic/Demo,17.19,32.72
A1427,19,53.2,1,4.6,32.8,7.14,179,62.8,56,5.7,3,68,Synthetic/Demo,27.92,32.02
A1428,29,84.0,8,12.9,62.0,9.66,267,102.0,81,8.8,6,116,Synthetic/Demo,74.84,61.6
A1429,30,82.9,8,12.9,60.8,9.86,264,103.4,79,9.0,6,111,Synthetic/Demo,79.18,63.39
A1430,19,51.5,1,4.1,30.6,7.1,189,59.1,54,5.7,3,72,Synthetic/Demo,16.3,29.34
A1431,30,81.7,8,12.7,64.7,9.93,269,105.0,81,8.7,6,112,Synthetic/Demo,82.41,63.84
A1432,19,50.2,1,4.8,32.0,7.05,179,62.5,54,5.8,3,72,Synthetic/Demo,23.66,32.09
A1433,19,51.5,1,4.1,31.4,7.09,184,61.0,56,5.6,3,73,Synthetic/Demo,20.87,29.56
A1434,19,50.5,1,5.3,31.2,7.13,186,61.9,56,5.7,3,68,Synthetic/Demo,19.27,31.92
A1435,30,81.5,8,13.1,61.8,9.98,274,104.8,81,8.7,6,111,Synthetic/Demo,79.68,63.2
A1436,19,50.5,1,4.7,33.0,7.25,182,63.0,56,5.5,3,73,Synthetic/Demo,22.65,31.66
A1437,19,51.9,1,4.8,34.3,6.93,180,62.0,55,5.9,3,72,Synthetic/Demo,21.08,32.13
A1438,30,83.9,8,13.2,64.2,9.96,274,105.6,82,8.6,6,114,Synthetic/Demo,86.41,63.1
A1439,30,82.8,8,13.0,64.5,9.89,265,105.1,80,8.7,6,113,Synthetic/Demo,83.68,64.15
A1440,29,84.6,8,13.6,64.7,9.68,271,106.0,81,8.9,6,117,Synthetic/Demo,84.25,63.83
A1441,19,51.9,1,4.5,30.7,7.25,189,57.4,55,5.7,3,72,Synthetic/Demo,20.04,29.56
A1442,29,84.1,8,13.2,60.9,9.67,267,100.0,81,8.7,6,117,Synthetic/Demo,80.81,60.82
A1443,30,84.0,8,13.6,64.9,9.9,266,107.3,79,8.8,6,111,Synthetic/Demo,85.02,65.82
A1444,29,83.4,8,12.7,62.4,9.63,269,104.6,80,8.8,6,114,Synthetic/Demo,74.76,62.45
A1445,30,81.3,8,13.1,64.5,9.8,274,105.4,79,8.9,6,113,Synthetic/Demo,82.68,64.29
A1446,19,53.0,1,5.2,33.7,7.23,180,62.9,54,5.6,3,71,Synthetic/Demo,21.68,32.98
A1447,19,53.9,1,5.2,31.4,7.27,186,61.7,54,5.6,3,71,Synthetic/Demo,19.87,31.54
A1448,29,83.0,8,12.7,60.8,9.85,274,103.1,80,8.7,6,115,Synthetic/Demo,79.35,61.59
A1449,30,82.6,8,12.7,61.0,9.89,270,104.8,81,8.6,6,114,Synthetic/Demo,82.36,61.77
A1450,29,85.0,8,13.1,63.6,9.85,266,101.9,80,8.8,6,112,Synthetic/Demo,80.84,63.53
A1451,18,51.8,1,4.9,32.2,7.23,184,63.1,55,5.7,3,74,Synthetic/Demo,22.66,32.07
A1452,19,53.6,1,5.1,32.7,7.15,182,62.1,54,5.7,3,73,Synthetic/Demo,27.16,31.84
A1453,19,53.8,1,4.2,33.5,7.03,189,61.3,56,5.8,3,71,Synthetic/Demo,20.14,30.29
A1454,19,51.3,1,4.3,31.8,7.25,184,58.6,53,5.6,3,71,Synthetic/Demo,27.12,30.76
A1455,19,53.5,1,4.4,30.9,7.19,183,60.1,54,5.8,3,71,Synthetic/Demo,21.11,30.59
A1456,19,50.7,1,4.7,30.7,7.08,181,60.4,55,5.6,3,70,Synthetic/Demo,14.0,30.72
A1457,19,51.4,1,4.5,30.8,7.08,188,60.6,54,5.8,3,69,Synthetic/Demo,21.0,30.75
A1458,18,52.2,1,4.7,34.3,7.28,182,61.9,55,5.5,3,69,Synthetic/Demo,23.83,32.91
A1459,29,83.4,8,13.6,64.7,9.89,268,107.5,79,8.9,6,112,Synthetic/Demo,88.13,66.17
A1460,29,83.3,8,13.4,64.5,9.69,270,106.4,81,8.9,6,117,Synthetic/Demo,83.85,63.91
A1461,30,84.1,8,13.2,62.1,9.77,266,105.5,79,8.7,6,114,Synthetic/Demo,80.17,63.12
A1462,18,50.9,1,4.5,31.1,7.24,184,61.2,54,5.6,3,71,Synthetic/Demo,16.23,31.5
A1463,19,53.4,1,4.3,34.4,7.13,183,62.2,54,5.5,3,72,Synthetic/Demo,20.58,31.34
A1464,29,83.8,8,13.0,63.8,9.93,272,107.5,79,8.6,6,112,Synthetic/Demo,79.42,64.53
A1465,29,82.2,8,12.6,63.5,9.7,271,102.6,79,8.7,6,115,Synthetic/Demo,76.81,62.43
A1466,18,51.0,1,4.2,33.5,7.16,184,62.0,54,5.8,3,71,Synthetic/Demo,22.71,32.31
A1467,18,53.8,1,5.0,31.5,6.94,180,61.2,56,5.5,3,71,Synthetic/Demo,24.71,30.63
A1468,29,81.5,8,12.7,64.8,9.69,273,106.0,82,8.9,6,116,Synthetic/Demo,81.45,63.22
A1469,18,51.0,1,5.3,30.7,7.09,184,60.9,55,5.6,3,69,Synthetic/Demo,16.74,31.8
A1470,19,50.2,1,4.8,34.0,7.26,182,63.2,54,5.7,3,70,Synthetic/Demo,24.64,33.4
A1471,30,81.6,8,13.4,64.9,9.97,271,109.3,79,8.7,6,115,Synthetic/Demo,87.79,65.49
A1472,29,82.8,8,13.3,61.0,9.81,271,104.8,80,8.8,6,117,Synthetic/Demo,77.65,62.62
A1473,30,85.1,8,12.7,62.7,9.83,273,104.4,79,8.9,6,117,Synthetic/Demo,79.0,62.08
A1474,18,52.5,1,4.8,32.1,6.97,183,60.8,55,5.8,3,69,Synthetic/Demo,20.08,31.63
A1475,19,51.9,1,4.7,32.1,7.0,189,61.6,55,5.6,3,72,Synthetic/Demo,16.82,30.3
A1476,29,82.9,8,13.2,64.9,9.9,266,107.7,81,8.8,6,114,Synthetic/Demo,85.49,65.22
A1477,19,50.9,1,4.1,30.4,7.05,189,58.5,55,5.6,3,74,Synthetic/Demo,15.9,28.44
A1478,19,51.9,1,4.2,33.2,7.22,189,60.5,56,5.6,3,69,Synthetic/Demo,20.99,30.73
A1479,18,50.7,1,5.3,30.4,7.01,185,61.5,54,5.9,3,74,Synthetic/Demo,17.43,31.6
A1480,29,85.2,8,13.3,63.8,9.86,266,106.6,79,8.6,6,111,Synthetic/Demo,81.26,64.78
A1481,19,53.3,1,5.0,32.8,6.91,179,62.9,53,5.7,3,73,Synthetic/Demo,23.57,31.75
A1482,18,53.2,1,4.4,30.7,7.26,189,60.1,56,5.8,3,68,Synthetic/Demo,17.88,30.81
A1483,29,85.2,8,13.4,64.6,10.0,273,106.7,79,8.6,6,115,Synthetic/Demo,88.21,64.54
A1484,30,81.7,8,12.7,63.7,9.66,268,104.6,82,8.9,6,115,Synthetic/Demo,78.41,62.48
A1485,18,54.0,1,5.0,33.3,7.12,182,63.3,54,5.6,3,72,Synthetic/Demo,23.03,32.44
A1486,30,85.0,8,12.8,61.2,9.97,268,103.5,82,8.8,6,113,Synthetic/Demo,82.2,61.94
A1487,19,53.5,1,4.9,30.5,7.13,181,60.0,55,5.6,3,68,Synthetic/Demo,15.5,30.8
A1488,18,50.9,1,5.0,34.4,6.99,184,62.7,55,5.7,3,72,Synthetic/Demo,16.78,32.64
A1489,29,82.7,8,12.8,61.4,9.86,273,104.9,79,9.0,6,114,Synthetic/Demo,74.82,63.27
A1490,30,81.2,8,13.1,63.4,10.0,266,106.4,80,8.7,6,114,Synthetic/Demo,86.28,64.45
A1491,29,82.9,8,13.7,63.7,9.99,268,106.7,80,8.8,6,114,Synthetic/Demo,82.09,65.43
A1492,30,84.3,8,13.2,63.7,9.93,270,105.0,79,9.0,6,117,Synthetic/Demo,89.72,63.79
A1493,29,83.4,8,13.1,61.5,9.66,267,102.4,82,8.9,6,112,Synthetic/Demo,76.91,62.34
A1494,29,83.8,8,13.5,62.1,9.77,273,104.0,81,8.6,6,115,Synthetic/Demo,80.15,62.41
A1495,19,54.1,1,4.1,30.4,7.28,185,58.8,55,5.8,3,71,Synthetic/Demo,22.94,29.66
A1496,30,81.7,8,12.7,63.3,9.89,275,105.2,82,9.0,6,112,Synthetic/Demo,86.25,63.23
A1497,19,53.5,1,5.1,33.5,7.05,182,64.7,54,5.5,3,70,Synthetic/Demo,28.89,32.49
A1498,29,84.5,8,13.5,62.9,9.76,267,103.8,80,9.0,6,115,Synthetic/Demo,84.87,63.79
A1499,18,51.6,1,4.1,30.8,6.97,179,58.8,56,5.8,3,70,Synthetic/Demo,20.71,30.07
A1500,19,50.0,1,4.3,30.5,7.27,185,60.7,55,5.6,3,74,Synthetic/Demo,20.61,30.08
A1501,29,82.8,8,13.4,64.5,9.91,265,106.7,79,8.9,6,114,Synthetic/Demo,86.17,65.77
A1502,30,84.4,8,13.7,61.0,9.79,267,104.3,81,8.9,6,115,Synthetic/Demo,78.88,62.74
A1503,29,83.3,8,12.7,63.6,9.91,268,105.3,80,8.8,6,112,Synthetic/Demo,78.7,64.1
A1504,19,50.3,1,4.1,31.4,7.26,184,62.6,56,5.7,3,70,Synthetic/Demo,19.88,31.1
A1505,29,82.1,8,13.1,61.6,9.73,273,101.6,81,8.6,6,117,Synthetic/Demo,77.03,61.18
A1506,29,81.9,8,13.2,62.0,9.74,271,106.0,79,8.7,6,117,Synthetic/Demo,78.5,63.1
A1507,29,84.5,8,13.2,64.5,9.81,270,105.3,81,8.6,6,116,Synthetic/Demo,83.43,63.25
A1508,30,83.5,8,13.5,61.4,9.89,270,103.9,80,8.8,6,116,Synthetic/Demo,83.22,62.68
A1509,30,84.0,8,13.3,64.7,10.0,267,106.8,79,8.9,6,112,Synthetic/Demo,84.4,65.56
A1510,29,84.7,8,13.3,64.2,9.69,274,104.5,81,9.0,6,113,Synthetic/Demo,85.27,63.61
A1511,29,85.2,8,13.0,63.7,9.76,266,107.4,81,8.6,6,114,Synthetic/Demo,77.97,63.5
A1512,29,82.1,8,12.8,62.5,9.76,271,103.9,82,8.8,6,112,Synthetic/Demo,78.46,62.71
A1513,30,81.8,8,13.4,64.6,9.9,266,107.4,80,8.9,6,111,Synthetic/Demo,81.87,65.81
A1514,19,53.6,1,5.3,31.8,6.93,185,62.8,54,5.7,3,71,Synthetic/Demo,15.21,31.41
A1515,29,81.2,8,13.0,62.4,9.7,274,103.9,81,8.9,6,117,Synthetic/Demo,78.47,62.33
A1516,29,84.4,8,12.9,63.3,9.89,266,104.1,81,8.9,6,117,Synthetic/Demo,80.52,63.12
A1517,19,51.9,1,4.5,33.9,7.19,183,63.3,55,5.5,3,70,Synthetic/Demo,26.45,32.04
A1518,30,83.9,8,13.0,61.9,9.67,271,102.7,79,8.7,6,117,Synthetic/Demo,79.99,61.29
A1519,19,54.0,1,4.9,33.8,7.2,178,64.0,55,5.8,3,69,Synthetic/Demo,20.77,33.26
A1520,19,52.7,1,5.1,32.6,6.98,185,61.2,53,5.5,3,71,Synthetic/Demo,26.05,31.27
A1521,18,53.5,1,5.3,30.7,7.0,185,60.9,55,5.9,3,70,Synthetic/Demo,23.82,31.52
A1522,29,84.6,8,13.1,62.5,9.68,273,103.5,79,8.7,6,111,Synthetic/Demo,80.78,62.85
A1523,29,82.5,8,13.6,64.2,9.88,267,104.9,82,9.0,6,117,Synthetic/Demo,82.18,64.46
A1524,29,81.1,8,13.1,63.2,9.78,274,103.5,81,8.6,6,113,Synthetic/Demo,76.55,62.91
A1525,19,51.1,1,5.1,31.9,6.99,181,62.1,54,5.7,3,74,Synthetic/Demo,19.73,31.42
A1526,29,85.3,8,12.6,63.0,9.82,264,102.4,79,8.9,6,117,Synthetic/Demo,82.95,62.58
A1527,29,83.9,8,13.3,61.8,9.89,270,104.6,80,8.7,6,115,Synthetic/Demo,86.0,63.09
A1528,19,53.7,1,4.5,34.2,7.02,183,62.7,54,5.9,3,71,Synthetic/Demo,26.33,32.08
A1529,19,53.9,1,4.3,34.3,6.94,181,63.2,54,5.9,3,69,Synthetic/Demo,19.99,32.18
A1530,29,83.3,8,12.9,64.9,9.85,268,104.7,80,8.8,6,115,Synthetic/Demo,78.32,64.04
A1531,18,52.1,1,4.4,33.2,6.97,186,60.9,53,5.6,3,72,Synthetic/Demo,19.84,31.13
A1532,19,54.0,1,4.5,31.2,7.14,187,58.4,53,5.7,3,72,Synthetic/Demo,13.2,29.89
A1533,30,83.5,8,13.6,64.3,9.81,272,106.7,81,8.8,6,115,Synthetic/Demo,83.48,63.97
A1534,18,52.2,1,4.7,31.6,7.24,185,62.8,54,5.7,3,72,Synthetic/Demo,20.6,31.99
A1535,30,82.2,8,13.4,61.2,9.79,264,105.7,81,8.8,6,114,Synthetic/Demo,79.34,63.25
A1536,29,81.5,8,13.8,62.4,9.73,268,106.8,79,8.8,6,114,Synthetic/Demo,77.22,64.84
A1537,29,83.4,8,12.6,61.9,9.95,271,103.5,81,8.6,6,116,Synthetic/Demo,80.25,61.82
A1538,18,53.8,1,4.7,33.6,6.93,181,62.1,53,5.9,3,69,Synthetic/Demo,19.88,32.74
A1539,18,53.7,1,4.2,31.6,7.05,180,61.6,56,5.6,3,72,Synthetic/Demo,15.54,30.25
A1540,18,54.0,1,4.4,33.7,7.03,189,61.2,53,5.7,3,71,Synthetic/Demo,11.37,31.38
A1541,29,82.0,8,13.8,64.6,9.93,264,107.5,80,8.6,6,112,Synthetic/Demo,84.57,66.17
A1542,19,53.3,1,5.0,33.6,7.13,188,63.3,54,5.9,3,72,Synthetic/Demo,27.71,32.4
A1543,30,83.6,8,13.2,62.2,9.94,268,105.9,80,8.8,6,116,Synthetic/Demo,86.32,63.3
A1544,30,83.3,8,13.6,63.5,9.75,272,105.1,80,8.7,6,115,Synthetic/Demo,79.82,63.27
A1545,19,52.7,1,5.2,31.7,7.27,188,63.6,53,5.9,3,71,Synthetic/Demo,20.71,32.81
A1546,18,52.2,1,5.1,30.5,7.19,181,62.0,54,5.8,3,72,Synthetic/Demo,22.59,32.15
A1547,18,53.7,1,5.3,32.0,6.96,182,61.7,56,5.7,3,71,Synthetic/Demo,17.89,31.5
A1548,29,81.2,8,13.1,63.2,9.9,275,104.3,82,9.0,6,116,Synthetic/Demo,81.38,63.36
A1549,29,83.6,8,13.4,64.8,9.77,269,104.6,80,8.9,6,113,Synthetic/Demo,84.55,64.65
A1550,19,50.0,1,4.2,33.6,6.92,188,62.5,53,5.7,3,73,Synthetic/Demo,23.1,31.05
A1551,18,52.9,1,4.6,32.3,6.93,179,62.0,54,5.8,3,73,Synthetic/Demo,19.95,31.47
A1552,30,85.1,8,13.4,61.1,10.0,265,105.5,81,8.9,6,116,Synthetic/Demo,80.97,63.13
A1553,30,84.0,8,13.6,60.9,9.69,266,102.6,81,8.8,6,112,Synthetic/Demo,76.77,62.36
A1554,19,50.7,1,4.4,30.4,7.22,185,58.4,55,5.7,3,73,Synthetic/Demo,15.73,29.75
A1555,18,52.0,1,5.1,33.1,7.02,180,65.8,54,5.5,3,72,Synthetic/Demo,22.07,32.97
A1556,19,50.4,1,4.5,30.4,7.2,183,59.9,56,5.8,3,74,Synthetic/Demo,20.06,30.1
A1557,19,51.4,1,5.2,34.2,6.94,180,62.2,55,5.6,3,73,Synthetic/Demo,24.87,31.99
A1558,18,51.6,1,4.7,32.8,7.14,179,61.6,54,5.6,3,71,Synthetic/Demo,19.04,32.33
A1559,29,85.1,8,12.7,64.4,9.85,268,107.3,81,8.6,6,115,Synthetic/Demo,85.9,63.4
A1560,18,52.0,1,4.3,30.5,7.01,183,59.3,56,5.8,3,69,Synthetic/Demo,16.99,30.22
A1561,30,83.0,8,13.4,62.6,9.94,264,104.9,81,8.8,6,114,Synthetic/Demo,82.01,63.85
A1562,29,85.0,8,12.9,62.1,9.63,269,105.3,80,8.7,6,115,Synthetic/Demo,76.61,62.16
A1563,29,84.4,8,13.1,61.2,9.78,267,104.1,79,9.0,6,116,Synthetic/Demo,72.44,62.98
A1564,19,51.0,1,4.3,30.7,7.2,185,60.5,55,5.6,3,73,Synthetic/Demo,21.25,29.92
A1565,29,83.6,8,12.7,63.4,9.67,271,104.2,82,8.8,6,117,Synthetic/Demo,81.01,61.82
A1566,29,82.4,8,13.4,61.4,9.75,264,104.0,80,9.0,6,113,Synthetic/Demo,79.74,63.95
A1567,29,84.6,8,13.3,61.7,9.87,273,103.3,79,8.7,6,115,Synthetic/Demo,79.78,62.65
A1568,29,82.3,8,13.8,62.7,9.81,274,106.5,79,8.9,6,113,Synthetic/Demo,83.6,64.91
A1569,19,52.6,1,4.7,34.5,7.24,186,63.0,56,5.6,3,70,Synthetic/Demo,17.85,32.2
A1570,19,52.7,1,4.8,31.2,7.28,178,61.4,55,5.6,3,74,Synthetic/Demo,19.56,31.05
A1571,29,83.7,8,13.1,63.8,9.72,268,103.9,81,8.8,6,113,Synthetic/Demo,82.91,63.39
A1572,29,84.8,8,13.7,64.7,9.82,275,107.5,81,8.6,6,112,Synthetic/Demo,79.02,64.53
A1573,19,50.2,1,4.5,33.9,7.02,180,62.4,55,5.6,3,73,Synthetic/Demo,22.0,31.59
A1574,19,54.0,1,4.7,33.0,7.19,178,63.3,55,5.7,3,70,Synthetic/Demo,18.47,32.29
A1575,29,81.3,8,12.9,62.1,9.98,265,106.1,79,9.0,6,115,Synthetic/Demo,83.12,64.72
A1576,30,83.9,8,12.6,64.7,9.8,270,105.3,79,8.9,6,111,Synthetic/Demo,81.07,63.98
A1577,29,84.4,8,12.7,64.1,9.87,272,105.7,81,9.0,6,112,Synthetic/Demo,76.32,63.98
A1578,19,53.8,1,4.4,33.5,7.09,182,63.1,56,5.8,3,74,Synthetic/Demo,24.68,31.03
A1579,29,82.6,8,13.4,64.3,9.75,274,105.7,81,8.9,6,112,Synthetic/Demo,79.43,64.42
A1580,19,50.4,1,4.2,33.5,7.05,186,62.1,56,5.7,3,69,Synthetic/Demo,17.59,31.29
A1581,29,84.7,8,13.2,61.3,9.92,274,103.8,80,8.9,6,112,Synthetic/Demo,80.4,63.13
A1582,19,50.0,1,5.1,30.9,7.12,187,62.3,53,5.5,3,69,Synthetic/Demo,23.81,31.81
A1583,19,53.3,1,4.4,32.6,7.02,179,60.7,54,5.8,3,72,Synthetic/Demo,17.11,31.0
A1584,30,82.7,8,13.6,63.7,9.99,269,107.1,82,8.9,6,117,Synthetic/Demo,83.59,64.29
A1585,19,50.9,1,4.6,34.0,6.94,184,61.8,54,5.7,3,71,Synthetic/Demo,22.0,31.71
A1586,29,84.1,8,12.8,61.4,9.92,268,104.6,81,8.7,6,113,Synthetic/Demo,81.64,62.69
A1587,29,82.6,8,13.4,61.9,9.69,267,103.2,81,8.9,6,113,Synthetic/Demo,80.34,63.21
A1588,30,84.0,8,13.8,61.0,9.97,264,106.1,81,8.9,6,116,Synthetic/Demo,81.29,63.78
A1589,19,51.4,1,5.2,32.9,7.1,188,60.1,55,5.9,3,68,Synthetic/Demo,18.86,32.26
A1590,29,82.4,8,13.0,61.7,9.88,268,104.7,79,8.8,6,116,Synthetic/Demo,80.36,63.31
A1591,29,82.4,8,13.4,63.2,9.94,271,103.9,81,8.7,6,115,Synthetic/Demo,78.01,63.6
A1592,29,84.2,8,13.4,65.0,9.73,268,106.4,80,8.8,6,114,Synthetic/Demo,73.87,64.65
A1593,29,82.4,8,13.1,64.3,9.77,263,104.5,82,8.8,6,114,Synthetic/Demo,82.94,63.96
A1594,19,52.7,1,4.7,33.8,7.2,189,62.8,55,5.7,3,71,Synthetic/Demo,24.45,31.85
A1595,19,51.0,1,4.5,34.3,7.1,187,63.3,56,5.7,3,70,Synthetic/Demo,14.42,31.96
A1596,18,51.9,1,4.7,31.1,7.03,185,59.6,53,5.6,3,73,Synthetic/Demo,15.62,30.55
A1597,29,83.6,8,13.8,63.6,9.83,266,105.8,82,8.8,6,112,Synthetic/Demo,84.82,64.79
A1598,29,82.8,8,12.9,61.3,9.66,268,99.6,79,8.7,6,114,Synthetic/Demo,83.21,61.5
A1599,19,50.3,1,5.1,31.7,7.02,182,63.1,55,5.5,3,72,Synthetic/Demo,20.86,31.42
A1600,19,50.7,1,4.5,32.3,7.13,179,64.2,55,5.7,3,73,Synthetic/Demo,19.29,31.85
A1601,29,81.3,8,13.8,62.6,9.96,267,107.2,79,8.9,6,117,Synthetic/Demo,82.9,65.42
A1602,19,52.8,1,4.2,33.2,6.94,183,61.0,53,5.7,3,70,Synthetic/Demo,23.62,31.0
A1603,29,84.5,8,13.0,62.1,9.9,267,105.7,80,8.9,6,112,Synthetic/Demo,79.17,64.01
A1604,18,50.7,1,5.0,34.5,7.01,187,63.4,56,5.8,3,72,Synthetic/Demo,19.78,32.68
A1605,29,83.4,8,13.3,63.7,9.97,274,107.0,82,8.8,6,114,Synthetic/Demo,80.77,64.17
A1606,29,85.0,8,13.0,64.6,9.84,264,105.9,81,8.9,6,116,Synthetic/Demo,79.55,64.09
A1607,18,50.2,1,4.6,33.6,7.26,182,63.6,56,5.8,3,70,Synthetic/Demo,23.16,33.31
A1608,19,50.3,1,4.8,33.3,6.92,185,61.4,55,5.8,3,69,Synthetic/Demo,25.36,31.81
A1609,29,81.4,8,13.1,64.2,9.67,268,103.1,82,8.6,6,115,Synthetic/Demo,80.78,62.72
A1610,19,53.5,1,4.9,30.8,7.23,187,63.1,56,5.6,3,71,Synthetic/Demo,19.74,30.79
A1611,18,52.7,1,4.6,34.5,6.96,180,64.3,55,5.8,3,69,Synthetic/Demo,21.56,33.11
A1612,18,54.1,1,4.5,31.0,7.04,188,60.8,54,5.8,3,71,Synthetic/Demo,13.94,30.51
A1613,19,52.8,1,4.2,32.8,7.01,189,60.3,56,5.7,3,70,Synthetic/Demo,21.15,29.9
A1614,18,50.9,1,4.1,31.3,7.01,181,59.9,54,5.6,3,71,Synthetic/Demo,17.86,30.48
A1615,19,53.1,1,5.1,31.0,7.03,182,61.5,54,5.6,3,70,Synthetic/Demo,19.73,31.14
A1616,30,84.0,8,13.3,62.5,9.8,264,107.2,79,8.8,6,112,Synthetic/Demo,91.7,64.38
A1617,18,54.2,1,4.8,33.8,7.14,189,62.6,53,5.6,3,71,Synthetic/Demo,22.49,32.21
A1618,30,83.7,8,13.2,63.1,9.68,266,104.0,80,8.9,6,113,Synthetic/Demo,78.3,63.25
A1619,29,84.5,8,13.8,63.4,9.81,271,104.7,79,8.7,6,114,Synthetic/Demo,80.63,64.17
A1620,18,53.4,1,4.6,32.9,7.23,189,60.6,56,5.6,3,72,Synthetic/Demo,23.65,30.86
A1621,30,84.4,8,13.5,61.9,9.91,275,103.7,80,8.7,6,114,Synthetic/Demo,80.48,62.54
A1622,18,51.6,1,5.1,31.5,6.99,182,62.9,53,5.6,3,73,Synthetic/Demo,16.42,31.91
A1623,18,53.8,1,5.3,33.2,7.11,179,61.6,54,5.7,3,74,Synthetic/Demo,25.39,32.44
A1624,29,84.5,8,13.3,60.8,9.71,272,103.5,80,8.8,6,116,Synthetic/Demo,76.42,61.87
A1625,30,84.2,8,13.2,60.9,9.7,265,103.4,79,8.8,6,113,Synthetic/Demo,84.8,62.45
A1626,29,84.3,8,12.9,62.7,9.8,267,104.3,79,8.9,6,116,Synthetic/Demo,83.51,63.23
A1627,18,50.9,1,5.2,33.6,7.09,183,62.3,55,5.8,3,69,Synthetic/Demo,21.36,33.41
A1628,18,54.2,1,4.7,31.7,7.1,179,62.1,56,5.8,3,71,Synthetic/Demo,24.7,31.51
A1629,30,81.4,8,13.7,62.5,9.73,271,104.9,81,9.0,6,114,Synthetic/Demo,81.31,63.72
A1630,19,52.1,1,4.9,32.9,7.03,181,63.0,54,5.5,3,73,Synthetic/Demo,23.87,31.51
A1631,30,83.9,8,13.1,63.5,9.84,273,105.4,79,8.9,6,111,Synthetic/Demo,82.73,64.02
A1632,29,83.9,8,13.5,63.5,9.78,264,104.5,79,8.7,6,115,Synthetic/Demo,79.35,64.15
A1633,29,82.3,8,13.3,64.1,9.72,271,105.1,80,8.8,6,111,Synthetic/Demo,79.38,64.45
A1634,29,84.0,8,13.3,63.1,9.68,275,104.7,79,8.6,6,115,Synthetic/Demo,82.66,62.73
A1635,29,82.7,8,13.6,63.4,9.8,272,104.0,79,8.8,6,113,Synthetic/Demo,80.37,64.3
A1636,29,81.0,8,13.7,62.0,9.85,269,105.9,81,9.0,6,113,Synthetic/Demo,80.74,64.8
A1637,19,52.0,1,5.0,31.7,6.96,188,62.6,54,5.8,3,72,Synthetic/Demo,17.2,31.17
A1638,29,84.8,8,13.0,63.9,9.72,264,105.3,80,8.7,6,112,Synthetic/Demo,82.5,63.88
A1639,30,82.0,8,13.4,63.4,9.64,264,104.6,80,8.9,6,115,Synthetic/Demo,87.38,63.66
A1640,19,51.4,1,4.4,33.6,7.03,186,60.4,54,5.6,3,69,Synthetic/Demo,16.67,31.23
A1641,19,51.8,1,4.6,33.0,7.14,180,61.8,54,5.6,3,72,Synthetic/Demo,21.37,31.69
A1642,19,52.9,1,5.1,32.3,6.93,189,62.1,53,5.7,3,72,Synthetic/Demo,24.39,31.14
A1643,18,50.1,1,4.9,33.0,7.0,183,63.1,53,5.6,3,71,Synthetic/Demo,21.14,32.72
A1644,18,53.5,1,4.5,30.9,6.93,189,60.3,56,5.6,3,70,Synthetic/Demo,18.73,29.5
A1645,19,53.8,1,4.4,31.2,7.02,179,56.9,53,5.6,3,69,Synthetic/Demo,14.94,29.95
A1646,18,53.7,1,5.2,34.2,7.23,184,63.1,53,5.6,3,73,Synthetic/Demo,24.85,33.19
A1647,30,83.2,8,13.4,64.2,9.72,263,106.4,81,8.8,6,117,Synthetic/Demo,81.82,63.75
A1648,30,83.8,8,13.8,61.8,9.69,267,103.2,81,8.8,6,116,Synthetic/Demo,83.14,62.4
A1649,19,50.1,1,4.9,31.7,6.98,179,60.7,55,5.9,3,69,Synthetic/Demo,24.11,31.94
A1650,19,51.7,1,4.8,33.0,6.96,183,61.1,55,5.5,3,69,Synthetic/Demo,27.96,31.16
A1651,19,52.0,1,5.0,33.2,7.06,184,60.9,55,5.7,3,72,Synthetic/Demo,22.87,31.46
A1652,19,53.9,1,5.0,32.5,7.22,188,63.1,54,5.6,3,72,Synthetic/Demo,22.66,31.61
A1653,19,53.8,1,5.1,33.4,7.23,181,64.2,54,5.9,3,70,Synthetic/Demo,24.62,33.52
A1654,29,84.4,8,13.2,63.7,9.82,265,105.3,82,8.9,6,117,Synthetic/Demo,80.65,63.49
A1655,29,81.8,8,13.2,63.2,9.81,269,106.4,82,8.8,6,113,Synthetic/Demo,82.36,64.04
A1656,19,50.0,1,4.4,33.6,6.99,189,62.1,54,5.5,3,71,Synthetic/Demo,18.75,31.03
A1657,18,52.8,1,4.7,34.2,7.22,183,63.4,56,5.6,3,73,Synthetic/Demo,23.05,32.28
A1658,29,82.6,8,13.7,64.6,9.84,275,106.5,80,8.9,6,111,Synthetic/Demo,87.03,65.52
A1659,30,84.4,8,12.9,62.2,9.8,264,105.0,79,8.8,6,113,Synthetic/Demo,77.47,63.21
A1660,30,82.9,8,13.6,62.9,9.66,265,105.6,79,8.9,6,115,Synthetic/Demo,85.06,63.97
A1661,29,84.7,8,12.8,63.1,9.99,265,104.4,82,8.9,6,116,Synthetic/Demo,85.18,63.22
A1662,30,84.0,8,12.9,62.1,9.72,269,104.0,80,8.8,6,112,Synthetic/Demo,78.84,62.45
A1663,18,50.2,1,4.6,33.0,6.96,180,62.8,55,5.8,3,70,Synthetic/Demo,14.66,32.49
A1664,29,82.3,8,13.0,61.9,9.77,268,105.3,79,8.6,6,114,Synthetic/Demo,77.87,63.18
A1665,29,83.4,8,12.7,61.8,9.88,274,105.8,80,8.8,6,113,Synthetic/Demo,83.29,62.97
A1666,29,85.0,8,13.0,60.9,9.8,267,104.6,80,8.8,6,111,Synthetic/Demo,79.41,63.01
A1667,29,81.4,8,13.7,64.8,9.76,273,105.2,80,8.8,6,113,Synthetic/Demo,79.38,64.95
A1668,18,53.0,1,4.4,31.6,7.12,179,61.4,55,5.8,3,70,Synthetic/Demo,18.75,31.59
A1669,18,53.6,1,4.8,30.9,6.95,183,61.5,54,5.6,3,70,Synthetic/Demo,21.69,30.88
A1670,18,51.8,1,5.1,30.9,7.2,186,59.8,56,5.6,3,73,Synthetic/Demo,21.42,30.71
A1671,19,53.0,1,5.0,32.5,7.11,182,62.5,56,5.8,3,70,Synthetic/Demo,21.08,31.91
A1672,19,50.9,1,4.5,33.4,6.94,188,61.0,56,5.8,3,73,Synthetic/Demo,18.28,30.46
A1673,19,54.2,1,4.2,32.7,7.19,181,61.1,54,5.6,3,69,Synthetic/Demo,19.29,31.18
A1674,29,81.0,8,12.6,64.5,9.75,264,105.6,79,8.9,6,113,Synthetic/Demo,78.65,64.76
A1675,29,83.7,8,12.8,63.7,9.99,272,104.3,81,9.0,6,114,Synthetic/Demo,86.01,63.78
A1676,29,82.7,8,12.8,64.7,9.83,271,104.7,81,8.8,6,116,Synthetic/Demo,79.86,63.37
A1677,18,53.7,1,4.6,33.1,6.95,178,61.4,53,5.5,3,71,Synthetic/Demo,24.16,31.6
A1678,30,85.2,8,12.7,63.1,9.88,269,103.3,80,8.7,6,112,Synthetic/Demo,84.42,62.51
A1679,29,83.0,8,13.2,64.6,9.99,266,106.0,82,8.9,6,115,Synthetic/Demo,86.29,64.8
A1680,30,84.2,8,13.0,63.1,9.84,268,106.2,82,8.9,6,112,Synthetic/Demo,80.0,63.45
A1681,30,81.8,8,13.7,61.2,9.85,264,103.6,80,9.0,6,113,Synthetic/Demo,82.58,64.03
A1682,29,81.1,8,12.8,64.3,9.74,267,105.2,79,8.6,6,114,Synthetic/Demo,80.63,63.93
A1683,29,82.8,8,13.3,61.4,9.86,267,104.1,79,8.6,6,115,Synthetic/Demo,77.35,63.14
A1684,19,53.9,1,5.1,30.5,7.06,188,62.5,54,5.8,3,69,Synthetic/Demo,21.11,31.25
A1685,18,51.0,1,4.4,31.2,7.17,186,61.6,53,5.8,3,73,Synthetic/Demo,16.09,31.46
A1686,29,84.8,8,13.2,64.2,9.81,266,105.7,81,8.7,6,115,Synthetic/Demo,85.45,63.75
A1687,30,82.9,8,13.1,61.2,9.79,267,105.2,79,8.8,6,117,Synthetic/Demo,78.36,62.54
A1688,18,52.1,1,5.0,32.1,7.22,180,62.0,53,5.7,3,72,Synthetic/Demo,22.76,32.79
A1689,19,51.7,1,4.4,30.7,7.12,185,61.7,56,5.6,3,72,Synthetic/Demo,19.57,29.9
A1690,30,82.7,8,13.0,63.2,9.83,265,106.4,79,8.6,6,115,Synthetic/Demo,80.58,63.58
A1691,29,82.2,8,13.5,62.3,9.87,266,105.4,79,9.0,6,114,Synthetic/Demo,83.9,64.93
A1692,18,52.1,1,4.4,31.3,7.2,182,60.5,53,5.6,3,71,Synthetic/Demo,18.3,31.38
A1693,19,53.4,1,4.4,33.3,7.26,181,64.0,53,5.6,3,72,Synthetic/Demo,24.95,32.27
A1694,19,51.9,1,4.1,32.7,7.14,188,61.9,55,5.6,3,71,Synthetic/Demo,15.33,30.52
A1695,29,81.1,8,13.4,64.5,9.79,267,106.9,80,8.9,6,113,Synthetic/Demo,83.45,65.55
A1696,29,82.5,8,12.6,62.1,9.98,272,104.2,81,8.8,6,113,Synthetic/Demo,85.34,62.94
A1697,19,50.3,1,4.1,34.5,7.07,180,62.0,56,5.7,3,70,Synthetic/Demo,18.08,31.81
A1698,30,85.1,8,13.1,63.9,9.73,269,105.6,81,9.0,6,115,Synthetic/Demo,79.19,63.18
A1699,19,50.6,1,5.0,33.8,6.91,184,61.5,56,5.6,3,71,Synthetic/Demo,22.31,31.37
A1700,19,53.5,1,4.6,30.4,7.01,184,59.3,53,5.8,3,69,Synthetic/Demo,18.99,30.43
A1701,30,82.7,8,13.7,63.6,9.7,267,106.9,82,8.7,6,116,Synthetic/Demo,83.08,63.49
A1702,29,81.8,8,13.4,61.1,9.9,268,106.8,80,8.7,6,113,Synthetic/Demo,82.6,64.14
A1703,19,54.1,1,4.5,31.1,7.15,186,60.5,54,5.7,3,73,Synthetic/Demo,21.0,30.02
A1704,29,82.4,8,13.8,63.9,9.71,269,107.0,81,8.8,6,115,Synthetic/Demo,85.87,64.6
A1705,19,54.1,1,4.3,31.1,7.12,179,61.0,54,5.7,3,71,Synthetic/Demo,20.78,30.55
A1706,19,52.4,1,4.6,31.0,7.01,186,60.3,54,5.7,3,73,Synthetic/Demo,17.75,29.92
A1707,19,50.7,1,5.2,30.8,7.21,189,61.4,53,5.9,3,72,Synthetic/Demo,22.88,31.96
A1708,19,54.0,1,4.1,32.8,7.05,183,62.7,53,5.6,3,70,Synthetic/Demo,25.67,31.05
A1709,29,81.1,8,13.1,63.6,9.66,275,104.1,80,8.6,6,111,Synthetic/Demo,78.95,63.29
A1710,18,53.7,1,5.0,30.5,7.12,184,60.4,56,5.8,3,69,Synthetic/Demo,16.92,31.15
A1711,29,84.9,8,13.3,60.9,9.95,268,105.3,79,8.7,6,113,Synthetic/Demo,84.02,63.55
A1712,29,82.0,8,13.1,61.4,9.98,273,105.7,79,8.7,6,115,Synthetic/Demo,79.93,63.49
A1713,29,82.8,8,13.6,64.4,9.65,271,106.5,81,8.6,6,113,Synthetic/Demo,75.13,64.07
A1714,29,81.5,8,13.4,64.7,9.65,271,103.8,82,8.6,6,114,Synthetic/Demo,83.06,63.24
A1715,29,83.0,8,13.7,63.2,9.97,274,105.7,81,8.8,6,115,Synthetic/Demo,80.69,64.26
A1716,29,81.6,8,13.7,63.3,9.92,271,107.3,82,8.7,6,111,Synthetic/Demo,82.6,65.08
A1717,19,52.4,1,5.0,31.9,6.94,181,61.6,56,5.8,3,70,Synthetic/Demo,21.44,31.23
A1718,18,51.9,1,4.9,33.4,7.04,178,61.2,54,5.7,3,69,Synthetic/Demo,22.49,32.88
A1719,30,83.4,8,13.0,62.2,9.9,271,104.8,82,8.9,6,113,Synthetic/Demo,82.39,62.79
A1720,18,53.5,1,4.1,30.3,7.08,181,59.5,53,5.7,3,71,Synthetic/Demo,16.63,30.24
A1721,19,53.8,1,4.2,31.7,7.15,189,59.5,56,5.6,3,69,Synthetic/Demo,19.72,29.55
A1722,19,52.9,1,4.5,34.0,7.1,187,61.0,55,5.9,3,73,Synthetic/Demo,20.07,31.24
A1723,19,52.3,1,4.2,34.3,7.23,182,63.0,56,5.8,3,68,Synthetic/Demo,24.47,32.51
A1724,19,54.1,1,5.3,32.7,7.09,181,63.5,54,5.9,3,70,Synthetic/Demo,24.94,32.94
A1725,30,84.6,8,13.7,63.5,9.97,269,105.3,81,9.0,6,116,Synthetic/Demo,80.3,64.15
A1726,30,83.0,8,12.8,62.0,9.98,263,102.4,80,8.9,6,112,Synthetic/Demo,83.75,63.33
A1727,29,81.7,8,13.6,63.3,9.72,265,106.6,81,8.8,6,113,Synthetic/Demo,80.65,64.76
A1728,29,81.5,8,13.4,63.7,9.92,266,107.4,80,8.7,6,113,Synthetic/Demo,85.61,65.38
A1729,29,85.2,8,13.3,61.3,9.98,270,103.5,81,8.9,6,112,Synthetic/Demo,81.61,63.3
A1730,29,82.2,8,13.6,63.0,9.73,274,104.6,80,8.9,6,115,Synthetic/Demo,86.24,63.73
A1731,19,50.0,1,4.6,31.2,7.27,183,63.1,56,5.8,3,73,Synthetic/Demo,20.31,31.53
A1732,30,82.8,8,13.4,63.1,9.85,266,104.5,81,8.6,6,116,Synthetic/Demo,80.18,62.98
A1733,29,82.7,8,12.9,60.9,9.78,275,103.4,79,8.9,6,112,Synthetic/Demo,78.13,62.67
A1734,29,84.0,8,13.6,63.9,9.93,274,105.9,79,9.0,6,115,Synthetic/Demo,81.95,64.95
A1735,30,81.0,8,13.4,61.5,9.95,273,103.2,81,8.7,6,115,Synthetic/Demo,82.22,62.55
A1736,18,51.3,1,5.2,31.2,7.18,182,61.4,55,5.8,3,71,Synthetic/Demo,16.57,32.35
A1737,29,82.3,8,13.0,64.0,9.92,271,104.1,80,9.0,6,114,Synthetic/Demo,78.34,64.34
A1738,30,84.7,8,13.0,64.0,9.65,266,104.3,82,9.0,6,112,Synthetic/Demo,77.49,63.1
A1739,30,83.3,8,12.6,64.2,9.78,271,103.9,80,8.9,6,111,Synthetic/Demo,83.01,63.29
A1740,29,82.6,8,13.5,62.1,9.66,268,104.0,82,8.8,6,117,Synthetic/Demo,84.81,62.46
A1741,29,82.1,8,13.0,64.9,9.74,271,107.1,81,8.7,6,111,Synthetic/Demo,81.4,64.54
A1742,18,50.5,1,5.2,33.8,6.99,182,62.6,55,5.7,3,73,Synthetic/Demo,21.68,32.66
A1743,29,81.7,8,13.4,62.8,9.9,274,104.6,81,8.8,6,116,Synthetic/Demo,80.99,63.45
A1744,19,52.4,1,5.0,30.5,7.07,186,59.7,54,5.7,3,69,Synthetic/Demo,22.7,30.76
A1745,18,51.2,1,4.4,32.2,7.0,186,62.0,56,5.6,3,71,Synthetic/Demo,16.3,30.74
A1746,18,51.7,1,5.1,32.1,7.07,182,62.1,55,5.8,3,73,Synthetic/Demo,22.07,32.07
A1747,18,51.7,1,4.9,30.9,6.97,186,62.3,53,5.8,3,72,Synthetic/Demo,22.58,31.54
A1748,19,50.8,1,4.9,32.1,7.24,184,61.7,56,5.7,3,73,Synthetic/Demo,22.76,31.43
A1749,19,50.0,1,4.2,31.5,6.94,189,60.1,56,5.5,3,71,Synthetic/Demo,17.55,29.14
A1750,19,53.7,1,4.6,33.2,7.04,189,60.4,55,5.5,3,70,Synthetic/Demo,22.46,30.29
A1751,19,53.1,1,4.7,30.3,7.12,188,60.7,54,5.5,3,69,Synthetic/Demo,10.49,30.16
A1752,18,53.0,1,4.5,30.7,7.23,178,62.4,55,5.6,3,73,Synthetic/Demo,22.44,31.17
A1753,29,84.2,8,13.1,64.6,9.86,273,105.9,81,8.8,6,113,Synthetic/Demo,79.81,64.06
A1754,18,53.0,1,5.1,32.1,6.92,185,61.0,54,5.6,3,69,Synthetic/Demo,14.5,31.52
A1755,19,54.0,1,4.7,31.0,7.22,184,59.4,54,5.8,3,71,Synthetic/Demo,21.39,30.74
A1756,19,52.9,1,4.5,33.6,7.15,187,62.9,54,5.6,3,72,Synthetic/Demo,25.25,31.46
A1757,19,51.1,1,5.1,33.9,6.96,189,63.8,54,5.9,3,71,Synthetic/Demo,21.62,32.66
A1758,30,84.8,8,12.8,64.9,9.97,274,105.8,81,9.0,6,111,Synthetic/Demo,85.05,64.19
A1759,19,51.9,1,4.2,33.3,7.21,181,61.3,56,5.8,3,69,Synthetic/Demo,25.93,31.74
A1760,18,52.4,1,4.2,32.9,7.13,184,60.1,53,5.7,3,72,Synthetic/Demo,23.7,31.33
A1761,29,83.3,8,12.9,64.4,9.82,269,105.5,80,8.8,6,115,Synthetic/Demo,86.29,63.9
A1762,19,53.7,1,4.7,33.6,7.1,187,62.7,53,5.8,3,73,Synthetic/Demo,23.74,31.78
A1763,29,82.7,8,13.6,62.5,9.76,264,104.6,79,8.7,6,112,Synthetic/Demo,81.77,64.48
A1764,19,50.8,1,4.9,34.3,6.94,181,63.5,55,5.7,3,72,Synthetic/Demo,17.32,32.32
A1765,29,84.6,8,13.2,63.5,9.89,264,105.8,82,8.7,6,112,Synthetic/Demo,81.42,64.11
A1766,29,83.0,8,13.4,61.8,9.76,267,104.6,80,8.6,6,115,Synthetic/Demo,77.54,63.0
A1767,29,83.5,8,12.8,62.4,9.89,275,105.1,79,8.7,6,117,Synthetic/Demo,85.93,62.55
A1768,19,51.4,1,5.1,31.8,7.17,189,61.1,55,5.5,3,73,Synthetic/Demo,19.68,30.7
A1769,29,85.0,8,12.9,62.0,9.64,273,102.9,80,9.0,6,116,Synthetic/Demo,78.45,61.78
A1770,19,51.6,1,4.4,33.9,7.19,184,63.5,54,5.7,3,69,Synthetic/Demo,23.77,32.65
A1771,30,85.0,8,13.4,61.3,9.97,266,104.4,81,8.9,6,116,Synthetic/Demo,81.25,62.85
A1772,18,51.3,1,4.3,30.5,7.1,188,61.1,55,5.7,3,71,Synthetic/Demo,23.19,30.37
A1773,19,51.1,1,4.5,34.3,6.96,184,61.4,55,5.8,3,72,Synthetic/Demo,18.82,31.47
A1774,19,50.6,1,5.3,30.6,7.08,183,62.3,55,5.6,3,72,Synthetic/Demo,21.17,31.3
A1775,29,83.1,8,12.9,63.4,9.65,264,105.1,81,8.7,6,114,Synthetic/Demo,77.93,63.13
A1776,29,84.8,8,13.0,61.1,9.63,267,103.2,81,8.8,6,116,Synthetic/Demo,74.05,61.45
A1777,29,82.4,8,12.9,64.0,9.82,272,106.5,80,8.8,6,114,Synthetic/Demo,79.33,64.05
A1778,29,81.6,8,13.6,64.8,9.67,273,105.7,82,9.0,6,111,Synthetic/Demo,82.02,64.9
A1779,29,81.3,8,12.8,63.0,9.95,273,105.7,82,8.7,6,116,Synthetic/Demo,78.96,63.0
A1780,18,53.6,1,4.5,34.4,7.18,186,63.1,56,5.7,3,74,Synthetic/Demo,19.72,31.7
A1781,18,50.2,1,4.8,34.1,7.15,186,64.2,56,5.7,3,73,Synthetic/Demo,18.18,32.68
A1782,19,51.8,1,4.8,32.8,7.01,181,62.7,54,5.5,3,71,Synthetic/Demo,20.73,31.58
A1783,18,52.0,1,4.8,33.1,7.07,182,62.5,55,5.8,3,72,Synthetic/Demo,17.07,32.29
A1784,19,53.4,1,4.8,32.5,7.02,186,61.1,54,5.7,3,69,Synthetic/Demo,22.52,31.27
A1785,19,52.0,1,4.5,31.9,6.98,180,60.4,55,5.8,3,68,Synthetic/Demo,19.9,31.18
A1786,19,52.4,1,4.6,31.8,7.03,188,61.3,55,5.7,3,69,Synthetic/Demo,14.9,30.7
A1787,30,84.1,8,12.8,60.9,9.86,265,104.7,82,8.9,6,113,Synthetic/Demo,78.58,62.28
A1788,30,81.7,8,13.6,62.7,9.95,265,105.8,80,9.0,6,115,Synthetic/Demo,80.78,64.83
A1789,30,85.0,8,12.9,63.5,9.91,264,105.8,81,8.8,6,114,Synthetic/Demo,82.79,63.47
A1790,29,83.8,8,12.6,61.5,9.67,265,102.9,79,8.8,6,113,Synthetic/Demo,82.17,62.33
A1791,30,82.2,8,13.0,60.9,9.98,269,104.6,82,8.6,6,112,Synthetic/Demo,74.01,62.43
A1792,19,53.7,1,5.0,30.7,7.14,181,61.1,55,5.8,3,74,Synthetic/Demo,20.76,30.68
A1793,30,81.6,8,12.8,62.1,9.84,265,104.1,79,8.8,6,114,Synthetic/Demo,79.54,63.18
A1794,19,54.0,1,4.7,34.0,7.09,187,61.7,54,5.6,3,72,Synthetic/Demo,23.1,31.24
A1795,19,53.4,1,4.6,33.3,7.11,178,63.0,53,5.8,3,73,Synthetic/Demo,22.86,32.27
A1796,18,52.8,1,4.5,33.6,7.25,188,61.7,55,5.9,3,73,Synthetic/Demo,19.19,32.0
A1797,19,53.4,1,4.7,33.5,7.27,180,64.8,56,5.6,3,74,Synthetic/Demo,22.08,31.99
A1798,19,51.9,1,4.6,30.8,7.21,185,60.3,54,5.7,3,70,Synthetic/Demo,17.19,30.93
A1799,19,52.6,1,4.1,31.0,7.12,185,59.9,56,5.5,3,71,Synthetic/Demo,20.95,29.17
A1800,18,51.5,1,4.4,31.6,7.25,185,59.0,56,5.7,3,69,Synthetic/Demo,19.44,31.04
A1801,19,51.4,1,4.4,31.6,6.98,187,59.6,56,5.5,3,68,Synthetic/Demo,23.51,29.74
A1802,30,84.5,8,13.1,63.9,9.83,275,104.8,79,8.8,6,112,Synthetic/Demo,80.71,63.49
A1803,19,52.0,1,4.3,30.9,7.08,189,61.1,54,5.8,3,73,Synthetic/Demo,16.15,29.97
A1804,18,50.9,1,4.2,33.9,6.96,185,60.8,55,5.6,3,70,Synthetic/Demo,14.89,31.23
A1805,29,81.4,8,12.7,64.9,9.71,267,105.5,81,8.7,6,113,Synthetic/Demo,75.44,63.88
A1806,29,84.3,8,12.7,64.0,9.87,271,106.4,79,8.8,6,115,Synthetic/Demo,76.4,63.81
A1807,30,81.7,8,13.6,62.6,9.95,272,106.0,80,8.9,6,113,Synthetic/Demo,83.08,64.52
A1808,19,52.3,1,4.6,31.4,7.0,188,60.1,54,5.8,3,74,Synthetic/Demo,20.02,29.91
A1809,19,51.7,1,5.2,32.8,7.03,181,63.8,54,5.8,3,70,Synthetic/Demo,17.88,32.95
A1810,19,51.9,1,4.4,30.6,7.18,180,58.3,56,5.7,3,71,Synthetic/Demo,21.32,29.92
A1811,30,84.8,8,13.8,62.5,9.66,267,105.4,81,8.8,6,115,Synthetic/Demo,79.73,63.02
A1812,29,83.1,8,13.3,62.3,9.7,272,105.3,79,8.9,6,116,Synthetic/Demo,80.5,63.31
A1813,18,53.4,1,5.1,33.7,7.2,182,62.6,53,5.7,3,70,Synthetic/Demo,28.13,33.5
A1814,29,82.5,8,13.5,64.9,9.88,274,104.1,81,8.9,6,117,Synthetic/Demo,84.77,64.04
A1815,18,51.6,1,4.1,32.5,7.0,179,59.9,56,5.7,3,68,Synthetic/Demo,18.3,31.08
A1816,29,82.3,8,13.3,63.3,9.72,265,104.8,81,9.0,6,112,Synthetic/Demo,78.83,64.48
A1817,29,81.0,8,13.7,64.8,9.99,267,106.4,81,9.0,6,113,Synthetic/Demo,78.22,66.36
A1818,18,50.1,1,4.3,30.8,7.22,184,61.0,55,5.8,3,72,Synthetic/Demo,17.19,31.2
A1819,29,84.2,8,13.4,61.9,9.75,273,103.0,81,8.7,6,112,Synthetic/Demo,78.56,62.53
A1820,18,52.2,1,4.5,33.8,7.19,189,62.3,53,5.7,3,68,Synthetic/Demo,18.53,32.85
A1821,19,53.6,1,5.1,30.4,7.08,183,61.8,55,5.6,3,71,Synthetic/Demo,19.61,30.64
A1822,18,52.5,1,4.6,31.3,7.24,186,61.4,56,5.8,3,72,Synthetic/Demo,20.36,31.15
A1823,29,81.3,8,13.6,63.4,9.7,263,103.9,81,8.6,6,114,Synthetic/Demo,80.6,63.88
A1824,30,83.7,8,13.0,62.3,9.8,273,105.5,79,8.9,6,115,Synthetic/Demo,78.05,62.88
A1825,19,53.0,1,4.8,31.6,7.18,188,61.2,56,5.6,3,73,Synthetic/Demo,20.28,30.17
A1826,19,50.4,1,4.2,32.2,6.98,188,60.7,55,5.8,3,71,Synthetic/Demo,19.72,30.34
A1827,30,83.5,8,13.6,60.9,9.64,267,104.4,81,8.8,6,112,Synthetic/Demo,76.33,62.62
A1828,29,85.1,8,12.8,61.3,9.73,273,101.9,80,8.8,6,115,Synthetic/Demo,81.61,61.24
A1829,29,83.8,8,13.6,62.1,9.9,264,103.9,79,8.7,6,112,Synthetic/Demo,81.48,64.4
A1830,29,83.9,8,13.1,62.2,9.77,273,103.3,79,8.9,6,112,Synthetic/Demo,79.52,63.23
A1831,29,81.8,8,13.6,64.6,9.71,270,107.6,82,8.8,6,114,Synthetic/Demo,84.77,64.72
A1832,29,83.1,8,12.9,63.7,9.67,271,104.0,82,8.6,6,117,Synthetic/Demo,79.7,61.82
A1833,30,82.6,8,12.8,62.4,9.73,270,104.4,79,8.9,6,115,Synthetic/Demo,82.19,62.64
A1834,29,83.0,8,13.3,64.2,9.81,270,105.1,82,8.7,6,116,Synthetic/Demo,82.2,63.38
A1835,29,84.4,8,13.2,62.2,9.66,266,103.7,81,8.8,6,115,Synthetic/Demo,77.65,62.48
A1836,30,83.0,8,13.0,65.0,9.64,266,107.6,82,8.8,6,116,Synthetic/Demo,82.84,63.43
A1837,19,53.0,1,4.6,32.4,7.01,178,61.4,53,5.6,3,69,Synthetic/Demo,17.19,31.65
A1838,19,54.0,1,4.3,33.0,7.11,179,61.0,55,5.7,3,71,Synthetic/Demo,20.89,30.99
A1839,30,83.3,8,13.3,61.9,9.8,270,104.3,80,8.7,6,116,Synthetic/Demo,79.73,62.35
A1840,18,52.0,1,5.2,33.3,6.97,185,60.9,55,5.7,3,69,Synthetic/Demo,20.55,32.26
A1841,29,83.5,8,12.8,62.4,9.64,269,102.0,81,9.0,6,111,Synthetic/Demo,78.06,62.59
A1842,18,50.3,1,4.8,31.9,7.23,183,63.0,56,5.6,3,71,Synthetic/Demo,15.72,32.17
A1843,18,51.7,1,4.6,31.5,6.97,186,60.7,56,5.7,3,68,Synthetic/Demo,17.14,30.89
A1844,30,83.5,8,13.5,61.5,9.66,274,103.9,79,8.6,6,117,Synthetic/Demo,78.91,61.59
A1845,18,51.2,1,4.8,30.8,7.0,187,60.3,54,5.7,3,71,Synthetic/Demo,19.15,30.84
A1846,30,83.0,8,12.7,63.4,9.81,269,103.2,80,8.6,6,116,Synthetic/Demo,76.24,61.98
A1847,29,83.0,8,13.2,62.4,9.91,270,105.6,82,8.9,6,112,Synthetic/Demo,84.99,63.94
A1848,29,83.7,8,13.0,61.6,9.93,269,105.8,79,8.9,6,112,Synthetic/Demo,78.26,64.13
A1849,18,53.4,1,4.5,34.2,7.0,186,60.8,56,5.8,3,68,Synthetic/Demo,23.46,31.75
A1850,29,83.5,8,12.8,61.4,9.86,272,103.8,81,8.8,6,114,Synthetic/Demo,79.99,62.23
A1851,19,53.8,1,4.6,32.4,7.18,182,60.1,56,5.5,3,70,Synthetic/Demo,18.25,30.53
A1852,29,82.9,8,12.9,64.0,9.84,266,104.7,81,9.0,6,116,Synthetic/Demo,86.77,63.88
A1853,19,53.8,1,4.1,33.9,7.06,182,64.1,56,5.7,3,73,Synthetic/Demo,17.36,30.96
A1854,18,51.5,1,5.1,34.3,7.11,183,64.7,54,5.5,3,70,Synthetic/Demo,26.13,33.56
A1855,30,82.4,8,13.4,64.2,9.74,269,106.1,80,8.6,6,115,Synthetic/Demo,84.67,63.63
A1856,18,53.9,1,5.2,32.6,7.22,188,61.0,55,5.7,3,70,Synthetic/Demo,19.62,32.08
A1857,19,51.2,1,5.1,31.6,7.1,183,62.7,56,5.8,3,71,Synthetic/Demo,25.47,31.77
A1858,19,53.9,1,5.3,31.8,7.03,184,62.1,56,5.7,3,73,Synthetic/Demo,20.16,30.84
A1859,30,83.2,8,13.0,63.7,9.91,274,104.7,81,8.8,6,113,Synthetic/Demo,81.69,63.19
A1860,18,54.2,1,4.9,33.6,6.93,181,61.4,54,5.8,3,69,Synthetic/Demo,22.18,32.36
A1861,18,51.4,1,4.3,34.4,7.18,183,61.7,55,5.8,3,74,Synthetic/Demo,21.14,32.08
A1862,29,85.0,8,13.6,63.0,9.63,266,104.1,80,8.9,6,112,Synthetic/Demo,83.5,63.9
A1863,18,51.4,1,4.2,32.5,7.25,188,62.0,56,5.8,3,72,Synthetic/Demo,22.52,31.34
A1864,18,54.1,1,4.6,33.8,7.08,185,62.3,55,5.8,3,73,Synthetic/Demo,16.02,31.69
A1865,29,83.7,8,13.6,64.6,9.78,267,106.5,80,8.7,6,114,Synthetic/Demo,86.9,64.83
A1866,19,52.4,1,4.7,32.6,6.98,185,62.7,54,5.7,3,68,Synthetic/Demo,15.57,31.77
A1867,29,84.6,8,13.0,64.5,9.69,270,103.7,81,8.8,6,112,Synthetic/Demo,83.5,63.3
A1868,29,83.5,8,13.7,63.5,9.85,270,103.8,82,8.8,6,116,Synthetic/Demo,84.97,63.49
A1869,19,50.8,1,4.2,30.3,7.01,179,60.4,54,5.8,3,73,Synthetic/Demo,14.94,30.12
A1870,18,52.3,1,4.6,30.6,7.22,179,59.9,54,5.9,3,73,Synthetic/Demo,18.91,31.45
A1871,30,83.0,8,13.7,61.4,9.99,272,104.4,80,8.9,6,113,Synthetic/Demo,78.13,63.79
A1872,30,82.7,8,13.5,64.4,9.7,274,105.3,80,8.8,6,116,Synthetic/Demo,80.61,63.38
A1873,29,82.7,8,13.5,61.0,9.94,271,104.1,81,8.8,6,111,Synthetic/Demo,79.56,63.69
A1874,30,82.8,8,13.6,61.9,9.73,269,102.5,79,8.7,6,112,Synthetic/Demo,82.23,63.02
A1875,19,52.7,1,4.3,33.1,7.22,190,61.8,53,5.5,3,69,Synthetic/Demo,24.19,31.34
A1876,19,52.7,1,4.9,31.9,7.23,184,63.9,55,5.9,3,71,Synthetic/Demo,26.41,32.36
A1877,29,85.2,8,12.7,62.4,9.95,271,103.9,80,8.7,6,115,Synthetic/Demo,77.91,62.44
A1878,29,82.6,8,13.5,61.5,9.9,268,104.8,80,8.7,6,115,Synthetic/Demo,80.22,63.56
A1879,30,83.3,8,13.7,63.2,9.76,267,106.5,80,8.7,6,114,Synthetic/Demo,77.18,64.04
A1880,19,51.3,1,4.5,33.4,7.12,181,63.8,53,5.8,3,71,Synthetic/Demo,19.76,32.79
A1881,19,52.0,1,4.2,32.6,7.27,185,63.1,53,5.7,3,72,Synthetic/Demo,23.95,31.78
A1882,29,82.4,8,13.1,62.1,9.97,266,104.2,81,8.6,6,115,Synthetic/Demo,85.46,63.19
A1883,30,83.3,8,13.6,62.1,9.85,267,105.5,82,8.8,6,114,Synthetic/Demo,77.78,63.34
A1884,30,81.5,8,12.6,61.8,9.78,274,104.8,80,8.8,6,113,Synthetic/Demo,76.65,62.26
A1885,18,52.3,1,5.1,32.3,7.04,182,61.7,56,5.8,3,72,Synthetic/Demo,21.1,31.83
A1886,19,50.5,1,5.2,34.4,7.04,179,65.3,54,5.6,3,70,Synthetic/Demo,24.85,33.79
A1887,29,84.9,8,12.7,63.1,9.68,268,103.4,81,8.6,6,111,Synthetic/Demo,76.41,62.3
A1888,19,51.3,1,5.1,30.3,7.25,189,61.3,55,5.8,3,71,Synthetic/Demo,21.55,31.24
A1889,19,52.7,1,5.1,32.5,7.01,182,64.4,54,5.6,3,73,Synthetic/Demo,20.38,31.84
A1890,19,52.5,1,4.2,31.7,7.05,179,59.6,55,5.5,3,73,Synthetic/Demo,18.46,29.58
A1891,29,81.0,8,13.2,64.4,9.98,272,103.9,80,8.7,6,112,Synthetic/Demo,83.55,64.69
A1892,18,51.3,1,4.2,32.8,7.24,184,62.4,54,5.6,3,71,Synthetic/Demo,20.76,31.97
A1893,29,81.8,8,13.4,64.8,9.82,271,107.2,80,8.8,6,112,Synthetic/Demo,81.67,65.42
A1894,29,84.7,8,13.0,64.8,9.64,270,104.7,81,8.7,6,111,Synthetic/Demo,80.22,63.44
A1895,30,81.4,8,12.7,62.8,9.66,264,103.6,79,8.8,6,116,Synthetic/Demo,78.97,62.56
A1896,30,81.0,8,13.7,64.8,9.95,266,108.0,79,8.8,6,113,Synthetic/Demo,83.85,66.3
A1897,30,82.9,8,13.4,60.9,9.73,267,103.0,80,8.8,6,113,Synthetic/Demo,78.51,62.5
A1898,18,52.9,1,5.2,33.2,7.09,188,62.3,56,5.9,3,71,Synthetic/Demo,26.7,32.36
A1899,18,53.9,1,4.5,32.8,7.21,185,62.9,54,5.6,3,68,Synthetic/Demo,23.03,32.3
A1900,18,51.2,1,4.1,34.5,7.28,180,64.1,53,5.5,3,69,Synthetic/Demo,21.87,33.49
A1901,29,81.2,8,13.6,61.9,9.72,264,104.5,82,9.0,6,113,Synthetic/Demo,83.17,64.11
A1902,29,82.7,8,13.1,62.7,9.78,275,103.4,81,8.8,6,115,Synthetic/Demo,78.17,62.48
A1903,30,85.3,8,12.7,61.1,9.86,272,103.7,82,8.8,6,113,Synthetic/Demo,81.8,61.27
A1904,29,84.2,8,13.4,63.1,9.76,272,105.1,81,8.7,6,114,Synthetic/Demo,81.71,63.18
A1905,29,85.1,8,13.0,62.1,9.8,268,103.1,80,9.0,6,116,Synthetic/Demo,79.36,62.66
A1906,19,51.3,1,4.5,31.1,7.09,179,59.8,56,5.6,3,72,Synthetic/Demo,20.39,30.1
A1907,29,82.0,8,13.2,64.0,9.65,266,104.8,79,9.0,6,113,Synthetic/Demo,76.71,64.69
A1908,19,50.7,1,4.4,33.2,7.21,179,63.8,55,5.8,3,72,Synthetic/Demo,18.91,32.5
A1909,29,82.3,8,13.2,64.1,9.65,265,104.3,79,8.8,6,115,Synthetic/Demo,77.47,64.01
A1910,29,84.1,8,13.6,64.7,9.74,274,108.0,80,8.7,6,115,Synthetic/Demo,82.97,64.44
A1911,19,52.5,1,4.4,32.0,7.16,185,62.6,53,5.6,3,72,Synthetic/Demo,25.43,31.15
A1912,29,83.3,8,13.7,64.1,9.77,272,106.5,82,8.6,6,115,Synthetic/Demo,88.64,63.75
A1913,18,50.7,1,4.6,33.9,7.14,188,62.2,53,5.8,3,71,Synthetic/Demo,23.47,32.85
A1914,29,84.6,8,13.4,62.5,9.96,274,107.2,81,8.8,6,117,Synthetic/Demo,83.12,63.48
A1915,29,81.0,8,12.7,63.0,9.87,266,104.4,81,8.6,6,114,Synthetic/Demo,74.65,63.21
A1916,19,53.6,1,4.9,33.1,7.2,189,61.8,56,5.5,3,69,Synthetic/Demo,19.48,31.22
A1917,29,83.6,8,13.7,63.8,9.74,264,105.5,81,8.7,6,116,Synthetic/Demo,79.95,64.05
A1918,30,81.4,8,13.1,64.1,9.7,269,103.5,81,8.7,6,117,Synthetic/Demo,78.17,62.46
A1919,18,52.7,1,4.9,32.4,6.94,186,60.3,56,5.9,3,71,Synthetic/Demo,19.24,31.12
A1920,18,52.9,1,4.2,32.3,7.22,179,60.8,56,5.7,3,71,Synthetic/Demo,18.93,31.26
A1921,18,52.3,1,4.6,32.3,7.04,180,61.5,53,5.9,3,69,Synthetic/Demo,15.02,32.62
A1922,29,83.7,8,13.2,63.2,9.72,270,104.4,80,8.9,6,112,Synthetic/Demo,82.81,63.79
A1923,29,83.8,8,12.8,62.9,9.89,274,102.9,79,8.9,6,115,Synthetic/Demo,76.33,62.92
A1924,29,85.1,8,12.8,61.0,9.9,267,103.1,80,8.8,6,113,Synthetic/Demo,79.82,62.48
A1925,30,85.2,8,13.2,64.9,9.98,269,106.4,80,8.8,6,112,Synthetic/Demo,89.64,64.72
A1926,29,83.8,8,13.6,64.8,9.99,275,106.5,79,8.8,6,111,Synthetic/Demo,80.93,65.74
A1927,18,52.7,1,4.9,32.0,7.1,188,61.8,55,5.7,3,73,Synthetic/Demo,12.63,31.16
A1928,29,83.6,8,13.8,61.0,9.76,273,104.3,81,9.0,6,112,Synthetic/Demo,79.39,63.52
A1929,18,51.2,1,4.9,33.5,7.16,182,63.6,54,5.7,3,71,Synthetic/Demo,26.08,33.29
A1930,19,52.0,1,4.2,32.2,6.93,188,58.8,56,5.7,3,71,Synthetic/Demo,23.23,29.21
A1931,19,53.3,1,5.2,33.5,7.12,178,62.6,53,5.6,3,72,Synthetic/Demo,19.44,32.71
A1932,18,53.4,1,5.0,31.2,7.05,185,60.6,55,5.7,3,73,Synthetic/Demo,21.12,30.7
A1933,29,81.2,8,12.8,62.6,9.69,269,104.5,79,8.9,6,116,Synthetic/Demo,77.95,63.16
A1934,29,81.2,8,13.1,64.0,9.77,264,105.6,80,8.9,6,115,Synthetic/Demo,81.62,64.63
A1935,30,81.9,8,13.7,65.0,9.99,265,107.3,81,8.8,6,115,Synthetic/Demo,92.82,65.56
A1936,19,51.7,1,4.4,33.3,6.94,184,61.2,55,5.5,3,68,Synthetic/Demo,15.01,30.9
A1937,30,82.8,8,12.9,64.8,9.86,267,107.0,80,8.9,6,111,Synthetic/Demo,83.57,64.97
A1938,29,81.9,8,13.1,65.0,9.7,272,107.0,81,8.8,6,114,Synthetic/Demo,83.03,64.26
A1939,19,52.3,1,4.3,33.5,7.27,187,62.2,53,5.7,3,73,Synthetic/Demo,24.51,31.7
A1940,29,81.9,8,12.7,63.6,9.75,273,103.7,80,8.8,6,114,Synthetic/Demo,79.57,62.95
A1941,29,81.8,8,13.4,61.7,9.83,273,102.1,79,8.9,6,113,Synthetic/Demo,80.52,63.43
A1942,29,83.0,8,12.8,62.8,9.97,270,105.0,80,8.9,6,111,Synthetic/Demo,79.86,64.25
A1943,29,84.8,8,13.2,61.1,9.75,269,103.6,80,9.0,6,115,Synthetic/Demo,80.1,62.62
A1944,29,83.0,8,13.2,60.9,9.97,269,104.9,82,8.7,6,116,Synthetic/Demo,78.95,62.57
A1945,19,50.4,1,5.1,30.8,7.2,186,62.4,54,5.9,3,69,Synthetic/Demo,23.18,32.49
A1946,29,83.5,8,13.7,64.4,9.97,264,107.0,81,8.9,6,111,Synthetic/Demo,83.68,66.24
A1947,19,53.0,1,4.5,30.8,7.24,182,59.7,56,5.8,3,68,Synthetic/Demo,20.87,30.86
A1948,29,82.5,8,13.0,62.7,9.77,270,105.5,81,8.6,6,115,Synthetic/Demo,79.72,62.78
A1949,30,81.9,8,12.8,62.9,9.83,264,103.8,80,8.9,6,115,Synthetic/Demo,83.85,63.21
A1950,19,53.6,1,5.0,32.6,7.01,180,63.6,53,5.8,3,69,Synthetic/Demo,22.07,32.72
A1951,19,52.5,1,4.5,31.8,7.1,182,61.9,54,5.6,3,70,Synthetic/Demo,14.8,31.15
A1952,29,83.9,8,12.8,64.1,9.82,274,102.8,80,8.6,6,114,Synthetic/Demo,83.23,62.54
A1953,29,82.1,8,13.0,62.3,9.81,275,103.5,80,8.9,6,114,Synthetic/Demo,76.49,62.95
A1954,19,52.8,1,4.7,32.3,7.27,188,61.4,54,5.6,3,71,Synthetic/Demo,18.83,31.31
A1955,29,82.1,8,12.6,63.6,9.73,272,101.2,80,8.7,6,112,Synthetic/Demo,76.52,62.43
A1956,19,53.1,1,5.2,34.0,7.19,181,62.3,56,5.7,3,70,Synthetic/Demo,27.48,32.68
A1957,29,82.5,8,13.3,64.7,9.94,270,104.9,81,8.8,6,115,Synthetic/Demo,76.09,64.44
A1958,30,83.6,8,13.0,63.6,9.78,266,105.9,80,8.8,6,114,Synthetic/Demo,90.77,63.57
A1959,30,81.6,8,13.6,61.6,9.66,272,103.3,79,8.7,6,114,Synthetic/Demo,82.37,62.6
A1960,29,83.8,8,13.7,63.3,9.81,264,105.8,80,8.8,6,116,Synthetic/Demo,83.34,64.47
A1961,29,84.7,8,13.1,64.6,9.83,268,105.9,80,8.8,6,112,Synthetic/Demo,82.12,64.57
A1962,18,50.3,1,5.0,31.5,7.01,182,63.6,54,5.8,3,71,Synthetic/Demo,22.02,32.61
A1963,18,51.2,1,4.9,33.2,7.17,182,62.9,54,5.6,3,73,Synthetic/Demo,23.75,32.61
A1964,29,82.0,8,13.4,61.2,9.99,271,103.9,79,8.9,6,116,Synthetic/Demo,82.6,63.71
A1965,30,82.6,8,12.7,63.9,9.9,266,104.4,81,8.7,6,112,Synthetic/Demo,82.66,63.42
A1966,18,51.2,1,5.2,33.3,7.05,182,62.4,56,5.6,3,71,Synthetic/Demo,22.26,32.41
A1967,18,50.4,1,5.2,31.6,7.14,186,62.3,56,5.5,3,70,Synthetic/Demo,20.27,31.87
A1968,19,50.7,1,4.9,33.3,7.27,181,62.9,55,5.5,3,73,Synthetic/Demo,22.15,32.24
A1969,18,50.7,1,4.9,32.6,7.2,185,61.5,54,5.8,3,73,Synthetic/Demo,20.94,32.41
A1970,19,53.6,1,4.4,31.3,7.12,178,61.0,56,5.8,3,73,Synthetic/Demo,23.23,30.33
A1971,18,51.2,1,5.1,33.1,6.93,179,63.5,56,5.7,3,69,Synthetic/Demo,23.77,32.79
A1972,19,53.1,1,4.9,34.0,7.1,182,63.2,55,5.7,3,72,Synthetic/Demo,13.7,32.18
A1973,19,52.4,1,5.1,31.6,6.99,181,61.0,53,5.6,3,71,Synthetic/Demo,22.39,31.37
A1974,29,84.9,8,12.9,65.0,9.85,267,106.1,82,8.9,6,115,Synthetic/Demo,82.82,63.96
A1975,29,81.7,8,13.7,60.9,9.79,271,101.8,79,9.0,6,116,Synthetic/Demo,79.51,63.18
A1976,29,83.0,8,12.7,63.7,9.8,267,104.4,82,8.9,6,114,Synthetic/Demo,79.21,63.24
A1977,29,83.7,8,13.6,64.6,9.88,264,105.9,81,8.7,6,115,Synthetic/Demo,86.84,64.8
A1978,29,83.6,8,13.4,63.1,9.84,273,103.1,82,8.9,6,114,Synthetic/Demo,83.32,63.13
A1979,29,84.7,8,13.3,65.0,9.92,272,107.9,80,8.8,6,112,Synthetic/Demo,81.2,65.32
A1980,30,81.9,8,12.9,63.8,9.79,264,104.6,79,8.9,6,113,Synthetic/Demo,82.66,64.18
A1981,19,51.1,1,4.2,32.5,7.18,189,60.3,56,5.8,3,69,Synthetic/Demo,16.43,30.8
A1982,29,82.1,8,13.7,63.0,9.91,275,105.5,82,8.7,6,113,Synthetic/Demo,77.45,63.97
A1983,18,52.5,1,4.4,33.8,7.2,188,61.0,54,5.7,3,68,Synthetic/Demo,19.1,32.31
A1984,30,85.0,8,13.3,64.8,9.92,273,105.6,82,8.9,6,116,Synthetic/Demo,84.95,63.44
A1985,30,83.4,8,13.7,63.1,9.96,268,105.4,79,8.8,6,115,Synthetic/Demo,85.74,64.45
A1986,29,83.2,8,13.2,62.1,9.73,269,103.7,79,8.7,6,113,Synthetic/Demo,81.13,63.14
A1987,18,54.1,1,4.2,32.0,7.03,185,62.6,55,5.7,3,69,Synthetic/Demo,21.53,30.98
A1988,29,83.7,8,13.7,62.8,9.82,273,106.9,80,8.9,6,114,Synthetic/Demo,83.62,64.47
A1989,29,81.7,8,13.7,62.0,9.97,267,104.0,79,8.8,6,112,Synthetic/Demo,80.18,64.96
A1990,19,54.0,1,4.3,31.9,6.94,182,60.5,56,5.8,3,73,Synthetic/Demo,19.87,29.56
A1991,29,82.9,8,13.3,64.3,9.8,272,105.1,79,8.7,6,113,Synthetic/Demo,83.96,64.33
A1992,30,83.2,8,13.8,62.8,9.84,273,105.7,80,8.9,6,116,Synthetic/Demo,84.15,63.74
A1993,19,51.7,1,4.7,31.2,7.17,189,59.6,55,5.8,3,73,Synthetic/Demo,22.66,30.24
A1994,30,84.3,8,12.6,61.2,9.82,269,104.9,82,8.7,6,113,Synthetic/Demo,80.61,61.5
A1995,29,84.6,8,13.2,64.0,9.67,265,105.1,81,8.9,6,112,Synthetic/Demo,82.5,64.05
A1996,30,83.7,8,12.9,62.8,9.76,269,103.6,81,8.9,6,114,Synthetic/Demo,82.85,62.43
A1997,19,52.3,1,4.7,33.5,6.96,183,61.3,54,5.7,3,73,Synthetic/Demo,20.46,31.17
A1998,19,54.0,1,4.3,33.7,7.14,185,62.3,56,5.9,3,68,Synthetic/Demo,18.62,31.77
A1999,19,50.5,1,4.5,33.6,7.1,183,61.5,54,5.8,3,69,Synthetic/Demo,20.83,32.4
A2000,19,53.7,1,5.1,33.2,7.25,183,62.6,55,5.6,3,72,Synthetic/Demo,20.47,32.06
A2001,19,50.7,1,4.3,32.6,7.17,183,61.9,56,5.6,3,70,Synthetic/Demo,18.27,31.18
A2002,29,83.0,8,13.1,61.9,9.65,265,102.3,80,8.6,6,115,Synthetic/Demo,78.13,62.08
A2003,19,50.9,1,4.9,34.3,7.14,187,63.5,53,5.7,3,70,Synthetic/Demo,20.37,33.16
A2004,29,83.7,8,13.6,63.3,9.71,275,105.5,81,9.0,6,116,Synthetic/Demo,80.06,63.52
A2005,18,52.4,1,4.1,33.0,7.1,181,60.0,55,5.7,3,72,Synthetic/Demo,13.92,30.93
A2006,29,84.4,8,12.6,62.5,9.77,267,103.7,82,8.8,6,117,Synthetic/Demo,79.46,61.7
A2007,19,53.7,1,4.9,33.4,6.94,182,62.3,54,5.6,3,73,Synthetic/Demo,21.01,31.18
A2008,29,84.5,8,13.8,63.2,9.99,274,106.9,81,8.6,6,112,Synthetic/Demo,80.35,64.54
A2009,18,53.1,1,4.9,34.3,6.94,186,62.3,54,5.8,3,72,Synthetic/Demo,23.45,32.24
A2010,29,85.1,8,12.6,62.2,9.72,267,102.2,82,8.6,6,116,Synthetic/Demo,80.52,60.86
A2011,29,84.2,8,13.4,63.7,9.91,264,104.8,82,8.9,6,114,Synthetic/Demo,77.8,64.34
A2012,19,50.7,1,4.2,31.5,7.2,182,59.6,54,5.9,3,72,Synthetic/Demo,17.22,31.0
A2013,18,51.0,1,4.8,30.3,7.18,183,60.6,56,5.6,3,72,Synthetic/Demo,17.07,30.75
A2014,30,83.4,8,13.0,64.9,9.94,273,105.1,80,8.8,6,115,Synthetic/Demo,79.08,63.72
A2015,19,51.9,1,4.3,31.4,6.99,188,61.1,55,5.8,3,70,Synthetic/Demo,20.8,30.2
A2016,19,53.8,1,4.5,32.6,6.99,186,61.2,56,5.7,3,70,Synthetic/Demo,18.83,30.32
A2017,29,81.4,8,13.3,62.3,9.9,273,104.9,81,8.7,6,112,Synthetic/Demo,79.75,63.74
A2018,19,51.6,1,5.3,34.4,6.91,186,63.2,54,5.5,3,70,Synthetic/Demo,16.06,32.36
A2019,19,53.6,1,4.5,32.0,7.27,183,61.6,55,5.5,3,73,Synthetic/Demo,22.39,30.57
A2020,19,52.7,1,4.7,31.6,6.92,187,61.8,56,5.8,3,69,Synthetic/Demo,15.39,30.53
A2021,19,53.2,1,4.4,32.5,7.13,179,60.1,53,5.7,3,71,Synthetic/Demo,20.63,31.32
A2022,18,50.9,1,4.9,30.6,7.04,184,60.5,56,5.5,3,69,Synthetic/Demo,19.77,30.78
A2023,29,83.8,8,13.0,61.0,9.8,273,101.6,82,9.0,6,112,Synthetic/Demo,82.16,62.01
A2024,18,51.0,1,4.7,32.2,6.92,182,59.3,55,5.8,3,74,Synthetic/Demo,15.14,30.68
A2025,19,54.2,1,4.8,31.0,7.01,188,59.1,55,5.6,3,72,Synthetic/Demo,9.04,29.27
A2026,18,52.4,1,4.9,31.0,6.95,187,62.5,54,5.9,3,68,Synthetic/Demo,20.38,31.94
A2027,29,82.5,8,12.8,64.4,9.85,272,104.7,82,8.7,6,112,Synthetic/Demo,86.02,63.48
A2028,19,50.5,1,4.8,32.7,7.0,181,61.9,56,5.6,3,71,Synthetic/Demo,24.32,31.3
A2029,18,51.1,1,4.6,32.1,6.94,188,62.2,56,5.7,3,72,Synthetic/Demo,19.67,30.72
A2030,18,50.6,1,4.3,32.8,7.19,178,61.0,53,5.8,3,72,Synthetic/Demo,19.73,32.53
A2031,30,84.8,8,13.5,62.3,9.81,273,104.4,80,8.8,6,116,Synthetic/Demo,82.77,62.52
A2032,29,82.2,8,13.4,64.9,9.76,265,106.1,79,8.9,6,111,Synthetic/Demo,80.4,65.91
A2033,19,53.2,1,5.1,32.0,7.22,184,63.2,56,5.7,3,69,Synthetic/Demo,23.55,32.09
A2034,29,81.9,8,13.1,61.9,9.96,270,105.7,79,8.8,6,112,Synthetic/Demo,82.61,64.41
A2035,19,53.2,1,4.9,30.9,7.21,188,60.1,56,5.5,3,71,Synthetic/Demo,22.49,29.96
A2036,19,50.2,1,4.8,32.5,6.99,189,60.5,54,5.7,3,69,Synthetic/Demo,27.88,31.33
A2037,29,81.9,8,13.0,64.0,9.7,273,105.9,81,8.9,6,116,Synthetic/Demo,81.62,63.41
A2038,30,83.6,8,13.6,61.4,9.99,270,104.0,81,8.7,6,115,Synthetic/Demo,79.35,62.81
A2039,19,53.2,1,4.8,32.7,7.1,185,61.8,55,5.9,3,70,Synthetic/Demo,21.14,31.77
A2040,19,52.0,1,4.3,33.4,7.02,185,61.1,53,5.8,3,69,Synthetic/Demo,14.9,31.7
A2041,30,83.5,8,13.4,61.2,9.73,268,104.7,81,8.8,6,116,Synthetic/Demo,77.55,62.17
A2042,19,52.6,1,5.0,31.2,7.18,183,61.8,55,5.5,3,71,Synthetic/Demo,19.42,31.05
A2043,19,51.7,1,5.2,34.5,6.95,186,61.1,56,5.7,3,72,Synthetic/Demo,19.95,31.59
A2044,29,84.1,8,12.7,61.6,9.81,268,102.2,81,8.7,6,115,Synthetic/Demo,78.6,61.59
A2045,30,84.4,8,13.3,61.6,9.91,269,104.0,80,8.8,6,112,Synthetic/Demo,78.08,63.12
A2046,18,51.9,1,4.9,30.7,7.19,188,60.8,56,5.6,3,69,Synthetic/Demo,22.91,31.05
A2047,19,50.4,1,4.2,33.2,7.23,182,63.5,56,5.7,3,71,Synthetic/Demo,21.45,31.9
A2048,19,53.9,1,4.8,32.4,7.11,188,62.1,54,5.7,3,71,Synthetic/Demo,20.58,31.19
A2049,29,83.0,8,13.8,61.8,9.99,270,105.0,81,8.8,6,111,Synthetic/Demo,81.15,64.61
A2050,29,82.1,8,13.1,64.0,9.64,270,105.1,80,8.9,6,115,Synthetic/Demo,81.0,63.7
A2051,19,52.3,1,4.8,32.5,7.08,179,62.0,56,5.9,3,69,Synthetic/Demo,24.11,32.13
A2052,18,50.4,1,5.3,32.7,6.96,182,61.7,54,5.9,3,69,Synthetic/Demo,19.26,33.25
A2053,30,84.6,8,13.1,61.4,9.93,270,103.1,81,8.7,6,116,Synthetic/Demo,77.37,61.67
A2054,30,82.5,8,13.6,60.8,9.69,270,103.1,82,8.8,6,112,Synthetic/Demo,78.08,62.19
A2055,30,82.0,8,12.6,63.1,9.76,273,102.7,79,9.0,6,116,Synthetic/Demo,74.77,62.33
A2056,30,83.7,8,13.4,61.6,9.65,272,103.7,80,8.8,6,112,Synthetic/Demo,76.61,62.4
A2057,19,50.1,1,4.9,32.0,7.2,179,63.4,55,5.9,3,74,Synthetic/Demo,20.93,32.46
A2058,18,52.2,1,5.1,34.0,7.19,183,64.1,55,5.5,3,72,Synthetic/Demo,25.83,32.95
A2059,29,84.5,8,13.4,63.6,9.91,271,106.6,79,8.9,6,115,Synthetic/Demo,83.38,64.68
A2060,29,83.0,8,12.9,64.9,9.97,270,105.4,79,8.8,6,114,Synthetic/Demo,82.98,64.77
A2061,18,51.0,1,4.6,32.8,6.94,189,60.0,54,5.8,3,71,Synthetic/Demo,21.62,31.19
A2062,19,51.4,1,4.4,31.2,6.94,185,60.9,54,5.6,3,69,Synthetic/Demo,17.82,30.33
A2063,29,82.6,8,13.7,64.3,9.98,265,107.4,80,8.9,6,113,Synthetic/Demo,85.95,66.3
A2064,19,51.7,1,5.1,31.1,7.07,181,61.2,54,5.5,3,70,Synthetic/Demo,20.08,31.31
A2065,19,52.4,1,4.7,30.9,7.18,181,61.9,54,5.6,3,74,Synthetic/Demo,21.02,30.76
A2066,29,82.4,8,13.5,61.3,9.81,264,104.0,81,8.8,6,113,Synthetic/Demo,78.87,63.62
A2067,30,83.0,8,13.6,61.0,9.69,268,105.2,82,8.7,6,116,Synthetic/Demo,72.29,62.0
A2068,29,82.0,8,13.8,62.0,9.77,275,105.2,80,8.8,6,113,Synthetic/Demo,80.31,63.9
A2069,29,81.8,8,12.9,64.7,9.77,272,105.4,79,8.8,6,111,Synthetic/Demo,85.53,64.66
A2070,18,53.2,1,4.1,31.0,6.95,184,58.1,54,5.5,3,68,Synthetic/Demo,19.56,29.59
A2071,29,81.9,8,12.8,63.2,9.85,265,104.2,80,9.0,6,112,Synthetic/Demo,83.96,64.41
A2072,29,84.4,8,13.0,63.4,9.65,268,105.6,80,8.8,6,113,Synthetic/Demo,84.06,63.43
A2073,19,50.0,1,4.9,30.5,7.15,189,61.4,54,5.8,3,69,Synthetic/Demo,20.03,31.54
A2074,18,50.1,1,4.7,30.7,6.92,185,61.7,55,5.8,3,73,Synthetic/Demo,19.21,30.75
A2075,19,52.4,1,4.4,33.6,7.07,180,61.3,55,5.7,3,70,Synthetic/Demo,19.11,31.57
A2076,29,81.4,8,12.8,64.0,9.7,273,102.7,79,8.7,6,114,Synthetic/Demo,78.15,62.97
A2077,18,51.6,1,4.6,32.0,7.24,182,62.8,54,5.9,3,72,Synthetic/Demo,23.54,32.64
A2078,29,84.6,8,13.5,62.4,9.9,270,105.9,79,8.6,6,114,Synthetic/Demo,85.12,63.87
A2079,19,52.2,1,4.6,34.5,7.24,183,63.5,56,5.7,3,74,Synthetic/Demo,22.34,32.05
A2080,30,81.0,8,13.7,60.9,9.92,270,105.4,80,8.6,6,113,Synthetic/Demo,79.53,63.54
A2081,19,51.4,1,4.2,33.6,7.23,183,63.8,54,5.6,3,73,Synthetic/Demo,21.61,31.86
A2082,18,50.1,1,4.6,31.2,7.18,183,60.7,55,5.6,3,74,Synthetic/Demo,21.37,30.92
A2083,30,84.5,8,13.0,62.7,9.79,274,105.4,82,8.9,6,115,Synthetic/Demo,75.47,62.18
A2084,19,53.5,1,5.0,34.4,7.25,186,62.2,54,5.8,3,70,Synthetic/Demo,16.41,32.97
A2085,29,82.6,8,12.7,61.6,9.83,270,103.4,80,8.7,6,114,Synthetic/Demo,76.88,62.32
A2086,30,84.2,8,13.2,64.0,9.89,270,105.8,79,8.7,6,113,Synthetic/Demo,78.39,64.03
A2087,30,83.1,8,12.7,64.6,9.83,271,105.3,82,8.7,6,112,Synthetic/Demo,79.22,63.08
A2088,19,53.4,1,4.5,34.0,7.26,183,63.8,55,5.7,3,68,Synthetic/Demo,22.41,32.78
A2089,29,82.0,8,12.9,61.7,9.93,265,105.1,80,8.7,6,112,Synthetic/Demo,79.21,63.85
A2090,18,52.9,1,4.5,31.5,7.04,184,60.2,55,5.7,3,70,Synthetic/Demo,23.34,30.74
A2091,30,81.6,8,13.1,64.2,9.97,266,105.1,79,8.9,6,116,Synthetic/Demo,83.69,64.58
A2092,18,52.2,1,5.3,33.3,6.99,180,63.7,56,5.9,3,71,Synthetic/Demo,23.81,33.12
A2093,19,51.6,1,4.8,33.3,7.0,182,61.3,55,5.9,3,70,Synthetic/Demo,23.12,32.03
A2094,29,84.2,8,13.2,61.1,9.81,275,101.6,82,8.9,6,113,Synthetic/Demo,74.73,61.78
A2095,19,51.3,1,5.2,30.3,7.09,181,61.4,55,5.6,3,68,Synthetic/Demo,23.53,31.53
A2096,29,82.9,8,13.4,64.3,9.88,265,106.1,80,8.9,6,116,Synthetic/Demo,82.97,64.99
A2097,19,51.9,1,4.6,34.3,6.91,184,60.8,54,5.6,3,74,Synthetic/Demo,22.16,30.79
A2098,29,84.2,8,13.7,64.6,9.87,269,105.3,80,8.9,6,116,Synthetic/Demo,80.01,64.78
A2099,29,82.4,8,13.5,61.0,9.73,266,103.7,79,8.8,6,116,Synthetic/Demo,75.11,63.11
A2100,29,84.4,8,12.7,61.8,9.66,274,102.3,81,8.9,6,117,Synthetic/Demo,79.58,60.93
A2101,18,51.3,1,4.5,31.7,6.95,183,60.8,56,5.5,3,73,Synthetic/Demo,19.55,30.01
A2102,29,83.5,8,12.7,61.5,9.86,265,103.8,80,8.9,6,115,Synthetic/Demo,76.78,62.83
A2103,30,82.6,8,13.0,64.2,9.98,266,106.4,79,8.6,6,115,Synthetic/Demo,79.98,64.26
A2104,18,52.5,1,5.3,30.6,6.99,183,60.1,56,5.5,3,68,Synthetic/Demo,22.84,30.96
A2105,29,84.1,8,13.2,64.0,9.9,273,105.5,79,8.7,6,114,Synthetic/Demo,78.08,64.09
A2106,18,53.5,1,4.6,33.4,7.09,188,62.7,53,5.8,3,68,Synthetic/Demo,26.24,32.68
A2107,29,85.2,8,12.6,64.0,9.85,274,104.5,79,8.7,6,111,Synthetic/Demo,77.35,63.35
A2108,30,85.2,8,13.1,61.3,9.75,264,104.8,79,8.8,6,112,Synthetic/Demo,81.98,62.96
A2109,29,81.6,8,13.1,61.2,9.96,272,103.4,81,8.7,6,115,Synthetic/Demo,78.32,62.6
A2110,19,53.2,1,5.0,33.2,7.17,178,63.6,55,5.8,3,73,Synthetic/Demo,25.0,32.54
A2111,29,82.8,8,12.9,61.0,9.86,275,103.2,81,9.0,6,113,Synthetic/Demo,76.86,62.47
A2112,18,50.9,1,4.4,31.6,7.05,183,60.1,53,5.6,3,72,Synthetic/Demo,18.42,30.98
A2113,19,50.6,1,4.5,32.1,7.17,188,62.2,55,5.6,3,71,Synthetic/Demo,20.1,31.04
A2114,30,82.6,8,13.2,62.8,9.73,272,103.7,80,8.7,6,114,Synthetic/Demo,76.56,62.52
A2115,29,84.0,8,13.1,64.2,9.81,271,105.9,80,8.7,6,115,Synthetic/Demo,83.56,63.7
A2116,18,50.0,1,4.6,32.2,7.18,186,62.6,53,5.9,3,71,Synthetic/Demo,19.65,32.84
A2117,18,50.1,1,4.4,30.7,7.15,181,61.3,55,5.7,3,68,Synthetic/Demo,18.91,31.74
A2118,19,51.7,1,4.9,34.2,7.18,182,63.5,54,5.8,3,70,Synthetic/Demo,20.47,33.39
A2119,19,53.0,1,4.6,30.6,7.24,183,59.7,56,5.6,3,69,Synthetic/Demo,11.68,30.34
A2120,19,53.0,1,4.4,31.0,7.27,181,61.4,56,5.7,3,71,Synthetic/Demo,19.57,30.71
A2121,29,83.4,8,13.1,64.8,9.83,269,107.6,80,9.0,6,114,Synthetic/Demo,90.23,65.17
A2122,19,53.0,1,4.3,32.6,6.93,180,62.8,56,5.6,3,73,Synthetic/Demo,21.91,30.18
A2123,19,52.2,1,4.9,31.8,7.22,180,61.4,54,5.8,3,71,Synthetic/Demo,21.66,32.14
A2124,19,54.2,1,4.6,34.2,6.95,178,62.8,55,5.7,3,70,Synthetic/Demo,20.98,31.85
A2125,19,50.7,1,4.5,34.3,6.99,183,61.6,55,5.7,3,70,Synthetic/Demo,21.03,31.82
A2126,29,82.9,8,12.9,63.7,9.7,268,106.1,81,8.6,6,113,Synthetic/Demo,82.02,63.32
A2127,19,52.1,1,4.5,33.9,7.19,184,63.6,53,5.9,3,69,Synthetic/Demo,19.15,33.26
A2128,18,50.8,1,4.5,33.1,7.17,184,62.5,54,5.8,3,70,Synthetic/Demo,24.85,32.78
A2129,29,82.2,8,12.8,64.8,9.92,275,106.2,81,8.8,6,114,Synthetic/Demo,83.62,64.06
A2130,19,51.2,1,4.3,34.3,7.25,185,60.9,54,5.7,3,73,Synthetic/Demo,23.53,31.73
A2131,29,81.3,8,13.1,64.4,9.73,267,105.1,79,8.9,6,113,Synthetic/Demo,83.03,64.86
A2132,29,82.3,8,13.1,62.4,9.81,264,105.0,79,8.8,6,114,Synthetic/Demo,81.04,64.08
A2133,30,83.2,8,13.2,62.4,9.85,272,103.5,80,8.8,6,111,Synthetic/Demo,82.16,63.16
A2134,18,51.9,1,4.6,33.2,7.08,183,61.7,55,5.8,3,72,Synthetic/Demo,22.76,31.93
A2135,18,52.0,1,4.8,30.5,6.98,188,60.6,54,5.6,3,71,Synthetic/Demo,17.17,30.4
A2136,29,83.8,8,13.3,62.2,9.65,270,104.5,81,9.0,6,115,Synthetic/Demo,78.02,62.91
A2137,29,83.1,8,13.0,64.7,9.79,272,105.3,79,8.7,6,116,Synthetic/Demo,81.42,63.72
A2138,19,50.7,1,4.8,31.5,7.22,181,61.6,56,5.5,3,72,Synthetic/Demo,25.31,31.05
A2139,18,52.5,1,4.4,33.1,7.11,186,60.8,54,5.6,3,69,Synthetic/Demo,16.36,31.61
A2140,29,82.5,8,13.3,62.8,9.71,264,104.0,80,8.7,6,116,Synthetic/Demo,76.06,63.27
A2141,19,50.5,1,4.8,31.7,7.2,189,62.3,55,5.8,3,72,Synthetic/Demo,21.08,31.47
A2142,19,52.0,1,5.3,30.4,7.22,187,60.3,56,5.6,3,69,Synthetic/Demo,20.35,30.96
A2143,29,85.1,8,13.1,64.4,9.65,264,106.4,79,8.8,6,116,Synthetic/Demo,82.25,63.97
A2144,29,83.2,8,13.3,64.1,9.95,269,107.3,79,9.0,6,115,Synthetic/Demo,84.2,65.48
A2145,19,50.4,1,4.6,33.7,7.01,178,63.0,53,5.6,3,74,Synthetic/Demo,20.97,32.08
A2146,29,84.3,8,13.1,62.2,9.81,268,104.9,80,9.0,6,112,Synthetic/Demo,85.18,63.88
A2147,29,83.2,8,12.9,61.7,9.75,274,102.0,80,8.7,6,116,Synthetic/Demo,72.83,61.45
A2148,29,83.8,8,12.9,61.0,9.71,272,103.3,81,9.0,6,114,Synthetic/Demo,75.57,62.0
A2149,19,50.8,1,4.6,32.6,7.2,188,60.8,56,5.7,3,70,Synthetic/Demo,19.98,31.19
A2150,18,54.2,1,4.5,30.5,7.03,181,58.2,56,5.6,3,73,Synthetic/Demo,12.72,29.15
A2151,29,83.2,8,12.7,62.0,9.66,270,103.4,80,9.0,6,111,Synthetic/Demo,78.0,62.88
A2152,29,84.0,8,13.7,62.1,9.65,269,106.2,81,8.6,6,114,Synthetic/Demo,85.49,63.12
A2153,19,51.8,1,5.0,32.8,7.24,187,62.1,54,5.8,3,69,Synthetic/Demo,22.26,32.69
A2154,29,81.4,8,13.1,64.3,9.92,264,106.5,82,8.9,6,112,Synthetic/Demo,83.79,65.3
A2155,19,50.9,1,4.9,30.9,7.21,186,61.7,56,5.5,3,69,Synthetic/Demo,16.32,31.03
A2156,30,83.9,8,12.6,62.2,9.75,265,103.6,81,8.9,6,116,Synthetic/Demo,77.14,61.82
A2157,30,85.1,8,13.7,60.8,9.79,264,102.7,80,8.6,6,112,Synthetic/Demo,78.92,62.54
A2158,19,54.3,1,4.9,34.4,6.92,179,63.2,55,5.7,3,69,Synthetic/Demo,21.4,32.3
A2159,19,51.4,1,4.3,33.3,7.04,186,63.1,53,5.9,3,70,Synthetic/Demo,24.68,32.18
A2160,19,50.6,1,4.2,32.0,7.03,189,61.4,56,5.7,3,69,Synthetic/Demo,20.17,30.36
A2161,29,84.3,8,13.2,63.8,9.7,265,103.4,79,8.9,6,115,Synthetic/Demo,77.65,63.74
A2162,19,52.6,1,4.3,32.3,7.21,182,62.6,56,5.6,3,74,Synthetic/Demo,21.16,30.55
A2163,29,84.9,8,13.6,61.3,9.83,268,104.3,81,8.8,6,117,Synthetic/Demo,81.87,62.67
A2164,29,82.2,8,13.4,64.6,9.91,267,107.8,79,8.7,6,114,Synthetic/Demo,87.15,65.65
A2165,29,84.9,8,12.8,64.1,9.98,273,103.9,82,8.8,6,113,Synthetic/Demo,85.56,63.17
A2166,19,52.7,1,4.3,32.4,7.13,180,60.9,54,5.7,3,69,Synthetic/Demo,17.31,31.43
A2167,18,51.8,1,5.1,30.6,7.05,180,61.2,56,5.7,3,72,Synthetic/Demo,17.68,31.19
A2168,29,81.9,8,12.9,61.9,9.89,267,105.4,79,8.8,6,113,Synthetic/Demo,76.79,64.01
A2169,29,83.6,8,13.6,63.6,9.89,271,105.7,81,8.9,6,116,Synthetic/Demo,81.66,64.22
A2170,29,81.4,8,13.7,64.8,9.78,265,106.2,80,8.9,6,112,Synthetic/Demo,85.2,66.02
A2171,18,54.1,1,4.1,31.5,7.28,183,60.8,54,5.6,3,73,Synthetic/Demo,22.45,30.57
A2172,30,82.3,8,12.7,60.9,9.77,267,104.7,82,8.7,6,112,Synthetic/Demo,78.22,61.88
A2173,18,52.2,1,5.2,31.4,7.03,185,60.3,56,5.6,3,69,Synthetic/Demo,18.94,31.22
A2174,18,51.0,1,4.5,31.1,7.16,185,60.4,55,5.6,3,72,Synthetic/Demo,19.49,30.7
A2175,19,53.8,1,5.0,30.9,6.99,189,59.6,54,5.8,3,69,Synthetic/Demo,16.37,30.46
A2176,29,81.3,8,12.7,64.7,9.91,275,105.9,82,8.9,6,117,Synthetic/Demo,87.26,63.49
A2177,29,82.6,8,13.7,63.6,9.88,274,105.0,79,8.9,6,112,Synthetic/Demo,77.53,65.09
A2178,29,81.3,8,13.0,61.6,9.84,269,103.9,82,8.9,6,116,Synthetic/Demo,79.95,62.65
A2179,18,54.1,1,4.8,34.3,7.03,179,62.3,55,5.9,3,72,Synthetic/Demo,28.58,32.62
A2180,19,50.7,1,4.8,34.2,7.23,186,63.9,53,5.8,3,70,Synthetic/Demo,23.33,33.6
A2181,19,52.1,1,4.5,32.3,7.1,181,61.7,54,5.6,3,70,Synthetic/Demo,19.89,31.4
A2182,19,52.3,1,4.2,32.2,6.93,187,61.3,53,5.8,3,73,Synthetic/Demo,17.43,30.25
A2183,19,52.1,1,5.2,30.8,6.98,178,61.9,54,5.9,3,69,Synthetic/Demo,20.56,32.18
A2184,19,53.5,1,4.7,34.4,6.99,182,64.1,53,5.8,3,68,Synthetic/Demo,26.78,33.12
A2185,29,83.0,8,13.1,64.6,9.85,264,108.3,79,8.6,6,115,Synthetic/Demo,76.52,65.04
A2186,29,84.0,8,12.9,61.7,9.96,265,106.5,82,8.8,6,113,Synthetic/Demo,85.66,63.55
A2187,30,84.6,8,13.2,62.0,9.76,272,104.3,80,8.7,6,117,Synthetic/Demo,74.99,61.73
A2188,29,82.8,8,13.6,61.0,9.81,273,104.2,81,9.0,6,114,Synthetic/Demo,79.19,63.25
A2189,30,84.8,8,13.5,62.0,9.8,274,104.0,79,8.8,6,112,Synthetic/Demo,78.9,63.02
A2190,19,51.3,1,4.4,34.3,7.2,185,62.6,54,5.8,3,73,Synthetic/Demo,23.73,32.21
A2191,19,50.5,1,4.2,31.5,7.18,186,61.0,54,5.8,3,71,Synthetic/Demo,14.53,30.99
A2192,19,52.8,1,4.9,32.8,6.99,181,61.2,54,5.7,3,69,Synthetic/Demo,22.39,31.81
A2193,29,81.4,8,12.8,63.3,9.81,271,105.2,79,9.0,6,115,Synthetic/Demo,86.62,64.02
A2194,19,54.0,1,4.2,33.7,7.02,181,59.9,55,5.8,3,68,Synthetic/Demo,16.04,31.15
A2195,19,54.2,1,4.6,31.1,7.2,181,61.3,56,5.9,3,73,Synthetic/Demo,20.96,30.64
A2196,19,53.4,1,4.7,33.7,7.19,187,61.9,56,5.8,3,68,Synthetic/Demo,19.78,32.02
A2197,30,82.7,8,13.0,61.3,9.73,267,103.0,80,8.7,6,113,Synthetic/Demo,79.93,62.08
A2198,19,53.7,1,5.3,32.7,7.15,185,63.3,56,5.6,3,72,Synthetic/Demo,22.26,31.65
A2199,30,83.2,8,12.7,63.5,9.66,274,102.9,80,9.0,6,114,Synthetic/Demo,76.79,62.2
A2200,19,53.1,1,5.1,34.0,7.19,179,63.1,56,5.7,3,69,Synthetic/Demo,25.14,33.01
A2201,19,52.3,1,4.6,33.5,7.2,181,61.6,55,5.7,3,74,Synthetic/Demo,27.09,31.52
A2202,30,83.4,8,13.4,62.7,9.91,272,106.4,80,8.8,6,115,Synthetic/Demo,81.08,63.63
A2203,19,51.8,1,4.8,32.8,7.21,185,60.4,55,5.8,3,69,Synthetic/Demo,23.45,31.97
A2204,18,50.3,1,4.6,30.8,7.23,186,60.5,55,5.8,3,70,Synthetic/Demo,15.81,31.57
A2205,29,83.4,8,12.8,63.7,9.98,274,105.9,81,8.8,6,117,Synthetic/Demo,78.09,63.23
A2206,29,84.5,8,13.4,62.8,9.72,271,105.7,81,8.8,6,117,Synthetic/Demo,81.91,62.86
A2207,19,54.2,1,4.6,33.0,7.01,185,62.9,54,5.5,3,73,Synthetic/Demo,24.74,30.61
A2208,19,52.3,1,5.2,32.6,7.05,180,63.3,54,5.6,3,69,Synthetic/Demo,23.38,32.6
A2209,19,52.4,1,5.0,32.6,7.08,188,61.3,53,5.8,3,68,Synthetic/Demo,20.15,32.24
A2210,30,81.7,8,13.2,64.2,9.82,265,106.1,79,9.0,6,113,Synthetic/Demo,82.86,65.15
A2211,19,52.7,1,5.2,34.1,6.92,182,61.1,56,5.7,3,68,Synthetic/Demo,18.0,32.05
A2212,19,51.3,1,4.8,31.9,6.93,178,60.6,54,5.6,3,69,Synthetic/Demo,21.79,31.34
A2213,30,85.0,8,13.0,62.1,9.95,264,103.6,79,9.0,6,115,Synthetic/Demo,83.75,63.35
A2214,30,85.2,8,13.6,64.1,9.66,266,105.2,79,9.0,6,115,Synthetic/Demo,80.93,64.09
A2215,19,53.7,1,4.6,32.2,6.94,189,60.7,55,5.5,3,70,Synthetic/Demo,17.04,29.75
A2216,19,53.4,1,5.1,32.2,7.05,182,60.8,53,5.6,3,72,Synthetic/Demo,21.66,31.34
A2217,19,54.1,1,4.5,33.5,7.09,189,63.4,54,5.8,3,74,Synthetic/Demo,19.6,31.13
A2218,19,50.3,1,4.3,34.0,7.15,186,61.0,55,5.6,3,68,Synthetic/Demo,20.46,31.79
A2219,19,51.2,1,4.6,33.4,6.95,179,62.3,53,5.6,3,71,Synthetic/Demo,27.3,31.93
A2220,29,83.8,8,12.7,64.8,9.97,271,104.1,81,8.8,6,114,Synthetic/Demo,80.57,63.67
A2221,19,53.2,1,5.0,32.3,7.09,180,62.3,54,5.6,3,71,Synthetic/Demo,20.49,31.78
A2222,29,85.2,8,13.6,65.0,9.73,265,105.2,82,9.0,6,112,Synthetic/Demo,81.22,64.87
A2223,29,82.5,8,13.4,62.8,9.74,267,106.1,81,8.8,6,117,Synthetic/Demo,83.36,63.52
A2224,19,52.4,1,5.2,32.3,6.92,188,61.4,56,5.8,3,73,Synthetic/Demo,19.47,30.62
A2225,29,84.7,8,12.6,62.7,9.83,273,103.4,79,8.9,6,111,Synthetic/Demo,77.28,63.1
A2226,19,53.1,1,4.5,32.5,7.11,180,62.2,55,5.6,3,71,Synthetic/Demo,24.71,31.17
A2227,29,82.5,8,13.6,62.9,9.97,273,105.6,80,9.0,6,113,Synthetic/Demo,86.73,65.0
A2228,29,83.7,8,13.1,63.5,9.97,265,106.3,81,8.7,6,114,Synthetic/Demo,80.59,64.3
A2229,29,83.5,8,12.6,64.5,9.91,266,106.4,81,8.7,6,112,Synthetic/Demo,76.22,64.25
A2230,29,83.6,8,12.8,61.5,9.82,272,103.1,80,8.8,6,115,Synthetic/Demo,81.42,62.07
A2231,30,83.7,8,13.1,61.3,9.67,267,103.3,79,8.9,6,111,Synthetic/Demo,77.05,62.79
A2232,18,51.4,1,5.2,31.2,7.19,189,60.5,53,5.6,3,70,Synthetic/Demo,22.79,31.95
A2233,19,51.5,1,5.0,31.7,7.26,184,63.2,55,5.7,3,73,Synthetic/Demo,15.93,31.87
A2234,29,82.6,8,13.1,61.0,9.95,264,104.1,82,8.8,6,113,Synthetic/Demo,83.01,63.26
A2235,29,83.5,8,12.6,64.9,9.85,265,106.2,81,8.9,6,112,Synthetic/Demo,78.47,64.6
A2236,19,50.6,1,5.0,32.2,6.99,179,61.4,55,5.7,3,68,Synthetic/Demo,23.25,32.12
A2237,29,85.2,8,13.7,62.0,9.89,274,103.2,79,9.0,6,114,Synthetic/Demo,80.98,63.71
A2238,29,82.1,8,13.3,64.5,9.95,268,105.6,82,9.0,6,115,Synthetic/Demo,80.18,64.86
A2239,19,53.9,1,4.3,30.7,7.06,181,57.8,55,5.8,3,69,Synthetic/Demo,16.79,29.75
A2240,19,53.4,1,4.3,33.6,7.09,187,61.7,53,5.5,3,72,Synthetic/Demo,22.12,30.81
A2241,29,81.3,8,12.8,62.5,9.77,264,105.2,81,8.8,6,116,Synthetic/Demo,80.4,63.19
A2242,18,52.9,1,5.2,33.4,7.1,184,62.0,55,5.6,3,69,Synthetic/Demo,23.91,32.62
A2243,29,83.5,8,13.5,62.8,9.68,271,106.4,80,8.8,6,112,Synthetic/Demo,86.97,64.06
A2244,29,81.1,8,12.7,62.6,9.97,264,103.6,81,8.8,6,114,Synthetic/Demo,75.86,63.62
A2245,18,51.3,1,4.5,30.9,7.09,187,58.6,54,5.6,3,69,Synthetic/Demo,22.92,30.55
A2246,19,51.7,1,4.7,33.6,7.26,182,61.9,55,5.8,3,69,Synthetic/Demo,22.91,32.78
A2247,29,83.2,8,13.5,63.1,9.76,265,105.8,80,8.7,6,114,Synthetic/Demo,79.1,64.21
A2248,18,51.0,1,5.2,33.5,7.05,179,62.9,53,5.8,3,69,Synthetic/Demo,19.23,34.04
A2249,19,53.6,1,5.1,31.3,6.95,185,61.7,55,5.7,3,73,Synthetic/Demo,19.15,30.36
A2250,30,84.8,8,12.7,62.7,9.64,270,104.6,81,9.0,6,114,Synthetic/Demo,81.74,62.04
A2251,29,84.3,8,12.8,60.9,9.72,265,101.7,82,8.8,6,113,Synthetic/Demo,77.4,61.52
A2252,30,81.8,8,13.2,64.3,9.69,264,106.1,81,8.7,6,114,Synthetic/Demo,86.28,63.83
A2253,18,52.9,1,4.5,32.5,7.15,186,60.2,55,5.6,3,73,Synthetic/Demo,15.27,30.65
A2254,30,84.4,8,12.6,61.2,9.82,264,102.1,82,8.9,6,113,Synthetic/Demo,78.41,61.56
A2255,30,84.8,8,13.6,64.5,9.77,271,106.5,82,8.8,6,117,Synthetic/Demo,78.53,63.28
A2256,29,83.0,8,13.4,62.5,9.86,274,105.7,79,8.7,6,113,Synthetic/Demo,82.01,63.95
A2257,29,84.9,8,13.0,63.7,9.71,264,104.5,79,8.8,6,111,Synthetic/Demo,83.76,64.13
A2258,18,52.6,1,4.8,31.2,7.04,189,61.0,56,5.7,3,71,Synthetic/Demo,17.68,30.49
A2259,29,84.0,8,13.3,62.4,9.77,269,104.1,80,9.0,6,116,Synthetic/Demo,72.65,63.3
A2260,29,85.2,8,13.0,61.9,9.81,273,106.4,81,8.6,6,114,Synthetic/Demo,80.12,62.37
A2261,30,82.0,8,12.9,61.5,9.9,271,103.8,80,8.8,6,114,Synthetic/Demo,80.64,62.54
A2262,18,51.4,1,4.6,30.8,7.22,180,61.1,54,5.6,3,69,Synthetic/Demo,21.51,31.89
A2263,29,82.5,8,13.0,61.9,9.73,273,102.5,79,8.7,6,112,Synthetic/Demo,82.09,62.61
A2264,19,53.8,1,4.3,34.1,7.24,184,62.6,56,5.6,3,73,Synthetic/Demo,18.29,31.1
A2265,30,82.2,8,13.2,62.1,9.91,268,105.0,79,8.8,6,113,Synthetic/Demo,83.14,63.83
A2266,19,52.4,1,4.4,33.8,6.99,184,61.7,53,5.8,3,69,Synthetic/Demo,24.34,31.99
A2267,29,83.1,8,13.6,61.8,9.81,264,104.3,80,8.9,6,113,Synthetic/Demo,76.09,64.24
A2268,18,51.2,1,4.7,33.3,7.13,184,63.1,54,5.7,3,73,Synthetic/Demo,22.64,32.42
A2269,19,51.6,1,4.3,32.8,7.09,183,61.0,55,5.8,3,74,Synthetic/Demo,18.42,30.71
A2270,29,81.8,8,13.5,62.1,9.82,265,105.9,80,8.9,6,113,Synthetic/Demo,81.61,64.72
A2271,30,82.9,8,13.6,64.1,9.65,270,104.9,80,8.8,6,117,Synthetic/Demo,82.3,63.24
A2272,29,83.7,8,13.2,61.7,9.92,272,103.6,79,9.0,6,114,Synthetic/Demo,78.85,63.59
A2273,30,81.6,8,13.0,64.8,9.85,272,106.6,79,8.9,6,116,Synthetic/Demo,80.11,64.32
A2274,30,85.2,8,13.4,62.9,9.88,270,106.0,79,8.9,6,115,Synthetic/Demo,82.05,63.78
A2275,29,82.9,8,13.7,61.2,9.91,269,106.2,79,9.0,6,112,Synthetic/Demo,78.81,65.03
A2276,19,52.9,1,4.3,30.8,7.11,182,59.4,56,5.8,3,73,Synthetic/Demo,15.14,29.55
A2277,30,81.6,8,12.9,62.7,9.82,265,104.5,82,8.6,6,113,Synthetic/Demo,82.13,62.7
A2278,29,84.3,8,13.7,63.1,9.88,271,106.7,80,8.7,6,116,Synthetic/Demo,78.85,64.1
A2279,29,83.7,8,13.2,61.6,9.96,274,105.5,81,8.9,6,115,Synthetic/Demo,82.44,63.2
A2280,30,84.5,8,13.0,62.2,9.87,271,105.2,79,8.7,6,115,Synthetic/Demo,81.5,62.63
A2281,19,52.5,1,4.9,30.3,6.92,181,60.2,53,5.6,3,72,Synthetic/Demo,13.46,30.21
A2282,29,85.1,8,13.7,61.3,9.81,269,104.9,79,8.8,6,113,Synthetic/Demo,78.88,63.74
A2283,19,52.6,1,4.1,34.4,7.04,184,60.8,53,5.8,3,69,Synthetic/Demo,24.13,31.81
A2284,19,50.1,1,4.9,32.3,7.18,188,64.5,54,5.5,3,69,Synthetic/Demo,18.67,32.42
A2285,18,50.5,1,4.4,31.2,7.03,188,60.6,54,5.6,3,73,Synthetic/Demo,16.67,30.29
A2286,18,51.3,1,4.4,32.2,6.91,187,60.5,53,5.7,3,69,Synthetic/Demo,19.98,31.2
A2287,19,51.9,1,5.0,32.8,7.22,184,63.6,54,5.8,3,70,Synthetic/Demo,25.16,32.98
A2288,30,82.2,8,13.8,61.8,9.65,275,104.0,82,8.9,6,116,Synthetic/Demo,78.71,62.16
A2289,29,84.7,8,13.0,64.8,9.84,275,107.7,79,8.8,6,113,Synthetic/Demo,80.33,64.57
A2290,29,83.1,8,13.0,61.1,9.74,271,105.2,81,8.7,6,111,Synthetic/Demo,83.11,62.69
A2291,29,83.7,8,13.1,64.3,9.94,269,105.3,81,8.9,6,116,Synthetic/Demo,87.42,64.1
A2292,29,81.3,8,13.6,63.5,9.77,265,105.9,81,8.9,6,113,Synthetic/Demo,85.49,65.04
A2293,30,83.1,8,13.5,63.3,9.97,266,106.0,82,8.8,6,116,Synthetic/Demo,83.02,63.87
A2294,18,54.2,1,4.2,33.4,7.05,187,59.6,55,5.9,3,74,Synthetic/Demo,16.8,30.39
A2295,29,83.5,8,13.2,61.5,9.94,272,104.8,81,8.9,6,116,Synthetic/Demo,77.74,62.98
A2296,19,50.8,1,4.8,33.3,6.95,186,61.9,56,5.6,3,72,Synthetic/Demo,21.73,30.88
A2297,18,52.8,1,4.8,30.6,7.04,189,60.9,56,5.6,3,72,Synthetic/Demo,19.61,29.92
A2298,19,50.6,1,4.8,31.2,7.08,187,59.6,55,5.6,3,74,Synthetic/Demo,22.91,29.91
A2299,18,52.5,1,5.2,32.0,7.16,183,63.7,55,5.7,3,73,Synthetic/Demo,24.1,32.36
A2300,29,82.0,8,13.3,62.8,9.87,274,104.9,79,8.7,6,116,Synthetic/Demo,76.06,63.53
A2301,19,54.2,1,4.9,31.8,7.24,184,60.4,56,5.8,3,69,Synthetic/Demo,24.19,31.32
A2302,29,83.5,8,13.4,63.9,9.81,273,104.1,82,8.9,6,115,Synthetic/Demo,78.07,63.41
A2303,19,54.1,1,5.1,31.7,7.06,188,61.5,56,5.9,3,69,Synthetic/Demo,19.38,31.19
A2304,30,81.3,8,13.0,61.3,9.66,264,102.6,81,8.8,6,116,Synthetic/Demo,79.15,61.74
A2305,19,53.7,1,4.8,32.4,6.97,178,60.9,54,5.7,3,69,Synthetic/Demo,26.69,31.51
A2306,19,50.6,1,4.8,33.3,6.95,186,62.3,54,5.8,3,74,Synthetic/Demo,29.96,31.46
A2307,19,52.7,1,4.3,32.1,7.04,180,61.4,55,5.9,3,70,Synthetic/Demo,21.86,31.19
A2308,19,53.1,1,4.7,34.0,6.92,180,62.6,56,5.6,3,69,Synthetic/Demo,20.69,31.56
A2309,30,84.6,8,13.0,61.0,9.96,268,102.6,80,8.9,6,111,Synthetic/Demo,81.35,62.79
A2310,29,83.1,8,12.7,62.8,9.77,274,103.5,82,8.6,6,115,Synthetic/Demo,80.88,61.56
A2311,19,50.2,1,5.2,32.6,7.21,180,63.2,56,5.7,3,68,Synthetic/Demo,22.12,33.19
A2312,29,82.4,8,13.5,63.2,9.94,264,104.7,79,8.7,6,112,Synthetic/Demo,88.08,65.15
A2313,29,84.7,8,13.3,61.6,9.79,265,104.5,81,8.8,6,115,Synthetic/Demo,80.98,62.9
A2314,19,50.7,1,4.5,33.6,7.22,183,62.9,56,5.7,3,73,Synthetic/Demo,23.3,31.81
A2315,30,81.7,8,13.0,64.9,9.82,273,104.0,81,8.9,6,112,Synthetic/Demo,83.2,63.82
A2316,19,51.9,1,4.4,34.0,7.03,179,61.4,55,5.6,3,73,Synthetic/Demo,22.11,31.16
A2317,29,83.7,8,13.6,61.9,9.73,270,104.3,80,8.8,6,114,Synthetic/Demo,82.8,63.3
A2318,19,50.3,1,5.1,30.4,7.01,183,61.5,55,5.7,3,73,Synthetic/Demo,17.76,30.75
A2319,30,82.4,8,12.8,65.0,9.82,264,103.1,82,8.9,6,113,Synthetic/Demo,79.74,63.57
A2320,30,81.7,8,13.5,63.9,9.75,264,107.0,80,8.7,6,111,Synthetic/Demo,79.55,64.99
A2321,19,50.5,1,4.6,30.5,7.05,183,59.9,56,5.8,3,72,Synthetic/Demo,19.89,30.12
A2322,19,51.3,1,4.2,30.8,6.98,186,60.8,54,5.6,3,72,Synthetic/Demo,19.87,29.59
A2323,29,82.1,8,12.6,61.5,9.77,269,100.5,79,8.7,6,112,Synthetic/Demo,78.79,62.06
A2324,29,84.8,8,13.8,61.8,9.84,264,104.0,82,8.9,6,114,Synthetic/Demo,86.65,63.66
A2325,18,53.6,1,4.7,32.0,7.12,188,61.9,56,5.6,3,73,Synthetic/Demo,19.74,30.52
A2326,29,81.1,8,12.8,64.9,9.93,271,106.8,81,8.7,6,117,Synthetic/Demo,83.88,64.04
A2327,19,54.0,1,4.8,31.0,7.25,181,62.9,54,5.7,3,72,Synthetic/Demo,18.08,31.51
A2328,29,84.6,8,13.7,61.5,9.84,269,105.5,79,8.7,6,114,Synthetic/Demo,80.01,63.76
A2329,18,50.7,1,4.1,33.1,7.24,179,62.1,55,5.8,3,70,Synthetic/Demo,23.51,32.58
A2330,18,50.1,1,5.1,30.5,7.19,183,61.9,56,5.7,3,69,Synthetic/Demo,23.33,32.15
A2331,19,54.3,1,4.6,33.7,6.95,180,63.4,56,5.6,3,70,Synthetic/Demo,20.32,31.29
A2332,29,81.9,8,12.9,62.2,9.68,272,104.5,80,8.8,6,115,Synthetic/Demo,78.53,62.58
A2333,18,52.5,1,4.2,32.5,7.04,187,60.5,55,5.9,3,70,Synthetic/Demo,14.55,31.05
A2334,29,83.3,8,13.2,61.8,9.96,272,105.1,82,8.6,6,112,Synthetic/Demo,79.22,63.07
A2335,19,53.4,1,4.9,33.1,7.27,183,63.0,55,5.7,3,72,Synthetic/Demo,25.31,32.17
A2336,30,82.5,8,13.4,62.5,9.81,267,106.2,81,8.7,6,116,Synthetic/Demo,82.95,63.17
A2337,30,81.0,8,13.3,63.0,9.93,270,104.8,80,9.0,6,116,Synthetic/Demo,83.21,64.01
A2338,29,81.2,8,13.7,64.2,9.77,273,106.8,79,8.6,6,111,Synthetic/Demo,82.6,65.28
A2339,18,53.8,1,5.0,34.0,7.01,185,63.8,56,5.7,3,69,Synthetic/Demo,22.23,32.53
A2340,19,53.5,1,5.2,32.7,7.27,179,62.4,55,5.9,3,68,Synthetic/Demo,21.69,33.36
A2341,29,84.5,8,13.6,64.8,9.9,272,106.3,79,8.9,6,114,Synthetic/Demo,85.59,65.29
A2342,29,82.3,8,12.8,61.7,9.88,273,105.4,82,8.7,6,113,Synthetic/Demo,80.45,62.59
A2343,30,84.5,8,12.9,62.0,9.7,272,104.0,81,8.9,6,113,Synthetic/Demo,80.21,61.92
A2344,19,50.9,1,4.9,31.9,7.11,188,63.0,56,5.9,3,71,Synthetic/Demo,19.3,31.66
A2345,29,81.4,8,13.1,64.4,9.67,266,104.8,79,8.8,6,112,Synthetic/Demo,74.88,64.66
A2346,29,85.2,8,13.1,61.3,9.87,274,102.7,82,8.9,6,112,Synthetic/Demo,82.16,62.19
A2347,18,50.2,1,4.5,33.6,7.21,185,62.9,54,5.8,3,74,Synthetic/Demo,20.38,32.59
A2348,29,83.7,8,13.3,60.8,9.87,270,103.3,80,8.7,6,114,Synthetic/Demo,76.72,62.59
A2349,30,83.9,8,13.6,64.3,9.92,269,104.0,80,8.9,6,115,Synthetic/Demo,84.85,64.2
A2350,19,54.1,1,4.4,31.4,7.28,187,62.5,54,5.6,3,73,Synthetic/Demo,18.9,30.53
A2351,29,84.2,8,12.7,61.6,9.91,268,105.4,81,9.0,6,113,Synthetic/Demo,83.3,63.29
A2352,19,51.1,1,4.6,34.4,7.07,186,64.2,53,5.6,3,72,Synthetic/Demo,23.84,32.42
A2353,30,82.7,8,13.7,64.6,9.99,272,108.6,80,8.7,6,115,Synthetic/Demo,86.31,65.18
A2354,30,83.8,8,13.2,64.1,9.72,270,105.8,81,8.7,6,113,Synthetic/Demo,77.01,63.26
A2355,29,84.3,8,13.5,64.9,9.81,273,106.0,80,8.9,6,116,Synthetic/Demo,86.19,64.41
A2356,18,52.4,1,5.3,30.8,6.91,182,63.2,56,5.9,3,71,Synthetic/Demo,21.43,31.79
A2357,19,52.7,1,4.2,31.1,7.13,183,61.8,56,5.7,3,73,Synthetic/Demo,17.87,29.89
A2358,30,81.5,8,12.8,60.9,9.87,273,103.8,80,8.7,6,113,Synthetic/Demo,78.77,62.07
A2359,29,83.6,8,13.1,61.6,9.77,271,101.1,79,9.0,6,115,Synthetic/Demo,73.31,62.48
A2360,19,51.1,1,4.6,34.0,6.98,179,62.7,53,5.8,3,68,Synthetic/Demo,23.3,33.09
A2361,19,53.8,1,4.6,33.9,6.95,188,61.6,56,5.6,3,73,Synthetic/Demo,16.72,30.13
A2362,29,81.8,8,13.7,64.3,9.67,267,106.3,81,8.8,6,113,Synthetic/Demo,78.45,64.88
A2363,29,83.3,8,12.7,62.0,9.92,272,103.0,80,8.7,6,114,Synthetic/Demo,74.31,62.39
A2364,19,51.1,1,5.3,30.5,7.23,184,62.1,53,5.6,3,69,Synthetic/Demo,24.75,32.33
A2365,19,52.0,1,4.5,30.7,7.11,189,59.5,54,5.8,3,68,Synthetic/Demo,16.55,30.57
A2366,29,84.6,8,13.8,62.4,9.88,269,106.1,81,8.9,6,112,Synthetic/Demo,87.09,64.62
A2367,18,51.4,1,5.1,32.6,7.09,179,61.6,54,5.8,3,71,Synthetic/Demo,20.5,32.91
A2368,19,51.1,1,4.5,33.1,7.2,182,62.7,55,5.8,3,70,Synthetic/Demo,16.71,32.36
A2369,19,53.2,1,4.7,31.9,6.92,187,61.0,54,5.9,3,74,Synthetic/Demo,15.76,30.27
A2370,19,51.6,1,4.9,31.9,7.25,185,62.5,54,5.5,3,73,Synthetic/Demo,24.92,31.45
A2371,30,84.1,8,12.8,62.5,9.98,265,104.2,82,8.8,6,115,Synthetic/Demo,80.19,62.59
A2372,29,84.8,8,12.9,61.9,9.94,266,103.8,79,8.9,6,116,Synthetic/Demo,78.77,63.2
A2373,18,52.4,1,4.7,33.7,7.27,180,64.5,56,5.8,3,70,Synthetic/Demo,24.04,33.47
A2374,19,52.3,1,5.3,34.2,6.99,188,63.3,54,5.6,3,68,Synthetic/Demo,23.91,32.75
A2375,18,54.2,1,4.2,31.9,7.12,179,60.6,56,5.8,3,72,Synthetic/Demo,23.01,30.66
A2376,18,51.6,1,4.6,33.4,7.09,180,62.1,54,5.5,3,73,Synthetic/Demo,25.54,31.89
A2377,19,50.9,1,4.9,32.6,7.11,181,62.7,56,5.7,3,71,Synthetic/Demo,20.57,31.93
A2378,29,84.0,8,12.8,62.5,9.85,272,103.2,82,8.6,6,113,Synthetic/Demo,74.84,61.98
A2379,29,81.8,8,13.4,61.0,9.79,271,103.5,79,9.0,6,112,Synthetic/Demo,78.56,63.81
A2380,29,81.4,8,12.8,60.9,9.79,268,102.4,80,8.6,6,111,Synthetic/Demo,78.79,62.43
A2381,29,82.1,8,12.8,64.8,9.91,271,107.4,79,8.7,6,115,Synthetic/Demo,79.28,64.64
A2382,30,82.2,8,13.8,63.5,9.76,270,105.4,81,8.9,6,114,Synthetic/Demo,79.28,64.12
A2383,19,50.6,1,4.1,33.8,7.2,183,61.1,56,5.5,3,73,Synthetic/Demo,21.3,30.72
A2384,29,81.7,8,13.0,62.8,9.71,266,102.9,82,8.6,6,117,Synthetic/Demo,78.87,61.99
A2385,18,52.4,1,5.0,30.7,7.12,180,60.7,56,5.8,3,74,Synthetic/Demo,20.32,31.0
A2386,19,51.4,1,4.5,31.3,6.97,184,60.1,54,5.8,3,74,Synthetic/Demo,16.24,30.07
A2387,19,50.6,1,4.8,33.1,6.98,183,62.2,54,5.8,3,73,Synthetic/Demo,20.3,31.78
A2388,19,51.6,1,4.4,33.7,7.13,186,61.5,56,5.7,3,71,Synthetic/Demo,17.84,31.19
A2389,29,83.4,8,13.3,63.2,9.74,268,105.0,80,8.7,6,112,Synthetic/Demo,83.62,63.89
A2390,19,51.7,1,4.5,32.5,7.18,181,63.5,53,5.7,3,73,Synthetic/Demo,24.7,32.05
A2391,30,85.3,8,13.2,64.4,9.85,271,105.7,79,8.6,6,115,Synthetic/Demo,76.18,63.37
A2392,29,83.4,8,13.4,62.7,9.93,267,106.7,79,8.9,6,114,Synthetic/Demo,79.85,64.99
A2393,18,51.8,1,5.0,30.6,7.24,187,61.5,55,5.5,3,70,Synthetic/Demo,15.63,31.36
A2394,19,50.7,1,4.8,34.5,7.02,179,62.3,56,5.5,3,70,Synthetic/Demo,20.08,32.12
A2395,30,82.9,8,13.1,64.9,9.99,273,105.8,81,9.0,6,115,Synthetic/Demo,82.49,64.31
A2396,18,53.0,1,4.7,30.5,7.14,188,60.7,56,5.6,3,72,Synthetic/Demo,14.29,30.04
A2397,30,85.0,8,13.8,62.3,9.73,273,102.8,82,8.8,6,117,Synthetic/Demo,77.04,61.7
A2398,29,81.0,8,13.4,63.3,9.97,265,106.2,79,8.7,6,116,Synthetic/Demo,79.85,65.03
A2399,30,83.5,8,13.6,64.4,9.9,265,105.7,79,8.9,6,114,Synthetic/Demo,84.41,65.19
A2400,29,85.1,8,13.4,62.8,9.78,270,106.0,79,8.7,6,117,Synthetic/Demo,81.22,63.29
A2401,30,82.0,8,13.7,61.0,9.8,273,105.1,82,9.0,6,112,Synthetic/Demo,78.25,63.29
A2402,18,52.2,1,4.7,31.0,7.01,183,60.3,54,5.7,3,72,Synthetic/Demo,19.55,30.8
A2403,18,51.2,1,4.9,30.9,7.11,181,63.3,56,5.7,3,69,Synthetic/Demo,19.26,32.13
A2404,29,81.3,8,13.6,63.1,9.69,271,104.3,79,8.6,6,117,Synthetic/Demo,79.55,63.32
A2405,29,81.2,8,13.7,60.9,9.65,266,102.7,81,8.9,6,114,Synthetic/Demo,84.48,63.08
A2406,29,84.5,8,12.6,61.2,9.81,270,102.6,82,9.0,6,115,Synthetic/Demo,81.99,61.55
A2407,29,84.6,8,12.7,64.1,9.74,266,102.2,81,9.0,6,112,Synthetic/Demo,76.2,63.26
A2408,19,51.2,1,4.8,30.7,7.22,188,60.8,55,5.8,3,73,Synthetic/Demo,22.17,30.68
A2409,30,82.5,8,13.3,65.0,9.99,271,106.1,82,8.8,6,115,Synthetic/Demo,85.52,64.24
A2410,29,84.5,8,13.8,63.7,9.88,270,108.6,81,9.0,6,112,Synthetic/Demo,80.62,65.71
A2411,29,83.3,8,13.6,64.8,9.98,266,106.0,80,8.9,6,114,Synthetic/Demo,86.78,65.77
A2412,30,82.3,8,13.6,62.0,9.9,268,107.5,79,8.6,6,115,Synthetic/Demo,86.7,64.06
A2413,19,51.5,1,4.9,30.5,7.19,189,62.0,56,5.9,3,74,Synthetic/Demo,16.49,30.6
A2414,19,50.8,1,4.7,30.6,7.02,186,58.7,55,5.8,3,73,Synthetic/Demo,15.29,29.77
A2415,30,85.1,8,13.3,61.9,9.7,265,104.4,79,8.7,6,116,Synthetic/Demo,83.03,62.38
A2416,30,83.7,8,13.7,63.4,9.95,267,106.8,80,8.7,6,114,Synthetic/Demo,84.18,64.6
A2417,29,84.1,8,13.5,63.9,9.91,273,105.9,80,8.9,6,112,Synthetic/Demo,84.26,64.9
A2418,30,83.9,8,13.2,62.5,9.94,274,103.3,81,8.6,6,112,Synthetic/Demo,80.97,62.47
A2419,29,83.9,8,13.5,61.2,9.72,268,102.8,79,8.8,6,115,Synthetic/Demo,80.59,62.78
A2420,19,50.4,1,4.6,33.9,6.99,185,61.5,56,5.8,3,73,Synthetic/Demo,16.59,31.22
A2421,30,83.3,8,13.7,61.7,9.86,267,104.6,79,9.0,6,111,Synthetic/Demo,85.05,64.53
A2422,29,84.5,8,12.9,63.9,9.66,269,104.2,82,8.6,6,116,Synthetic/Demo,82.9,61.97
A2423,29,81.2,8,12.7,61.7,9.96,264,102.6,80,9.0,6,111,Synthetic/Demo,79.49,64.04
A2424,19,51.1,1,4.4,30.6,7.0,182,60.4,54,5.7,3,73,Synthetic/Demo,18.13,30.0
A2425,29,82.8,8,13.0,63.5,9.84,272,105.4,81,8.8,6,112,Synthetic/Demo,76.24,63.83
A2426,19,53.7,1,4.5,31.9,6.96,183,59.2,54,5.6,3,70,Synthetic/Demo,20.12,30.03
A2427,19,53.5,1,5.3,34.4,7.05,187,64.0,54,5.5,3,72,Synthetic/Demo,24.5,32.27
A2428,29,84.4,8,13.7,64.9,9.85,269,103.9,79,8.9,6,116,Synthetic/Demo,82.79,64.72
A2429,19,53.2,1,4.4,33.6,6.92,180,60.5,56,5.6,3,70,Synthetic/Demo,23.13,30.52
A2430,18,50.9,1,4.5,30.8,7.07,183,59.3,53,5.9,3,70,Synthetic/Demo,17.99,31.49
A2431,18,54.2,1,4.7,32.1,7.2,179,62.8,55,5.5,3,69,Synthetic/Demo,23.25,32.03
A2432,19,50.2,1,4.4,31.1,7.25,189,59.9,53,5.7,3,71,Synthetic/Demo,16.03,30.91
A2433,19,51.5,1,5.1,33.9,7.18,179,63.1,53,5.8,3,72,Synthetic/Demo,23.74,33.54
A2434,29,81.2,8,12.7,61.0,9.87,266,103.9,80,8.6,6,115,Synthetic/Demo,78.21,62.45
A2435,19,53.5,1,5.0,32.1,6.92,183,61.1,55,5.9,3,71,Synthetic/Demo,20.96,31.1
A2436,19,53.3,1,4.9,30.5,6.95,189,59.5,55,5.8,3,69,Synthetic/Demo,17.03,29.96
A2437,19,51.6,1,4.8,33.0,7.18,180,60.3,54,5.6,3,68,Synthetic/Demo,21.21,32.29
A2438,19,52.4,1,4.5,32.3,7.19,183,62.3,55,5.8,3,73,Synthetic/Demo,23.4,31.3
A2439,30,83.0,8,13.2,62.9,9.78,266,105.9,82,8.8,6,113,Synthetic/Demo,79.86,63.35
A2440,18,50.1,1,5.1,30.7,7.18,185,61.4,55,5.6,3,72,Synthetic/Demo,15.47,31.57
A2441,19,53.4,1,4.2,32.5,7.23,185,62.5,54,5.8,3,68,Synthetic/Demo,26.13,31.86
A2442,29,81.4,8,13.2,61.3,9.82,273,103.9,79,9.0,6,112,Synthetic/Demo,83.82,63.8
A2443,29,82.5,8,13.6,61.5,9.82,268,103.7,82,8.8,6,112,Synthetic/Demo,76.56,63.43
A2444,30,81.0,8,12.7,64.1,9.79,267,106.2,81,8.8,6,117,Synthetic/Demo,82.97,63.19
A2445,30,83.1,8,13.8,61.2,9.88,268,105.8,80,8.6,6,111,Synthetic/Demo,79.97,63.84
A2446,18,50.4,1,4.9,32.3,7.07,186,61.5,56,5.9,3,71,Synthetic/Demo,21.47,32.0
A2447,19,52.1,1,4.5,31.2,7.19,180,61.6,56,5.8,3,72,Synthetic/Demo,21.2,30.94
A2448,19,53.1,1,5.1,33.1,7.14,184,64.5,56,5.7,3,72,Synthetic/Demo,21.94,32.12
A2449,19,52.4,1,4.7,32.5,7.21,184,61.7,56,5.5,3,69,Synthetic/Demo,18.56,31.29
A2450,18,50.8,1,4.5,31.3,7.2,186,61.8,55,5.9,3,69,Synthetic/Demo,18.18,32.07
A2451,29,82.2,8,13.0,63.6,9.67,275,105.0,81,8.9,6,116,Synthetic/Demo,76.83,62.84
A2452,18,52.9,1,4.5,32.3,7.26,187,62.1,54,5.6,3,68,Synthetic/Demo,18.35,32.11
A2453,18,54.0,1,5.0,33.2,7.17,189,62.6,55,5.7,3,71,Synthetic/Demo,21.51,32.07
A2454,18,50.6,1,5.0,33.2,6.98,181,60.2,54,5.7,3,74,Synthetic/Demo,18.68,31.83
A2455,19,53.0,1,4.5,32.3,7.14,182,62.7,56,5.5,3,73,Synthetic/Demo,22.43,30.51
A2456,30,85.3,8,12.9,63.5,9.93,272,104.1,80,8.9,6,114,Synthetic/Demo,85.28,63.01
A2457,30,81.7,8,13.1,61.2,9.64,268,103.5,80,8.6,6,115,Synthetic/Demo,76.4,61.65
A2458,19,51.6,1,5.1,32.4,7.2,184,62.0,54,5.5,3,73,Synthetic/Demo,22.31,31.66
A2459,30,84.0,8,13.7,60.9,9.71,269,105.3,80,8.7,6,112,Synthetic/Demo,81.63,62.93
A2460,18,53.7,1,5.2,30.5,7.15,188,60.2,56,5.6,3,69,Synthetic/Demo,21.02,30.8
A2461,18,51.7,1,4.8,31.7,7.2,182,61.2,56,5.9,3,72,Synthetic/Demo,21.26,31.88
A2462,18,54.0,1,4.8,30.7,7.08,184,62.8,55,5.8,3,71,Synthetic/Demo,22.34,31.29
A2463,19,53.6,1,4.3,32.7,7.11,180,62.5,54,5.8,3,74,Synthetic/Demo,22.26,31.14
A2464,18,51.6,1,4.2,32.4,7.24,182,61.0,54,5.8,3,74,Synthetic/Demo,16.71,31.54
A2465,30,81.3,8,13.6,63.5,9.95,265,105.9,81,8.6,6,115,Synthetic/Demo,85.5,64.29
A2466,19,50.1,1,4.7,31.4,7.04,180,61.5,55,5.7,3,73,Synthetic/Demo,22.6,30.98
A2467,29,81.9,8,12.8,61.2,9.79,273,102.1,80,9.0,6,112,Synthetic/Demo,75.82,62.63
A2468,19,53.1,1,5.1,33.2,6.93,183,61.8,55,5.8,3,73,Synthetic/Demo,21.26,31.35
A2469,30,84.0,8,13.6,64.9,9.81,272,106.3,80,8.7,6,115,Synthetic/Demo,84.74,64.06
A2470,29,81.2,8,12.7,62.6,9.78,275,104.0,79,8.9,6,113,Synthetic/Demo,78.35,63.25
A2471,30,82.3,8,13.3,62.5,9.83,264,105.5,79,8.9,6,112,Synthetic/Demo,85.12,64.52
A2472,19,51.0,1,5.2,33.1,7.16,187,61.3,55,5.6,3,72,Synthetic/Demo,28.68,31.76
A2473,30,84.6,8,12.8,61.3,9.71,265,102.6,80,9.0,6,112,Synthetic/Demo,76.39,62.26
A2474,19,52.0,1,5.0,32.1,7.21,189,62.2,56,5.7,3,68,Synthetic/Demo,17.04,31.8
A2475,29,81.5,8,13.2,63.7,9.94,274,106.8,80,9.0,6,112,Synthetic/Demo,83.3,65.26
A2476,29,82.9,8,13.2,62.5,9.97,269,105.2,79,9.0,6,116,Synthetic/Demo,83.89,64.34
A2477,19,53.0,1,4.3,31.5,7.22,181,62.0,56,5.7,3,69,Synthetic/Demo,19.61,31.06
A2478,18,52.3,1,5.3,33.3,7.14,181,62.6,56,5.6,3,72,Synthetic/Demo,27.08,32.55
A2479,19,52.2,1,4.5,34.0,7.2,181,64.1,55,5.5,3,69,Synthetic/Demo,18.51,32.49
A2480,29,82.3,8,13.1,62.6,9.72,268,104.0,82,9.0,6,114,Synthetic/Demo,82.05,63.19
A2481,19,51.6,1,4.5,33.3,6.96,180,62.7,56,5.7,3,72,Synthetic/Demo,18.84,31.19
A2482,18,52.9,1,4.4,32.1,7.19,188,61.3,55,5.8,3,68,Synthetic/Demo,25.21,31.67
A2483,30,85.1,8,12.9,63.9,9.76,268,105.7,81,8.6,6,113,Synthetic/Demo,86.65,62.74
A2484,19,53.5,1,4.8,32.9,7.23,186,62.3,54,5.7,3,74,Synthetic/Demo,19.31,31.47
A2485,19,51.3,1,4.5,34.2,7.06,179,63.1,54,5.8,3,73,Synthetic/Demo,20.53,32.39
A2486,19,51.9,1,4.3,31.8,7.23,179,61.3,55,5.6,3,68,Synthetic/Demo,23.1,31.5
A2487,29,84.1,8,13.3,61.8,9.74,275,103.9,81,8.9,6,114,Synthetic/Demo,77.98,62.5
A2488,29,82.6,8,13.3,64.7,9.65,268,106.2,81,8.6,6,117,Synthetic/Demo,81.16,63.44
A2489,29,82.0,8,13.6,62.8,9.95,266,106.5,80,8.9,6,113,Synthetic/Demo,83.24,65.44
A2490,29,81.4,8,13.3,61.3,9.78,270,102.4,80,8.7,6,114,Synthetic/Demo,73.14,62.67
A2491,29,84.1,8,13.6,64.6,9.92,268,108.0,79,8.7,6,113,Synthetic/Demo,84.12,65.73
A2492,29,81.8,8,12.7,62.7,9.79,265,102.7,80,8.6,6,112,Synthetic/Demo,77.19,62.99
A2493,19,53.0,1,5.1,30.9,7.23,184,62.0,56,5.7,3,68,Synthetic/Demo,19.72,31.66
A2494,19,51.3,1,4.3,31.9,7.09,179,60.0,54,5.5,3,70,Synthetic/Demo,23.69,30.74
A2495,30,81.2,8,13.6,63.3,9.96,274,106.9,81,8.9,6,115,Synthetic/Demo,78.86,64.43
A2496,19,50.9,1,4.7,32.8,7.27,185,63.5,54,5.8,3,72,Synthetic/Demo,24.71,32.57
A2497,18,52.3,1,4.5,33.6,7.09,184,62.5,54,5.9,3,69,Synthetic/Demo,20.77,32.85
A2498,19,53.5,1,4.8,30.5,7.15,188,59.8,56,5.8,3,71,Synthetic/Demo,18.09,29.98
A2499,29,81.7,8,12.8,61.5,10.0,273,106.1,81,9.0,6,114,Synthetic/Demo,82.69,63.64
A2500,18,53.9,1,5.0,33.4,7.02,182,62.3,56,5.7,3,69,Synthetic/Demo,22.77,32.21
A2501,29,82.5,8,12.6,61.2,9.95,266,102.8,81,8.8,6,113,Synthetic/Demo,80.74,62.64
A2502,29,84.3,8,13.8,62.7,9.64,267,101.3,82,8.7,6,112,Synthetic/Demo,82.8,62.73
A2503,29,83.3,8,13.0,64.5,9.73,274,103.6,81,8.8,6,114,Synthetic/Demo,79.06,63.04
A2504,19,52.8,1,4.7,33.7,7.2,187,64.2,53,5.7,3,72,Synthetic/Demo,20.59,32.49
A2505,29,85.1,8,12.7,61.9,9.89,271,103.5,79,8.9,6,114,Synthetic/Demo,76.04,62.74
A2506,30,82.7,8,13.0,64.3,9.87,264,105.4,79,8.8,6,114,Synthetic/Demo,79.88,64.4
A2507,18,53.4,1,4.6,30.7,7.23,185,61.6,56,5.7,3,74,Synthetic/Demo,28.48,30.44
A2508,29,83.9,8,13.2,62.8,9.9,266,104.4,82,8.6,6,113,Synthetic/Demo,84.69,63.26
A2509,18,51.7,1,4.4,32.8,7.28,186,60.7,56,5.5,3,71,Synthetic/Demo,16.22,31.16
A2510,29,83.7,8,13.2,62.0,9.8,265,104.8,79,8.6,6,112,Synthetic/Demo,76.56,63.66
A2511,19,52.4,1,5.1,32.4,7.03,185,62.5,56,5.8,3,73,Synthetic/Demo,22.51,31.25
A2512,19,54.1,1,4.4,31.2,7.08,179,61.4,54,5.7,3,73,Synthetic/Demo,21.26,30.39
A2513,19,50.8,1,4.5,31.7,6.92,185,58.7,56,5.6,3,73,Synthetic/Demo,19.23,29.2
A2514,29,81.8,8,13.4,62.0,9.98,268,105.8,79,8.8,6,112,Synthetic/Demo,81.28,64.97
A2515,18,52.5,1,4.2,32.2,7.11,178,61.9,54,5.6,3,72,Synthetic/Demo,19.79,31.38
A2516,29,82.0,8,13.3,62.9,9.82,266,105.3,81,8.7,6,115,Synthetic/Demo,82.2,63.74
A2517,18,54.0,1,4.2,33.1,7.05,189,61.8,53,5.8,3,70,Synthetic/Demo,19.99,31.46
A2518,29,85.0,8,13.1,63.9,9.64,266,105.2,81,8.6,6,116,Synthetic/Demo,73.7,62.65
A2519,30,82.3,8,13.0,61.9,9.95,274,103.2,81,8.6,6,116,Synthetic/Demo,78.35,61.72
A2520,29,81.8,8,13.5,61.9,9.81,264,103.6,81,8.7,6,112,Synthetic/Demo,78.22,63.8
A2521,18,51.7,1,5.1,30.5,6.97,181,61.4,54,5.5,3,70,Synthetic/Demo,20.13,31.3
A2522,19,54.2,1,4.9,34.2,6.97,185,62.5,55,5.7,3,73,Synthetic/Demo,30.4,31.29
A2523,30,83.0,8,13.7,63.9,9.73,268,107.6,81,8.7,6,116,Synthetic/Demo,83.65,63.92
A2524,29,81.3,8,13.5,60.8,9.66,271,102.7,81,8.8,6,113,Synthetic/Demo,77.54,62.52
A2525,19,51.6,1,4.4,34.3,7.03,187,62.2,56,5.6,3,70,Synthetic/Demo,23.27,31.2
A2526,30,82.3,8,13.3,64.2,9.87,273,104.6,80,8.9,6,117,Synthetic/Demo,83.03,63.55
A2527,19,53.5,1,4.4,30.4,6.93,184,58.4,56,5.5,3,72,Synthetic/Demo,17.84,28.26
A2528,18,50.3,1,4.5,32.4,7.21,182,61.2,56,5.7,3,69,Synthetic/Demo,22.64,32.13
A2529,18,51.4,1,4.3,31.2,7.01,186,58.9,54,5.7,3,74,Synthetic/Demo,23.74,29.81
A2530,18,54.2,1,4.2,32.7,7.14,183,62.5,54,5.5,3,74,Synthetic/Demo,16.64,30.75
A2531,19,50.7,1,5.2,33.7,7.11,188,64.1,55,5.7,3,70,Synthetic/Demo,24.12,32.86
A2532,18,53.2,1,4.3,32.4,6.97,185,58.7,53,5.7,3,71,Synthetic/Demo,15.61,30.52
A2533,29,84.8,8,13.1,63.2,9.65,265,103.4,81,8.7,6,111,Synthetic/Demo,81.6,63.04
A2534,19,52.5,1,4.7,33.1,7.02,187,61.2,56,5.7,3,74,Synthetic/Demo,17.16,30.33
A2535,29,81.7,8,13.2,61.4,9.68,264,104.0,81,9.0,6,112,Synthetic/Demo,78.59,63.6
A2536,30,83.4,8,13.8,61.0,9.93,273,104.1,79,8.9,6,115,Synthetic/Demo,80.0,63.34
A2537,29,83.7,8,12.9,62.6,9.97,267,101.9,79,8.7,6,113,Synthetic/Demo,83.1,63.31
A2538,19,51.0,1,4.5,32.2,6.95,185,59.3,54,5.5,3,72,Synthetic/Demo,21.05,29.93
A2539,18,52.3,1,4.2,30.5,7.26,183,61.9,56,5.9,3,73,Synthetic/Demo,15.82,30.86
A2540,19,50.9,1,4.4,32.0,7.12,183,60.3,56,5.7,3,72,Synthetic/Demo,19.6,30.47
A2541,30,84.8,8,13.7,61.3,9.9,266,105.3,80,8.8,6,113,Synthetic/Demo,79.57,63.66
A2542,19,53.9,1,4.4,30.9,7.02,186,60.8,56,5.6,3,73,Synthetic/Demo,14.16,29.01
A2543,29,81.5,8,13.0,60.9,9.63,272,101.1,80,8.8,6,113,Synthetic/Demo,76.33,61.74
A2544,19,50.9,1,5.0,32.5,7.12,184,62.3,54,5.8,3,69,Synthetic/Demo,20.88,32.63
A2545,30,81.6,8,12.8,63.7,9.68,268,106.3,79,8.9,6,115,Synthetic/Demo,87.94,63.62
A2546,18,52.7,1,4.3,33.4,6.98,185,61.8,54,5.5,3,74,Synthetic/Demo,20.75,30.62
A2547,19,50.3,1,4.5,33.1,7.07,183,62.0,55,5.8,3,72,Synthetic/Demo,16.65,31.64
A2548,19,52.1,1,5.0,34.0,6.99,187,62.7,54,5.5,3,69,Synthetic/Demo,19.77,32.02
A2549,18,50.9,1,4.6,34.1,6.97,184,63.6,54,5.8,3,73,Synthetic/Demo,24.56,32.5
A2550,29,84.8,8,12.8,61.7,9.82,273,105.6,79,9.0,6,113,Synthetic/Demo,85.91,63.26
A2551,29,82.9,8,13.8,64.9,9.66,274,104.0,81,8.7,6,114,Synthetic/Demo,76.64,63.79
A2552,30,82.0,8,13.0,64.5,9.96,272,108.2,79,8.9,6,112,Synthetic/Demo,77.54,65.34
A2553,18,53.0,1,4.5,33.5,7.25,182,63.3,55,5.9,3,72,Synthetic/Demo,28.15,32.78
A2554,18,51.0,1,5.3,31.7,7.05,179,62.9,54,5.6,3,70,Synthetic/Demo,23.06,32.83
A2555,19,50.5,1,5.0,32.3,6.91,189,61.0,54,5.6,3,71,Synthetic/Demo,16.76,30.87
A2556,19,53.7,1,4.9,33.8,7.18,182,65.2,56,5.9,3,73,Synthetic/Demo,25.15,32.64
A2557,18,50.0,1,5.1,33.0,7.1,187,62.6,54,5.5,3,73,Synthetic/Demo,13.43,32.19
A2558,19,51.7,1,4.9,32.2,7.2,183,62.3,56,5.7,3,69,Synthetic/Demo,21.62,31.99
A2559,19,51.2,1,5.0,31.0,7.12,188,60.4,54,5.7,3,70,Synthetic/Demo,20.7,31.11
A2560,29,85.1,8,13.1,63.4,9.78,266,103.8,81,9.0,6,114,Synthetic/Demo,83.76,63.51
A2561,19,51.1,1,4.7,31.7,6.93,181,60.0,53,5.6,3,71,Synthetic/Demo,16.12,30.81
A2562,29,84.9,8,13.4,61.0,9.63,271,104.2,80,8.8,6,117,Synthetic/Demo,78.86,61.84
A2563,19,53.7,1,4.4,32.7,6.99,182,62.5,56,5.8,3,69,Synthetic/Demo,17.51,31.1
A2564,19,52.6,1,4.5,32.0,7.27,187,62.6,56,5.7,3,73,Synthetic/Demo,21.34,30.81
A2565,30,84.7,8,13.6,62.5,9.97,265,105.6,81,9.0,6,114,Synthetic/Demo,80.23,64.28
A2566,29,84.0,8,13.1,62.0,9.75,274,104.7,79,8.9,6,115,Synthetic/Demo,78.19,62.9
A2567,19,50.9,1,4.8,31.9,7.2,185,61.1,55,5.7,3,74,Synthetic/Demo,17.53,31.02
A2568,30,81.1,8,13.2,62.2,9.8,264,104.5,80,8.8,6,112,Synthetic/Demo,82.81,63.82
A2569,29,81.7,8,13.2,61.5,9.91,270,103.6,81,8.8,6,115,Synthetic/Demo,82.41,63.0
A2570,18,51.2,1,4.4,33.9,7.17,180,62.1,53,5.7,3,71,Synthetic/Demo,21.28,32.95
A2571,19,51.7,1,4.3,33.6,7.11,187,62.1,54,5.6,3,69,Synthetic/Demo,20.6,31.58
A2572,29,83.4,8,12.7,62.4,9.82,274,104.3,80,9.0,6,111,Synthetic/Demo,75.06,63.34
A2573,29,83.3,8,12.9,63.5,9.68,273,103.9,81,8.7,6,113,Synthetic/Demo,78.22,62.55
A2574,18,52.3,1,5.0,33.4,7.12,188,63.2,56,5.9,3,70,Synthetic/Demo,21.98,32.71
A2575,19,50.0,1,4.4,31.4,6.98,190,60.1,55,5.7,3,72,Synthetic/Demo,25.56,29.76
A2576,29,81.9,8,12.8,63.6,9.86,272,102.7,80,8.8,6,113,Synthetic/Demo,76.51,63.34
A2577,19,51.7,1,5.2,32.1,7.04,189,60.8,55,5.6,3,69,Synthetic/Demo,24.59,31.21
A2578,19,51.5,1,4.5,32.1,7.08,182,61.8,54,5.6,3,70,Synthetic/Demo,23.16,31.32
A2579,19,51.9,1,4.9,30.6,7.25,187,61.6,56,5.9,3,73,Synthetic/Demo,21.19,30.92
A2580,29,84.0,8,13.0,64.5,9.96,275,105.3,81,8.6,6,114,Synthetic/Demo,86.57,63.48
A2581,29,83.1,8,12.8,63.3,9.83,273,103.5,80,9.0,6,117,Synthetic/Demo,80.85,62.86
A2582,29,84.8,8,12.8,62.4,9.81,269,105.3,81,9.0,6,114,Synthetic/Demo,81.28,63.1
A2583,30,82.0,8,12.9,61.5,9.93,270,104.5,81,8.7,6,115,Synthetic/Demo,79.35,62.3
A2584,29,82.9,8,13.1,64.1,9.68,264,103.3,79,8.6,6,112,Synthetic/Demo,84.35,63.84
A2585,30,81.4,8,13.0,62.9,9.76,275,104.2,81,8.8,6,117,Synthetic/Demo,82.44,62.05
A2586,19,51.9,1,4.7,33.0,7.25,187,62.5,55,5.6,3,72,Synthetic/Demo,19.54,31.57
A2587,29,83.2,8,13.2,64.7,9.81,271,105.1,82,8.6,6,114,Synthetic/Demo,77.36,63.48
A2588,19,53.9,1,4.7,30.9,7.08,184,60.5,56,5.9,3,70,Synthetic/Demo,18.86,30.48
A2589,19,53.6,1,5.1,32.6,7.2,179,61.5,56,5.6,3,73,Synthetic/Demo,19.65,31.41
A2590,29,81.9,8,13.1,63.4,9.77,266,105.8,81,9.0,6,116,Synthetic/Demo,81.24,64.07
A2591,30,83.7,8,13.8,65.0,9.93,271,108.8,79,8.9,6,115,Synthetic/Demo,88.64,65.78
A2592,29,82.6,8,12.6,61.4,9.69,274,101.7,80,8.9,6,116,Synthetic/Demo,75.43,61.25
A2593,29,83.1,8,12.9,63.4,9.96,272,104.8,79,8.8,6,115,Synthetic/Demo,80.88,63.82
A2594,30,84.6,8,12.9,62.8,9.74,270,103.0,81,8.8,6,115,Synthetic/Demo,79.24,61.75
A2595,29,83.1,8,13.7,61.9,9.99,266,105.1,79,8.8,6,112,Synthetic/Demo,85.12,65.06
A2596,29,83.8,8,13.7,64.8,9.94,274,107.5,80,8.6,6,113,Synthetic/Demo,76.82,65.15
A2597,29,83.8,8,13.6,64.1,9.8,268,105.9,81,8.9,6,112,Synthetic/Demo,80.98,64.93
A2598,30,84.5,8,13.1,64.1,9.9,265,106.6,81,8.7,6,114,Synthetic/Demo,83.14,63.86
A2599,30,83.7,8,13.7,64.6,9.84,264,109.1,80,8.7,6,114,Synthetic/Demo,88.16,65.39
A2600,19,50.8,1,5.0,30.8,7.13,184,60.6,53,5.5,3,68,Synthetic/Demo,18.54,31.57
A2601,30,82.5,8,13.4,62.9,9.82,272,105.1,80,8.6,6,113,Synthetic/Demo,75.13,63.27
A2602,29,85.3,8,13.7,62.4,10.0,266,105.4,81,8.8,6,116,Synthetic/Demo,84.5,64.03
A2603,19,51.9,1,4.2,34.0,7.22,187,63.1,55,5.6,3,70,Synthetic/Demo,19.34,31.73
A2604,30,83.5,8,12.9,63.3,9.88,275,104.7,81,8.7,6,113,Synthetic/Demo,76.44,62.6
A2605,30,84.6,8,13.5,63.1,9.72,266,105.2,82,8.8,6,113,Synthetic/Demo,79.47,63.2
A2606,19,50.6,1,4.7,34.2,7.03,182,62.7,56,5.6,3,70,Synthetic/Demo,21.11,32.02
A2607,29,82.6,8,12.7,63.6,9.78,270,104.4,80,8.8,6,116,Synthetic/Demo,78.02,62.98
A2608,30,81.3,8,13.5,64.9,9.77,264,106.8,81,8.6,6,113,Synthetic/Demo,76.55,64.74
A2609,18,54.0,1,4.8,33.3,7.17,185,62.8,55,5.6,3,70,Synthetic/Demo,24.48,32.16
A2610,29,81.8,8,12.7,61.5,9.79,274,104.2,80,8.8,6,116,Synthetic/Demo,81.97,62.1
A2611,29,85.1,8,13.3,62.8,9.98,272,105.0,81,8.9,6,116,Synthetic/Demo,83.41,63.45
A2612,30,84.1,8,13.3,63.6,9.8,268,107.3,79,8.7,6,115,Synthetic/Demo,78.69,63.92
A2613,30,84.2,8,12.7,61.5,9.74,273,103.1,80,8.9,6,116,Synthetic/Demo,77.21,61.22
A2614,19,51.5,1,5.2,30.6,7.05,181,63.6,54,5.6,3,72,Synthetic/Demo,20.92,31.6
A2615,18,51.6,1,4.2,33.9,7.25,187,63.8,53,5.8,3,69,Synthetic/Demo,23.84,33.27
A2616,30,82.1,8,12.7,63.4,9.74,270,104.2,79,9.0,6,114,Synthetic/Demo,81.94,63.25
A2617,19,53.4,1,4.2,30.5,7.19,184,59.8,56,5.9,3,71,Synthetic/Demo,16.38,29.9
A2618,18,53.4,1,4.6,33.9,7.27,184,62.0,53,5.7,3,70,Synthetic/Demo,22.69,32.98
A2619,29,83.0,8,13.2,63.6,9.72,269,106.5,81,8.7,6,116,Synthetic/Demo,82.34,63.4
A2620,29,82.9,8,12.8,65.0,9.75,269,107.5,81,8.7,6,112,Synthetic/Demo,86.1,64.34
A2621,29,83.1,8,13.1,64.1,9.78,269,104.6,81,8.7,6,115,Synthetic/Demo,82.97,63.36
A2622,29,85.2,8,13.3,64.9,9.85,264,106.6,80,8.9,6,116,Synthetic/Demo,85.85,64.86
A2623,30,82.3,8,13.5,63.7,9.82,265,106.2,80,8.7,6,115,Synthetic/Demo,82.77,64.22
A2624,19,54.1,1,4.3,32.1,7.08,179,61.3,56,5.9,3,68,Synthetic/Demo,24.55,31.22
A2625,19,53.5,1,5.1,30.4,7.11,185,60.0,55,5.9,3,72,Synthetic/Demo,21.0,30.61
A2626,29,83.0,8,12.8,61.6,9.65,272,104.0,79,8.9,6,116,Synthetic/Demo,75.5,62.17
A2627,29,81.9,8,13.0,64.2,9.68,266,105.1,82,8.9,6,113,Synthetic/Demo,85.22,63.91
A2628,18,52.8,1,4.4,30.9,7.0,186,62.1,55,5.6,3,73,Synthetic/Demo,20.41,30.01
A2629,18,53.9,1,4.4,32.5,6.93,184,60.8,54,5.9,3,72,Synthetic/Demo,17.99,30.94
A2630,19,51.6,1,4.3,33.7,6.94,187,61.5,55,5.7,3,73,Synthetic/Demo,17.95,30.46
A2631,29,84.5,8,13.6,61.1,9.75,275,103.2,79,8.7,6,115,Synthetic/Demo,79.83,62.32
A2632,19,51.3,1,4.1,32.5,7.25,183,60.1,54,5.5,3,68,Synthetic/Demo,21.24,31.22
A2633,18,52.5,1,5.1,30.8,7.27,178,62.0,55,5.9,3,71,Synthetic/Demo,22.76,32.71
A2634,19,52.8,1,4.7,33.7,6.99,189,61.4,53,5.8,3,73,Synthetic/Demo,21.38,31.27
A2635,18,52.9,1,4.5,33.2,6.97,179,62.7,56,5.6,3,72,Synthetic/Demo,25.71,31.31
A2636,29,84.1,8,13.1,64.8,9.77,273,105.4,81,8.9,6,116,Synthetic/Demo,84.51,63.55
A2637,29,83.6,8,13.5,62.4,9.71,266,103.9,81,8.9,6,113,Synthetic/Demo,81.28,63.6
A2638,29,82.3,8,13.5,64.1,9.77,271,104.2,81,8.9,6,116,Synthetic/Demo,84.27,63.85
A2639,19,53.0,1,5.1,34.3,7.2,184,64.6,54,5.7,3,72,Synthetic/Demo,20.76,33.14
A2640,18,50.8,1,4.4,32.6,7.25,188,61.2,53,5.8,3,71,Synthetic/Demo,21.83,32.26
A2641,19,52.0,1,5.2,30.4,7.23,180,62.0,56,5.7,3,69,Synthetic/Demo,26.87,31.84
A2642,29,84.8,8,13.0,61.9,9.91,274,104.4,81,8.8,6,112,Synthetic/Demo,79.04,62.84
A2643,29,82.7,8,13.6,64.5,9.83,266,107.2,80,8.7,6,117,Synthetic/Demo,80.79,64.84
A2644,29,84.1,8,12.7,63.5,9.76,270,103.1,82,8.8,6,112,Synthetic/Demo,77.36,62.57
A2645,19,53.2,1,4.2,32.7,7.14,187,62.0,55,5.7,3,71,Synthetic/Demo,16.56,30.69
A2646,18,50.5,1,4.7,30.8,7.1,182,60.4,55,5.8,3,70,Synthetic/Demo,17.27,31.54
A2647,19,51.0,1,5.2,33.7,7.0,180,63.4,55,5.6,3,68,Synthetic/Demo,21.62,32.99
A2648,18,50.4,1,5.0,32.6,6.96,187,61.4,56,5.6,3,71,Synthetic/Demo,15.73,31.32
A2649,29,83.3,8,12.7,63.1,9.7,267,105.2,80,8.8,6,115,Synthetic/Demo,79.8,62.99
A2650,30,83.5,8,13.0,64.9,9.67,268,105.9,79,9.0,6,113,Synthetic/Demo,84.53,64.32
A2651,18,51.9,1,4.5,33.8,7.23,185,63.0,55,5.6,3,71,Synthetic/Demo,19.12,32.37
A2652,29,84.0,8,13.6,62.4,9.68,266,107.4,81,8.8,6,113,Synthetic/Demo,86.21,64.12
A2653,29,81.6,8,12.7,64.0,9.8,268,106.6,80,9.0,6,116,Synthetic/Demo,82.86,64.23
A2654,29,81.1,8,13.7,62.9,9.76,272,104.7,80,8.9,6,116,Synthetic/Demo,84.27,64.04
A2655,29,83.7,8,13.6,64.2,9.76,267,105.6,80,8.7,6,115,Synthetic/Demo,80.36,64.31
A2656,30,81.5,8,12.9,64.3,9.69,270,104.6,80,8.7,6,113,Synthetic/Demo,82.83,63.23
A2657,19,51.5,1,5.2,33.0,7.14,182,63.2,53,5.6,3,69,Synthetic/Demo,19.57,33.15
A2658,29,84.7,8,12.7,64.5,9.85,272,104.0,80,8.9,6,112,Synthetic/Demo,83.41,63.71
A2659,19,52.5,1,4.9,34.2,7.21,187,64.3,56,5.7,3,71,Synthetic/Demo,23.48,32.48
A2660,30,83.9,8,13.3,61.0,9.69,270,102.8,79,8.7,6,113,Synthetic/Demo,80.2,62.0
A2661,19,52.8,1,4.3,33.9,7.24,181,64.1,56,5.9,3,72,Synthetic/Demo,19.09,32.32
A2662,19,53.6,1,4.1,33.2,7.11,188,62.1,56,5.9,3,69,Synthetic/Demo,17.34,31.0
A2663,18,52.0,1,5.0,30.8,7.06,187,60.0,54,5.7,3,72,Synthetic/Demo,20.98,30.89
A2664,18,52.9,1,4.6,32.6,6.94,186,61.1,54,5.6,3,70,Synthetic/Demo,16.51,31.06
A2665,30,82.5,8,13.7,63.5,9.78,271,104.1,79,8.9,6,112,Synthetic/Demo,83.24,64.4
A2666,29,84.1,8,13.1,61.3,9.72,269,103.6,81,8.8,6,116,Synthetic/Demo,74.56,61.92
A2667,19,50.8,1,4.7,32.5,6.93,184,60.4,53,5.8,3,69,Synthetic/Demo,22.39,31.66
A2668,19,53.8,1,4.6,31.8,6.97,184,61.0,53,5.7,3,74,Synthetic/Demo,15.52,30.23
A2669,19,54.0,1,4.5,33.6,7.24,181,62.4,54,5.7,3,71,Synthetic/Demo,23.89,32.12
A2670,29,81.8,8,13.0,64.2,9.69,273,106.1,81,8.7,6,117,Synthetic/Demo,82.11,63.02
A2671,29,82.1,8,12.8,61.2,9.99,269,103.7,81,9.0,6,114,Synthetic/Demo,77.69,63.2
A2672,30,81.1,8,12.9,62.7,9.76,265,106.5,79,8.8,6,113,Synthetic/Demo,82.7,64.0
A2673,19,51.1,1,5.3,31.1,6.96,179,59.1,56,5.6,3,72,Synthetic/Demo,20.45,30.48
A2674,30,83.7,8,13.4,64.8,9.82,267,105.6,80,8.7,6,116,Synthetic/Demo,80.95,63.91
A2675,19,50.2,1,5.3,30.5,7.2,178,64.3,54,5.8,3,69,Synthetic/Demo,19.73,33.34
A2676,29,81.9,8,13.5,61.4,9.73,266,103.6,81,8.9,6,116,Synthetic/Demo,74.07,63.06
A2677,29,84.0,8,13.0,64.9,9.99,267,107.2,80,8.8,6,115,Synthetic/Demo,84.45,64.99
A2678,29,83.6,8,13.2,62.8,9.73,273,103.3,80,8.8,6,115,Synthetic/Demo,74.74,62.68
A2679,29,82.6,8,13.4,62.4,9.85,272,107.1,81,8.9,6,114,Synthetic/Demo,81.78,64.15
A2680,30,82.9,8,13.3,61.3,9.64,269,103.0,80,8.9,6,111,Synthetic/Demo,78.15,62.64
A2681,29,83.4,8,13.4,64.7,9.69,272,104.4,81,8.9,6,114,Synthetic/Demo,83.34,63.86
A2682,19,51.6,1,4.2,31.5,7.1,180,60.5,56,5.7,3,73,Synthetic/Demo,18.08,30.03
A2683,29,83.8,8,13.8,64.9,9.83,268,105.8,79,8.9,6,111,Synthetic/Demo,83.0,66.03
A2684,18,51.9,1,5.1,34.5,7.0,183,62.0,55,5.5,3,68,Synthetic/Demo,24.36,32.81
A2685,19,54.0,1,5.0,31.2,7.14,181,59.9,54,5.8,3,69,Synthetic/Demo,21.7,31.48
A2686,30,82.9,8,13.0,61.3,9.89,274,102.5,81,8.7,6,115,Synthetic/Demo,79.32,61.44
A2687,18,50.4,1,4.9,34.3,7.28,183,64.4,54,5.6,3,71,Synthetic/Demo,25.24,33.92
A2688,19,50.6,1,4.3,34.1,7.18,185,64.1,55,5.9,3,73,Synthetic/Demo,17.47,32.36
A2689,18,52.9,1,4.9,32.2,7.13,178,63.2,53,5.9,3,70,Synthetic/Demo,24.83,33.37
A2690,29,84.5,8,13.8,61.9,9.75,272,105.1,82,8.8,6,116,Synthetic/Demo,82.35,62.78
A2691,18,53.4,1,5.1,32.5,7.13,183,62.4,56,5.8,3,73,Synthetic/Demo,18.74,31.92
A2692,30,84.1,8,13.2,61.1,9.83,270,103.7,81,8.7,6,112,Synthetic/Demo,78.51,62.18
A2693,29,81.2,8,13.5,62.7,9.73,270,103.6,82,8.7,6,114,Synthetic/Demo,79.94,63.1
A2694,18,52.1,1,4.7,33.7,7.2,180,63.4,55,5.8,3,71,Synthetic/Demo,22.52,33.17
A2695,18,51.7,1,4.6,30.7,7.03,186,59.7,56,5.7,3,70,Synthetic/Demo,19.19,30.28
A2696,30,82.4,8,13.8,61.0,9.7,269,104.0,82,8.6,6,116,Synthetic/Demo,83.71,61.84
A2697,29,81.6,8,13.7,64.4,9.73,267,106.6,79,8.7,6,111,Synthetic/Demo,86.33,65.69
A2698,18,53.9,1,4.3,31.7,7.01,189,60.7,55,5.7,3,68,Synthetic/Demo,14.39,30.46
A2699,19,52.8,1,5.1,30.9,6.95,183,60.9,54,5.7,3,68,Synthetic/Demo,21.65,31.21
A2700,18,53.2,1,4.6,33.7,7.08,185,63.1,54,5.5,3,72,Synthetic/Demo,25.15,31.78
A2701,29,81.1,8,13.3,64.8,9.97,268,105.9,79,8.9,6,115,Synthetic/Demo,84.68,65.67
A2702,19,52.7,1,4.1,33.3,7.19,182,60.7,56,5.5,3,69,Synthetic/Demo,23.38,30.77
A2703,18,52.5,1,4.2,30.4,7.19,184,58.6,54,5.5,3,70,Synthetic/Demo,23.85,30.03
A2704,19,52.3,1,4.8,30.6,7.11,185,61.0,55,5.5,3,69,Synthetic/Demo,22.3,30.49
A2705,18,53.4,1,5.2,31.0,7.19,187,61.8,55,5.5,3,72,Synthetic/Demo,21.22,31.12
A2706,29,81.5,8,13.8,63.3,9.91,268,106.1,81,8.9,6,115,Synthetic/Demo,86.26,65.08
A2707,18,53.7,1,4.3,31.1,7.17,183,61.1,53,5.7,3,74,Synthetic/Demo,19.78,30.71
A2708,19,51.0,1,4.2,33.2,6.93,180,62.7,55,5.8,3,70,Synthetic/Demo,20.31,31.52
A2709,29,82.5,8,12.9,64.3,9.9,268,103.6,79,8.8,6,116,Synthetic/Demo,80.21,63.92
A2710,19,50.8,1,4.9,30.5,7.15,186,60.3,56,5.8,3,73,Synthetic/Demo,24.06,30.4
A2711,19,53.5,1,5.3,30.4,7.14,184,60.6,53,5.5,3,69,Synthetic/Demo,17.87,31.24
A2712,19,54.0,1,4.2,33.2,7.05,189,60.4,54,5.6,3,70,Synthetic/Demo,23.6,30.24
A2713,29,81.6,8,13.8,63.1,9.72,273,105.9,82,9.0,6,117,Synthetic/Demo,82.96,63.84
A2714,29,82.2,8,13.1,64.9,9.96,273,106.3,79,9.0,6,112,Synthetic/Demo,78.87,65.69
A2715,30,81.2,8,13.4,64.1,9.89,271,105.6,81,9.0,6,114,Synthetic/Demo,83.62,64.55
A2716,18,50.3,1,4.1,32.6,7.21,182,62.3,56,5.8,3,69,Synthetic/Demo,14.39,32.18
A2717,18,52.1,1,5.0,30.3,7.25,180,63.3,54,5.5,3,71,Synthetic/Demo,23.16,32.11
A2718,18,51.6,1,4.8,33.8,6.95,183,62.7,56,5.8,3,71,Synthetic/Demo,24.0,32.2
A2719,19,53.8,1,4.8,31.8,6.96,182,60.3,55,5.5,3,71,Synthetic/Demo,17.45,30.06
A2720,30,84.4,8,13.0,63.8,9.68,273,104.2,81,8.9,6,116,Synthetic/Demo,80.08,62.16
A2721,29,81.8,8,13.1,63.4,9.68,273,105.3,82,8.7,6,113,Synthetic/Demo,85.63,63.02
A2722,29,84.1,8,13.1,62.2,9.92,269,104.1,80,8.7,6,111,Synthetic/Demo,79.01,63.6
A2723,29,82.4,8,12.9,64.3,9.65,272,104.7,82,8.7,6,115,Synthetic/Demo,76.44,62.61
A2724,29,83.5,8,13.8,61.2,9.79,267,104.5,79,8.7,6,114,Synthetic/Demo,85.28,63.71
A2725,18,51.7,1,4.9,32.4,7.05,179,63.5,56,5.8,3,71,Synthetic/Demo,27.71,32.47
A2726,19,52.4,1,4.9,31.8,7.11,178,61.2,54,5.7,3,68,Synthetic/Demo,21.35,32.16
A2727,19,54.0,1,4.5,33.7,7.24,178,61.6,55,5.6,3,69,Synthetic/Demo,25.27,32.08
A2728,19,53.1,1,4.5,30.4,7.19,187,59.9,53,5.7,3,71,Synthetic/Demo,22.79,30.33
A2729,19,52.4,1,5.0,31.1,7.17,182,61.3,53,5.7,3,68,Synthetic/Demo,18.87,32.16
A2730,29,82.9,8,13.3,63.7,9.9,265,105.4,82,8.6,6,113,Synthetic/Demo,80.63,64.09
A2731,29,81.5,8,12.6,61.1,9.68,268,102.0,79,8.9,6,111,Synthetic/Demo,81.32,62.63
A2732,19,53.1,1,5.1,31.6,6.91,182,61.5,53,5.9,3,69,Synthetic/Demo,25.67,31.9
A2733,29,83.6,8,12.9,63.7,9.84,267,104.0,81,8.8,6,116,Synthetic/Demo,82.35,63.13
A2734,29,85.2,8,13.5,61.6,9.78,267,106.0,81,8.9,6,112,Synthetic/Demo,78.5,63.79
A2735,19,52.6,1,4.7,32.9,6.95,184,61.2,56,5.8,3,70,Synthetic/Demo,26.08,30.99
A2736,29,84.0,8,13.3,61.2,9.7,268,103.2,80,8.8,6,116,Synthetic/Demo,77.35,62.24
A2737,29,83.3,8,13.3,62.3,9.77,269,104.6,80,8.6,6,117,Synthetic/Demo,78.92,62.64
A2738,19,52.4,1,5.2,33.7,7.09,187,62.9,54,5.8,3,73,Synthetic/Demo,23.44,32.33
A2739,19,53.0,1,5.3,32.0,6.97,187,61.4,56,5.7,3,72,Synthetic/Demo,24.94,30.69
A2740,29,81.6,8,13.6,64.4,9.79,267,107.5,81,8.9,6,112,Synthetic/Demo,86.08,65.71
A2741,19,53.9,1,4.3,30.4,7.01,185,60.0,55,5.6,3,69,Synthetic/Demo,18.79,29.39
A2742,29,82.8,8,12.9,65.0,9.97,274,106.0,82,9.0,6,115,Synthetic/Demo,83.6,64.29
A2743,18,54.1,1,4.8,31.5,6.95,187,59.7,56,5.6,3,69,Synthetic/Demo,18.59,30.12
A2744,30,83.3,8,13.8,64.5,9.77,268,106.4,80,9.0,6,116,Synthetic/Demo,85.12,64.76
A2745,29,82.6,8,12.6,64.6,9.86,265,104.0,80,8.8,6,112,Synthetic/Demo,73.66,64.23
A2746,18,53.0,1,5.1,30.8,6.95,189,61.1,56,5.9,3,72,Synthetic/Demo,18.18,30.6
A2747,18,50.9,1,5.0,31.5,7.1,184,62.6,56,5.6,3,74,Synthetic/Demo,21.2,31.24
A2748,30,81.6,8,13.4,63.3,9.79,266,106.1,81,9.0,6,116,Synthetic/Demo,78.66,64.08
A2749,29,82.7,8,13.0,62.2,9.69,265,103.3,80,8.6,6,112,Synthetic/Demo,80.36,62.87
A2750,19,52.2,1,5.1,33.9,6.93,183,60.9,56,5.8,3,73,Synthetic/Demo,20.6,31.33
A2751,29,85.2,8,13.3,61.6,9.81,266,103.8,81,8.8,6,114,Synthetic/Demo,85.39,62.82
A2752,30,82.5,8,12.8,63.1,9.7,272,104.9,82,8.7,6,114,Synthetic/Demo,83.78,61.98
A2753,19,51.3,1,4.5,30.7,7.28,182,61.4,55,5.7,3,73,Synthetic/Demo,18.68,30.84
A2754,29,81.6,8,13.0,64.3,9.95,275,105.6,81,8.9,6,117,Synthetic/Demo,81.04,63.87
A2755,19,53.1,1,4.3,31.5,6.92,184,60.6,56,5.8,3,73,Synthetic/Demo,17.84,29.4
A2756,19,51.2,1,4.9,30.5,6.99,179,60.4,54,5.7,3,73,Synthetic/Demo,18.02,30.63
A2757,19,53.1,1,4.8,31.1,7.08,189,60.8,53,5.6,3,68,Synthetic/Demo,19.86,30.91
A2758,29,82.4,8,12.7,64.4,9.96,270,106.1,82,8.8,6,115,Synthetic/Demo,79.31,63.83
A2759,19,53.3,1,4.9,31.9,7.27,182,61.7,55,5.6,3,73,Synthetic/Demo,18.04,31.25
A2760,19,50.6,1,4.3,31.1,7.24,181,60.5,55,5.9,3,72,Synthetic/Demo,21.8,31.13
A2761,29,84.0,8,13.5,63.8,9.78,272,106.7,81,8.9,6,116,Synthetic/Demo,83.86,63.99
A2762,18,52.9,1,4.5,31.6,7.04,179,60.2,56,5.7,3,70,Synthetic/Demo,17.06,30.88
A2763,19,52.4,1,4.9,33.4,7.03,184,60.8,56,5.6,3,71,Synthetic/Demo,23.4,31.04
A2764,19,50.9,1,5.0,32.4,7.12,186,61.0,54,5.9,3,70,Synthetic/Demo,19.34,32.23
A2765,29,82.2,8,13.2,61.3,9.8,268,104.1,80,8.7,6,115,Synthetic/Demo,80.24,62.84
A2766,29,84.7,8,12.7,63.1,9.69,273,104.9,80,8.9,6,111,Synthetic/Demo,81.8,63.08
A2767,19,51.8,1,4.1,31.2,7.02,186,62.0,56,5.7,3,72,Synthetic/Demo,18.02,29.67
A2768,19,50.9,1,4.7,31.5,7.14,189,60.5,54,5.6,3,68,Synthetic/Demo,20.82,31.15
A2769,29,84.5,8,12.9,63.8,10.0,270,103.7,81,8.7,6,116,Synthetic/Demo,79.4,63.03
A2770,30,84.2,8,13.1,64.0,9.76,270,107.2,79,9.0,6,113,Synthetic/Demo,81.49,64.39
A2771,29,84.2,8,13.6,64.6,9.84,265,107.5,80,8.9,6,113,Synthetic/Demo,83.51,65.73
A2772,29,85.1,8,13.4,63.6,9.93,265,105.8,80,8.8,6,113,Synthetic/Demo,80.7,64.76
A2773,19,51.7,1,4.6,31.0,7.09,179,60.6,53,5.7,3,68,Synthetic/Demo,19.49,31.64
A2774,29,83.9,8,12.7,64.4,9.94,272,105.1,80,8.9,6,113,Synthetic/Demo,76.75,64.11
A2775,19,50.9,1,5.2,33.2,7.18,184,62.9,53,5.7,3,69,Synthetic/Demo,21.53,33.39
A2776,19,51.6,1,4.3,32.1,7.05,184,61.2,54,5.7,3,68,Synthetic/Demo,18.66,31.23
A2777,18,50.0,1,4.6,34.0,7.11,187,63.0,54,5.7,3,72,Synthetic/Demo,20.77,32.61
A2778,29,82.4,8,12.7,64.9,9.72,267,106.3,79,8.7,6,117,Synthetic/Demo,80.38,63.77
A2779,29,84.4,8,13.3,61.9,9.86,270,103.9,81,8.7,6,115,Synthetic/Demo,79.78,62.62
A2780,29,84.0,8,13.4,61.6,9.72,267,105.3,79,9.0,6,116,Synthetic/Demo,82.01,63.58
A2781,29,82.9,8,13.1,62.7,9.7,266,103.7,82,8.7,6,114,Synthetic/Demo,82.25,62.63
A2782,19,53.4,1,4.1,32.7,7.08,188,61.5,54,5.7,3,69,Synthetic/Demo,17.34,30.73
A2783,30,81.3,8,13.4,61.2,9.73,264,101.9,80,8.9,6,117,Synthetic/Demo,75.77,62.39
A2784,19,50.0,1,4.2,33.8,6.98,185,60.9,55,5.7,3,71,Synthetic/Demo,16.46,31.0
A2785,29,83.3,8,12.8,64.4,9.82,269,105.5,80,8.7,6,112,Synthetic/Demo,79.73,64.05
A2786,29,82.8,8,13.2,65.0,9.89,269,105.3,80,8.9,6,115,Synthetic/Demo,81.65,64.8
A2787,29,84.4,8,13.0,63.4,9.96,271,104.5,79,9.0,6,113,Synthetic/Demo,79.28,64.37
A2788,18,50.3,1,4.6,33.6,7.0,186,62.8,55,5.6,3,72,Synthetic/Demo,16.69,31.79
A2789,30,85.0,8,13.4,61.5,9.65,274,101.9,81,8.7,6,117,Synthetic/Demo,76.4,60.6
A2790,30,81.8,8,12.8,64.9,9.78,269,105.6,81,8.7,6,113,Synthetic/Demo,81.74,63.59
A2791,29,85.3,8,13.7,64.7,9.9,270,108.1,80,8.8,6,114,Synthetic/Demo,85.92,65.37
A2792,30,82.3,8,13.3,64.2,9.96,269,107.2,80,8.9,6,115,Synthetic/Demo,81.64,64.85
A2793,29,83.8,8,12.6,64.8,9.64,269,106.8,80,8.6,6,112,Synthetic/Demo,79.21,63.54
A2794,19,50.1,1,4.9,34.2,7.11,188,63.1,56,5.7,3,71,Synthetic/Demo,19.23,32.25
A2795,29,82.5,8,13.2,63.5,9.66,269,105.1,81,8.7,6,116,Synthetic/Demo,80.1,62.99
A2796,29,81.6,8,13.4,62.0,9.84,268,104.9,81,8.8,6,117,Synthetic/Demo,78.12,63.32
A2797,29,81.6,8,13.5,64.0,9.76,269,106.2,79,8.9,6,115,Synthetic/Demo,84.09,64.99
A2798,18,51.5,1,5.0,33.5,7.1,180,63.4,54,5.6,3,70,Synthetic/Demo,17.36,33.24
A2799,19,50.9,1,4.5,34.1,6.96,179,61.1,54,5.5,3,70,Synthetic/Demo,19.68,31.66
A2800,18,51.9,1,4.2,32.3,6.96,184,60.8,56,5.9,3,72,Synthetic/Demo,19.71,30.62
A2801,29,82.4,8,13.3,63.9,9.98,268,108.0,79,8.7,6,115,Synthetic/Demo,83.93,65.29
A2802,18,51.3,1,4.4,31.7,7.0,185,61.3,53,5.9,3,68,Synthetic/Demo,27.59,32.04
A2803,19,52.3,1,4.7,30.5,7.25,180,60.7,54,5.8,3,73,Synthetic/Demo,21.45,31.11
A2804,30,81.4,8,12.6,62.1,10.0,271,104.9,79,8.8,6,116,Synthetic/Demo,76.94,62.93
A2805,29,82.3,8,13.4,63.1,9.81,267,103.5,79,8.8,6,112,Synthetic/Demo,81.0,64.42
A2806,19,51.7,1,4.9,31.8,7.18,181,62.5,53,5.5,3,70,Synthetic/Demo,16.14,32.1
A2807,29,83.2,8,12.9,63.5,9.86,264,103.0,81,8.9,6,112,Synthetic/Demo,80.75,63.89
A2808,19,52.2,1,4.8,30.9,7.05,186,59.6,54,5.8,3,69,Synthetic/Demo,16.61,30.82
A2809,18,50.8,1,4.8,33.1,6.96,186,61.1,55,5.7,3,74,Synthetic/Demo,22.72,31.18
A2810,29,82.3,8,12.7,62.4,9.63,271,102.2,79,8.8,6,113,Synthetic/Demo,76.21,62.34
A2811,19,52.5,1,4.9,33.6,7.06,189,63.1,56,5.8,3,72,Synthetic/Demo,21.04,31.54
A2812,19,50.8,1,4.4,31.3,7.26,180,60.7,55,5.6,3,71,Synthetic/Demo,18.21,31.05
A2813,30,84.2,8,13.2,63.0,9.83,270,103.4,81,8.9,6,115,Synthetic/Demo,85.66,62.67
A2814,19,50.1,1,4.1,31.7,7.14,185,60.2,54,5.8,3,72,Synthetic/Demo,17.92,30.67
A2815,29,84.8,8,13.2,63.5,9.83,273,104.8,81,8.8,6,112,Synthetic/Demo,86.36,63.54
A2816,19,53.7,1,5.2,32.1,7.06,184,62.3,54,5.6,3,72,Synthetic/Demo,23.64,31.37
A2817,19,52.5,1,4.2,30.6,7.26,183,60.0,55,5.8,3,70,Synthetic/Demo,20.59,30.52
A2818,19,50.5,1,4.7,32.1,6.94,189,61.8,54,5.5,3,74,Synthetic/Demo,19.89,30.13
A2819,18,50.9,1,4.3,31.7,7.13,184,61.2,54,5.7,3,69,Synthetic/Demo,20.79,31.68
A2820,18,51.2,1,5.2,31.7,7.2,189,61.9,53,5.8,3,69,Synthetic/Demo,15.74,32.96
A2821,29,84.5,8,13.7,60.9,9.68,266,104.9,79,8.9,6,116,Synthetic/Demo,79.5,63.28
A2822,29,81.4,8,12.7,62.6,9.71,266,106.0,82,8.9,6,114,Synthetic/Demo,82.4,63.24
A2823,29,82.7,8,13.5,62.5,9.72,273,104.3,82,8.8,6,112,Synthetic/Demo,79.89,63.2
A2824,19,51.9,1,4.5,31.4,7.03,182,58.7,55,5.5,3,69,Synthetic/Demo,14.18,30.02
A2825,30,81.6,8,13.0,61.9,9.64,274,103.1,79,9.0,6,116,Synthetic/Demo,78.09,62.1
A2826,19,53.0,1,4.7,33.6,6.99,184,63.8,53,5.8,3,74,Synthetic/Demo,26.68,31.87
A2827,30,81.0,8,13.0,63.4,9.85,274,104.3,82,8.8,6,115,Synthetic/Demo,83.78,62.67
A2828,29,82.6,8,13.1,64.6,9.99,267,106.5,80,8.6,6,113,Synthetic/Demo,82.82,64.98
A2829,19,51.7,1,4.2,32.3,7.28,186,60.1,56,5.6,3,70,Synthetic/Demo,22.47,30.56
A2830,29,83.5,8,12.7,63.6,9.68,271,104.6,79,8.6,6,113,Synthetic/Demo,78.16,62.86
A2831,29,83.7,8,13.2,63.0,9.71,269,103.6,81,8.7,6,114,Synthetic/Demo,74.67,62.75
A2832,19,54.0,1,5.0,32.2,7.17,182,63.3,55,5.6,3,69,Synthetic/Demo,19.23,32.0
A2833,29,84.5,8,13.8,63.2,9.94,273,105.2,81,8.9,6,112,Synthetic/Demo,87.27,64.63
A2834,29,84.8,8,13.6,63.8,9.85,274,104.2,79,8.9,6,111,Synthetic/Demo,81.14,64.65
A2835,18,52.2,1,5.0,31.0,7.22,187,61.7,56,5.6,3,70,Synthetic/Demo,19.65,31.39
A2836,19,50.1,1,4.7,31.3,7.14,186,60.6,54,5.8,3,74,Synthetic/Demo,18.75,30.88
A2837,29,81.8,8,12.9,64.4,9.9,273,104.0,81,8.9,6,116,Synthetic/Demo,86.61,63.58
A2838,30,83.6,8,12.7,61.0,9.89,269,103.9,81,8.9,6,113,Synthetic/Demo,83.84,62.16
A2839,18,52.9,1,4.3,34.2,7.17,187,62.3,53,5.9,3,71,Synthetic/Demo,28.27,32.67
A2840,19,54.0,1,4.2,31.6,6.97,185,61.3,54,5.8,3,70,Synthetic/Demo,18.13,30.25
A2841,29,83.1,8,13.5,61.7,9.88,268,104.0,82,8.9,6,111,Synthetic/Demo,81.84,63.85
A2842,29,81.4,8,13.2,61.2,9.85,273,103.5,79,9.0,6,116,Synthetic/Demo,74.88,63.19
A2843,29,81.4,8,13.2,63.0,9.87,266,105.6,80,8.7,6,112,Synthetic/Demo,86.09,64.58
A2844,30,84.9,8,13.8,63.8,9.96,268,107.1,82,8.8,6,116,Synthetic/Demo,80.19,64.17
A2845,19,50.8,1,4.7,30.6,7.07,189,59.4,54,5.9,3,73,Synthetic/Demo,19.06,30.24
A2846,29,82.1,8,13.4,63.7,9.67,267,105.1,82,8.9,6,116,Synthetic/Demo,77.84,63.61
A2847,30,82.2,8,12.8,64.4,9.84,267,108.2,81,9.0,6,115,Synthetic/Demo,80.73,64.4
A2848,19,52.2,1,4.4,33.1,7.0,186,63.2,54,5.7,3,72,Synthetic/Demo,17.74,31.19
A2849,29,82.7,8,13.5,61.8,9.78,271,104.8,79,8.8,6,114,Synthetic/Demo,78.59,63.68
A2850,19,54.0,1,4.6,33.5,7.06,187,64.3,56,5.5,3,71,Synthetic/Demo,19.36,30.98
A2851,19,54.2,1,5.0,30.8,7.06,183,61.3,56,5.9,3,69,Synthetic/Demo,18.61,31.03
A2852,19,54.2,1,4.7,34.4,6.98,186,61.8,54,5.8,3,71,Synthetic/Demo,23.77,31.63
A2853,18,50.2,1,4.7,33.7,7.2,183,64.2,54,5.6,3,69,Synthetic/Demo,19.44,33.57
A2854,29,84.0,8,13.2,62.2,9.76,271,102.6,79,8.8,6,112,Synthetic/Demo,80.12,63.1
A2855,30,81.2,8,13.5,63.5,10.0,272,105.1,80,8.6,6,113,Synthetic/Demo,85.84,64.23
A2856,18,54.1,1,4.2,31.0,6.96,188,59.7,55,5.9,3,74,Synthetic/Demo,15.72,29.3
A2857,29,84.0,8,13.3,62.9,9.94,272,106.5,81,8.7,6,117,Synthetic/Demo,79.28,63.36
A2858,18,53.0,1,4.9,33.3,7.24,180,64.4,56,5.8,3,73,Synthetic/Demo,22.66,32.93
A2859,19,50.5,1,4.7,30.7,6.98,189,58.8,54,5.8,3,69,Synthetic/Demo,21.45,30.36
A2860,30,84.1,8,13.2,64.5,9.75,267,104.6,82,8.6,6,116,Synthetic/Demo,81.65,62.57
A2861,29,85.1,8,12.9,63.0,9.76,266,103.3,79,8.9,6,115,Synthetic/Demo,78.51,63.11
A2862,19,51.4,1,4.9,32.9,6.94,183,61.9,53,5.8,3,73,Synthetic/Demo,22.3,31.74
A2863,18,54.3,1,4.7,32.1,7.18,186,61.9,54,5.9,3,69,Synthetic/Demo,17.81,32.24
A2864,30,84.1,8,12.6,61.4,9.77,271,102.6,80,8.9,6,117,Synthetic/Demo,79.77,61.05
A2865,19,50.6,1,5.0,31.3,7.17,189,60.9,54,5.5,3,70,Synthetic/Demo,21.13,31.13
A2866,29,83.7,8,13.2,62.1,9.81,275,103.2,82,8.8,6,117,Synthetic/Demo,77.97,61.78
A2867,29,83.8,8,13.4,62.4,9.98,264,106.8,82,8.9,6,114,Synthetic/Demo,80.26,64.54
A2868,18,50.8,1,5.3,34.3,6.97,180,62.7,55,5.8,3,69,Synthetic/Demo,20.5,33.73
A2869,29,83.1,8,12.8,64.9,9.65,266,103.8,79,8.7,6,112,Synthetic/Demo,82.16,63.85
A2870,19,51.7,1,5.1,31.9,6.95,180,63.9,55,5.7,3,71,Synthetic/Demo,25.05,31.89
A2871,29,85.1,8,12.9,62.2,9.86,268,104.0,81,8.8,6,113,Synthetic/Demo,77.99,62.82
A2872,19,51.1,1,4.9,34.1,6.99,189,62.9,55,5.7,3,70,Synthetic/Demo,22.72,32.01
A2873,29,82.1,8,13.5,64.9,9.78,270,105.6,80,8.7,6,113,Synthetic/Demo,76.2,64.83
A2874,29,83.6,8,13.6,64.7,9.96,266,107.2,81,8.9,6,115,Synthetic/Demo,82.63,65.54
A2875,19,50.2,1,5.1,33.8,7.19,184,62.5,55,5.7,3,68,Synthetic/Demo,22.9,33.27
A2876,30,83.5,8,13.4,62.6,9.88,272,103.9,80,8.7,6,115,Synthetic/Demo,77.82,62.81
A2877,19,52.8,1,5.1,33.8,6.97,180,62.2,54,5.8,3,71,Synthetic/Demo,19.52,32.47
A2878,29,83.1,8,12.9,64.5,9.65,268,104.1,79,9.0,6,115,Synthetic/Demo,78.65,63.84
A2879,18,53.1,1,5.1,34.1,7.15,180,65.0,54,5.8,3,73,Synthetic/Demo,25.0,33.7
A2880,19,50.6,1,5.2,33.5,7.23,181,63.7,53,5.8,3,70,Synthetic/Demo,23.51,34.05
A2881,29,81.9,8,13.2,64.5,9.65,273,106.4,79,8.7,6,113,Synthetic/Demo,74.34,64.26
A2882,19,53.9,1,4.7,32.7,7.04,184,62.4,53,5.6,3,69,Synthetic/Demo,14.46,31.64
A2883,29,82.6,8,13.2,62.0,9.95,266,107.6,79,8.8,6,112,Synthetic/Demo,80.46,65.07
A2884,30,83.9,8,13.0,61.9,9.97,273,103.7,81,8.9,6,112,Synthetic/Demo,81.39,62.8
A2885,29,83.3,8,12.7,62.4,9.9,275,103.2,80,8.7,6,116,Synthetic/Demo,70.43,62.05
A2886,29,82.6,8,13.2,61.8,9.89,270,104.9,80,8.7,6,114,Synthetic/Demo,78.81,63.37
A2887,30,82.9,8,12.8,60.8,9.81,264,103.8,79,8.9,6,115,Synthetic/Demo,77.61,62.5
A2888,19,50.2,1,4.5,34.4,6.94,189,61.8,54,5.9,3,72,Synthetic/Demo,24.65,31.73
A2889,19,50.6,1,4.6,31.2,7.14,182,61.6,55,5.6,3,73,Synthetic/Demo,18.65,30.72
A2890,29,81.2,8,13.0,61.1,9.64,272,101.6,79,8.7,6,116,Synthetic/Demo,78.24,61.59
A2891,19,52.7,1,4.4,32.6,7.17,186,62.1,54,5.7,3,70,Synthetic/Demo,20.97,31.44
A2892,19,50.1,1,4.4,34.2,7.24,180,62.4,56,5.9,3,68,Synthetic/Demo,16.39,33.19
A2893,30,83.3,8,13.6,64.1,9.82,270,105.8,79,9.0,6,115,Synthetic/Demo,85.13,64.65
A2894,30,84.0,8,12.8,61.9,9.79,270,102.4,81,8.8,6,113,Synthetic/Demo,79.15,61.71
A2895,29,84.7,8,13.0,62.1,9.81,272,103.3,79,8.8,6,112,Synthetic/Demo,80.9,62.98
A2896,29,85.1,8,13.3,60.9,9.67,270,102.3,79,8.9,6,117,Synthetic/Demo,90.09,61.83
A2897,29,83.3,8,12.8,64.6,9.64,267,105.4,80,8.8,6,116,Synthetic/Demo,74.31,63.36
A2898,19,53.5,1,4.7,34.4,7.06,189,64.5,54,5.6,3,71,Synthetic/Demo,27.05,31.97
A2899,29,84.8,8,13.4,61.9,9.72,271,102.4,81,8.7,6,116,Synthetic/Demo,78.0,61.79
A2900,18,51.0,1,4.4,32.7,7.18,185,62.5,56,5.6,3,70,Synthetic/Demo,21.43,31.72
A2901,30,84.5,8,12.9,61.2,9.98,268,104.7,82,8.9,6,113,Synthetic/Demo,80.01,62.56
A2902,19,54.0,1,4.1,30.3,7.22,180,59.8,56,5.6,3,70,Synthetic/Demo,17.19,29.59
A2903,29,84.9,8,13.5,63.2,9.63,271,103.5,81,8.8,6,114,Synthetic/Demo,78.26,62.78
A2904,18,53.1,1,4.6,32.3,7.14,181,61.0,54,5.7,3,71,Synthetic/Demo,21.71,31.76
A2905,18,52.6,1,4.7,33.9,7.26,180,64.0,56,5.9,3,72,Synthetic/Demo,18.97,33.27
A2906,19,51.2,1,5.3,33.8,7.12,188,62.7,56,5.9,3,70,Synthetic/Demo,25.02,32.8
A2907,30,81.5,8,13.6,64.0,9.8,270,105.8,80,8.6,6,117,Synthetic/Demo,80.66,63.64
A2908,29,81.3,8,12.9,62.5,9.79,265,102.4,81,8.6,6,111,Synthetic/Demo,75.99,63.07
A2909,30,82.9,8,12.6,61.3,9.73,270,103.2,80,8.6,6,117,Synthetic/Demo,75.97,60.76
A2910,18,50.4,1,5.2,31.8,7.27,183,63.6,55,5.6,3,70,Synthetic/Demo,26.32,33.11
A2911,19,54.3,1,5.1,32.0,6.92,187,60.4,54,5.8,3,72,Synthetic/Demo,18.07,30.55
A2912,19,51.7,1,4.5,31.4,6.92,188,59.5,54,5.7,3,72,Synthetic/Demo,18.78,29.68
A2913,30,83.4,8,12.9,63.3,9.81,269,103.2,81,9.0,6,112,Synthetic/Demo,78.12,63.15
A2914,29,82.0,8,12.9,63.7,9.77,273,104.3,80,8.9,6,115,Synthetic/Demo,82.34,63.39
A2915,29,84.6,8,13.5,64.3,9.96,265,106.8,79,8.7,6,116,Synthetic/Demo,85.84,65.07
A2916,29,84.7,8,13.7,61.6,9.92,265,105.2,82,8.7,6,114,Synthetic/Demo,87.23,63.56
A2917,19,54.2,1,4.2,31.4,7.19,179,62.2,53,5.6,3,69,Synthetic/Demo,19.77,31.29
A2918,19,51.5,1,5.0,34.3,7.09,187,64.4,55,5.6,3,70,Synthetic/Demo,24.65,32.64
A2919,19,51.7,1,4.5,30.4,7.1,184,60.8,53,5.7,3,72,Synthetic/Demo,19.15,30.52
A2920,29,81.7,8,13.3,62.8,9.95,275,103.5,79,8.8,6,115,Synthetic/Demo,84.52,63.74
A2921,29,85.0,8,12.9,62.8,9.76,275,104.3,81,8.8,6,117,Synthetic/Demo,76.78,61.84
A2922,30,85.1,8,12.7,64.3,9.85,275,103.6,81,8.8,6,115,Synthetic/Demo,82.05,62.09
A2923,18,53.9,1,4.9,32.8,6.99,184,61.9,53,5.8,3,73,Synthetic/Demo,20.35,31.84
A2924,19,53.5,1,4.9,33.6,7.25,180,63.6,56,5.5,3,71,Synthetic/Demo,22.83,32.18
A2925,29,84.7,8,12.6,61.8,9.69,271,102.5,80,8.6,6,115,Synthetic/Demo,77.49,61.07
A2926,19,50.3,1,4.3,30.7,6.92,185,61.0,55,5.7,3,68,Synthetic/Demo,18.55,30.29
A2927,30,83.6,8,13.8,63.9,9.8,272,105.7,81,8.8,6,114,Synthetic/Demo,81.98,63.93
A2928,29,84.6,8,12.8,61.6,9.69,268,103.1,82,8.9,6,113,Synthetic/Demo,78.96,61.91
A2929,30,81.1,8,13.1,62.5,9.94,268,106.3,80,9.0,6,116,Synthetic/Demo,86.48,64.08
A2930,19,52.6,1,4.8,30.6,7.18,188,60.0,55,5.7,3,73,Synthetic/Demo,22.0,30.01
A2931,19,51.5,1,4.5,33.0,6.98,187,61.1,53,5.7,3,73,Synthetic/Demo,22.19,30.87
A2932,19,50.2,1,4.7,30.5,7.09,189,61.4,55,5.7,3,69,Synthetic/Demo,17.52,30.78
A2933,30,84.6,8,12.9,63.5,9.69,271,104.9,80,9.0,6,112,Synthetic/Demo,77.58,63.17
A2934,29,81.7,8,12.7,64.0,9.86,271,105.1,79,8.8,6,113,Synthetic/Demo,83.68,64.17
A2935,30,84.0,8,12.9,63.5,9.87,267,103.6,80,8.9,6,117,Synthetic/Demo,83.37,62.82
A2936,19,53.9,1,5.0,32.3,7.12,183,62.0,53,5.7,3,73,Synthetic/Demo,25.85,31.6
A2937,18,50.9,1,5.0,33.1,7.05,185,61.3,54,5.9,3,68,Synthetic/Demo,19.8,33.12
A2938,18,53.2,1,4.7,34.3,7.05,184,63.6,54,5.7,3,72,Synthetic/Demo,21.41,32.52
A2939,30,84.2,8,12.9,62.9,9.67,265,104.2,80,9.0,6,113,Synthetic/Demo,75.22,63.05
A2940,29,83.0,8,13.6,62.9,9.91,265,104.1,79,8.6,6,111,Synthetic/Demo,81.0,64.77
A2941,19,51.1,1,5.1,31.7,7.17,182,60.3,55,5.6,3,71,Synthetic/Demo,23.86,31.43
A2942,19,51.3,1,4.5,32.5,7.02,185,60.6,53,5.7,3,70,Synthetic/Demo,18.28,31.28
A2943,30,83.7,8,13.1,61.7,9.96,263,103.2,82,8.9,6,111,Synthetic/Demo,82.8,63.28
A2944,29,82.6,8,12.9,62.7,9.74,266,103.7,80,8.9,6,116,Synthetic/Demo,79.24,63.04
A2945,19,53.2,1,4.7,32.6,7.07,188,62.3,53,5.6,3,74,Synthetic/Demo,21.18,30.8
A2946,19,54.3,1,4.9,33.9,6.99,182,61.8,55,5.7,3,73,Synthetic/Demo,18.02,31.26
A2947,19,54.3,1,4.5,34.5,7.11,182,63.6,56,5.7,3,71,Synthetic/Demo,22.49,31.82
A2948,18,52.3,1,5.0,34.4,7.21,179,63.5,53,5.5,3,69,Synthetic/Demo,14.95,33.99
A2949,19,53.6,1,4.5,31.3,7.13,181,61.3,55,5.7,3,69,Synthetic/Demo,19.43,30.94
A2950,19,54.3,1,4.6,31.7,7.07,179,59.7,54,5.5,3,72,Synthetic/Demo,14.6,30.16
A2951,29,82.0,8,13.2,61.3,9.97,268,105.3,79,8.6,6,112,Synthetic/Demo,84.38,64.02
A2952,30,83.6,8,12.9,64.6,9.94,265,107.4,79,8.9,6,116,Synthetic/Demo,85.57,64.69
A2953,19,50.5,1,4.3,30.9,7.26,179,60.6,56,5.6,3,73,Synthetic/Demo,20.97,30.4
A2954,29,82.1,8,13.7,64.5,9.76,263,106.0,81,8.7,6,113,Synthetic/Demo,87.81,65.15
A2955,19,53.7,1,5.2,34.0,6.94,182,63.1,54,5.9,3,68,Synthetic/Demo,20.0,33.1
A2956,18,52.5,1,4.9,32.8,6.91,183,61.4,53,5.6,3,74,Synthetic/Demo,25.4,31.3
A2957,19,53.8,1,5.1,34.0,6.97,188,62.1,56,5.6,3,69,Synthetic/Demo,24.03,31.41
A2958,19,53.4,1,5.3,34.3,7.26,181,66.9,53,5.9,3,74,Synthetic/Demo,25.08,34.37
A2959,30,84.0,8,13.0,62.8,9.66,268,104.9,82,8.9,6,116,Synthetic/Demo,83.05,62.07
A2960,29,85.1,8,13.0,62.3,9.9,268,104.9,81,8.8,6,116,Synthetic/Demo,77.13,62.81
A2961,19,50.2,1,4.5,30.5,7.08,188,60.4,54,5.8,3,69,Synthetic/Demo,16.03,30.78
A2962,30,82.9,8,13.5,62.7,9.91,271,103.7,79,8.6,6,115,Synthetic/Demo,79.1,63.17
A2963,30,81.7,8,12.8,64.2,9.73,264,104.5,82,8.7,6,115,Synthetic/Demo,78.94,62.82
A2964,30,83.0,8,12.9,64.3,9.78,266,104.9,80,8.8,6,112,Synthetic/Demo,78.23,63.87
A2965,19,50.1,1,5.1,32.1,7.05,184,63.0,56,5.7,3,71,Synthetic/Demo,24.87,31.8
A2966,29,82.4,8,13.0,62.0,9.67,272,102.5,80,8.7,6,112,Synthetic/Demo,77.39,62.36
A2967,30,83.2,8,13.1,63.5,9.95,268,106.0,80,8.9,6,113,Synthetic/Demo,83.38,64.35
A2968,19,52.3,1,5.1,33.9,7.06,183,62.4,56,5.6,3,72,Synthetic/Demo,20.35,31.76
A2969,19,52.5,1,5.2,33.1,7.19,187,63.3,54,5.9,3,73,Synthetic/Demo,17.34,32.62
A2970,19,53.0,1,4.2,33.0,7.24,186,61.3,54,5.8,3,71,Synthetic/Demo,21.42,31.38
A2971,29,81.2,8,13.5,62.2,9.85,270,105.1,80,8.7,6,114,Synthetic/Demo,75.23,63.96
A2972,19,51.0,1,4.4,32.7,7.06,178,61.8,56,5.7,3,72,Synthetic/Demo,20.33,31.16
A2973,30,81.9,8,12.7,64.8,9.95,272,106.3,79,8.9,6,116,Synthetic/Demo,77.88,64.16
A2974,29,83.5,8,13.6,64.3,9.77,266,107.2,81,8.8,6,112,Synthetic/Demo,89.2,65.18
A2975,19,52.0,1,4.2,30.7,7.22,179,61.3,54,5.7,3,70,Synthetic/Demo,22.49,31.07
A2976,19,52.1,1,4.4,33.0,7.25,182,63.1,55,5.7,3,72,Synthetic/Demo,22.02,31.83
A2977,18,51.6,1,4.6,32.8,7.0,189,62.8,54,5.7,3,72,Synthetic/Demo,23.8,31.52
A2978,19,50.8,1,5.0,31.2,7.09,188,61.1,54,5.7,3,69,Synthetic/Demo,17.42,31.45
A2979,19,51.5,1,4.2,31.4,7.13,187,60.4,56,5.8,3,71,Synthetic/Demo,20.2,30.09
A2980,19,51.5,1,5.1,33.5,7.21,188,62.0,55,5.5,3,71,Synthetic/Demo,22.51,31.91
A2981,18,52.1,1,5.3,33.6,7.06,188,62.5,54,5.6,3,69,Synthetic/Demo,22.88,32.86
A2982,19,52.9,1,5.0,32.4,6.99,182,59.8,55,5.7,3,69,Synthetic/Demo,24.15,31.2
A2983,19,54.2,1,4.7,30.9,7.18,182,62.1,55,5.8,3,71,Synthetic/Demo,22.73,31.04
A2984,19,50.6,1,4.8,30.5,7.13,182,60.4,56,5.7,3,69,Synthetic/Demo,20.46,30.95
A2985,19,53.8,1,4.1,31.4,7.24,187,62.2,54,5.8,3,73,Synthetic/Demo,14.56,30.44
A2986,29,81.6,8,12.8,64.9,9.9,273,105.8,81,8.8,6,111,Synthetic/Demo,78.79,64.59
A2987,18,52.5,1,5.2,32.8,6.92,178,61.4,56,5.8,3,69,Synthetic/Demo,21.19,32.38
A2988,19,52.4,1,4.1,33.3,7.27,189,60.3,56,5.9,3,72,Synthetic/Demo,20.35,30.76
A2989,29,85.3,8,12.8,63.6,9.72,264,102.3,82,8.8,6,115,Synthetic/Demo,76.2,62.21
A2990,19,53.1,1,4.2,33.5,7.13,185,60.5,56,5.7,3,68,Synthetic/Demo,27.32,30.99
A2991,30,82.7,8,12.6,64.6,9.68,265,105.4,80,8.8,6,115,Synthetic/Demo,85.19,63.19
A2992,18,51.4,1,4.3,30.7,7.16,179,61.1,56,5.8,3,72,Synthetic/Demo,21.26,30.95
A2993,29,81.9,8,13.3,62.5,9.89,274,104.7,82,8.8,6,115,Synthetic/Demo,80.58,63.14
A2994,29,84.9,8,13.2,61.7,9.63,274,103.4,81,8.9,6,113,Synthetic/Demo,77.73,62.06
A2995,30,81.4,8,13.0,61.4,9.67,271,101.7,81,9.0,6,114,Synthetic/Demo,75.05,61.8
A2996,29,84.7,8,13.1,64.1,9.99,275,104.8,80,8.7,6,111,Synthetic/Demo,81.84,64.13
A2997,29,81.8,8,13.5,61.3,9.97,269,103.9,80,8.7,6,117,Synthetic/Demo,81.36,63.26
A2998,19,52.2,1,4.8,30.9,7.21,185,61.6,54,5.6,3,72,Synthetic/Demo,16.43,30.94
A2999,18,52.3,1,4.2,33.0,7.09,180,60.5,54,5.9,3,70,Synthetic/Demo,21.46,32.02
A3000,29,84.8,8,13.4,63.6,9.69,268,105.7,81,8.7,6,115,Synthetic/Demo,80.64,63.31
A3001,29,81.7,8,13.6,62.0,9.75,269,103.3,81,8.7,6,114,Synthetic/Demo,74.29,63.14
A3002,29,84.3,8,13.0,64.3,9.92,272,106.9,79,9.0,6,115,Synthetic/Demo,79.88,64.74
A3003,29,83.9,8,13.7,61.7,9.95,267,104.3,79,8.9,6,114,Synthetic/Demo,80.71,64.44
A3004,29,83.3,8,12.7,64.1,9.78,275,103.7,79,8.9,6,117,Synthetic/Demo,85.26,62.83
A3005,18,53.9,1,4.2,30.4,7.23,187,60.8,55,5.6,3,72,Synthetic/Demo,19.99,29.88
A3006,29,83.8,8,13.2,61.6,9.88,270,104.2,79,9.0,6,112,Synthetic/Demo,76.54,63.97
A3007,29,84.8,8,13.5,64.2,9.9,267,106.5,79,8.7,6,117,Synthetic/Demo,84.54,64.52
A3008,18,52.6,1,4.6,31.3,6.97,179,61.3,54,5.5,3,74,Synthetic/Demo,14.51,30.46
A3009,19,50.6,1,5.3,33.3,7.19,188,63.3,53,5.8,3,69,Synthetic/Demo,26.4,33.61
A3010,18,52.7,1,4.6,33.4,7.13,183,63.5,55,5.5,3,68,Synthetic/Demo,20.25,32.45
A3011,29,81.9,8,13.2,61.8,9.65,270,102.8,82,9.0,6,112,Synthetic/Demo,78.59,62.8
A3012,19,53.8,1,4.4,30.6,7.13,186,60.1,55,5.6,3,72,Synthetic/Demo,22.19,29.41
A3013,29,85.1,8,13.2,64.1,9.71,273,105.8,82,8.8,6,112,Synthetic/Demo,77.0,63.39
A3014,30,83.0,8,13.2,60.9,9.66,266,104.5,81,8.8,6,113,Synthetic/Demo,74.85,62.27
A3015,29,82.1,8,13.5,64.7,9.79,271,105.1,82,8.6,6,116,Synthetic/Demo,79.92,63.61
A3016,30,82.5,8,13.2,64.8,9.74,269,105.4,81,8.8,6,115,Synthetic/Demo,84.77,63.61
A3017,18,51.3,1,4.4,33.9,7.15,186,62.5,54,5.6,3,72,Synthetic/Demo,16.56,32.08
A3018,30,85.1,8,13.2,60.8,9.78,270,103.4,80,8.7,6,112,Synthetic/Demo,70.32,61.95
A3019,19,51.7,1,5.1,32.4,7.07,186,62.3,56,5.9,3,71,Synthetic/Demo,19.99,31.8
A3020,18,50.0,1,4.5,33.8,6.94,183,62.8,56,5.6,3,68,Synthetic/Demo,22.3,32.19
A3021,29,83.2,8,13.5,61.3,9.94,265,105.2,79,8.9,6,115,Synthetic/Demo,85.32,64.33
A3022,29,81.8,8,13.4,63.3,9.8,270,104.8,80,9.0,6,112,Synthetic/Demo,80.26,64.76
A3023,18,53.7,1,4.9,32.3,7.19,182,63.0,56,5.9,3,69,Synthetic/Demo,20.99,32.68
A3024,29,81.3,8,13.0,61.4,9.81,274,105.7,80,8.7,6,114,Synthetic/Demo,82.6,62.92
A3025,19,51.6,1,4.3,31.6,7.01,179,60.1,55,5.6,3,71,Synthetic/Demo,13.21,30.23
A3026,19,54.3,1,4.9,33.7,7.12,187,62.2,54,5.9,3,71,Synthetic/Demo,20.88,32.14
A3027,30,84.5,8,12.6,63.1,9.88,266,103.6,80,8.9,6,113,Synthetic/Demo,80.88,62.96
A3028,29,83.4,8,13.4,62.7,9.83,274,106.2,79,8.9,6,114,Synthetic/Demo,82.63,64.19
A3029,30,85.3,8,12.8,61.9,9.96,263,103.3,80,8.9,6,113,Synthetic/Demo,79.02,62.97
A3030,19,53.5,1,4.6,32.0,7.25,188,61.2,55,5.8,3,73,Synthetic/Demo,20.47,30.76
A3031,29,83.8,8,13.5,62.4,9.89,268,105.7,82,8.8,6,112,Synthetic/Demo,74.27,64.05
A3032,18,51.7,1,4.2,33.1,6.99,189,60.1,53,5.7,3,70,Synthetic/Demo,16.81,31.11
A3033,29,81.7,8,13.0,64.1,9.7,275,105.2,82,8.9,6,116,Synthetic/Demo,81.36,62.99
A3034,19,50.3,1,4.2,32.0,7.19,183,61.1,56,5.6,3,70,Synthetic/Demo,16.66,30.81
A3035,29,81.7,8,13.2,61.3,9.75,268,101.2,80,8.9,6,113,Synthetic/Demo,78.93,62.81
A3036,19,51.8,1,4.7,33.8,7.23,183,64.2,56,5.6,3,69,Synthetic/Demo,24.13,32.62
A3037,30,85.1,8,13.7,62.1,9.88,274,105.9,82,8.7,6,115,Synthetic/Demo,79.99,62.6
A3038,29,82.5,8,12.8,64.2,9.94,268,104.8,79,8.8,6,112,Synthetic/Demo,82.29,64.7
A3039,30,81.7,8,13.5,64.0,9.74,266,105.1,80,8.6,6,115,Synthetic/Demo,78.85,63.74
A3040,18,53.8,1,4.5,31.6,7.22,185,61.1,53,5.8,3,69,Synthetic/Demo,19.83,31.96
A3041,19,54.2,1,5.2,33.3,6.94,184,63.3,54,5.7,3,74,Synthetic/Demo,23.51,31.5
A3042,29,81.8,8,13.3,60.9,9.78,275,103.8,80,8.6,6,113,Synthetic/Demo,78.94,62.43
A3043,29,81.8,8,13.2,62.4,9.71,275,104.2,80,8.8,6,116,Synthetic/Demo,77.35,62.66
A3044,29,85.3,8,13.7,60.8,9.77,275,104.6,81,8.7,6,116,Synthetic/Demo,79.91,61.99
A3045,29,82.0,8,13.6,61.0,9.73,268,102.7,80,8.7,6,115,Synthetic/Demo,81.42,62.71
A3046,29,84.6,8,13.5,62.8,9.93,274,104.3,79,8.8,6,115,Synthetic/Demo,75.09,63.71
A3047,18,51.3,1,4.9,34.0,7.23,183,65.1,53,5.8,3,71,Synthetic/Demo,27.47,34.25
A3048,29,82.9,8,13.2,63.1,9.76,269,104.1,81,8.9,6,113,Synthetic/Demo,79.57,63.62
A3049,29,82.3,8,12.6,61.1,9.99,269,103.3,79,8.9,6,111,Synthetic/Demo,80.69,63.52
A3050,18,50.9,1,5.0,32.1,7.03,186,61.3,56,5.5,3,69,Synthetic/Demo,23.61,31.42
A3051,19,53.9,1,4.3,32.6,7.15,188,61.0,54,5.8,3,73,Synthetic/Demo,15.61,30.51
A3052,19,53.9,1,4.3,33.2,7.15,187,61.8,55,5.6,3,70,Synthetic/Demo,18.08,30.82
A3053,19,50.4,1,4.5,32.7,6.98,182,61.2,54,5.6,3,70,Synthetic/Demo,19.0,31.3
A3054,19,50.6,1,5.1,32.2,7.16,185,63.0,54,5.7,3,73,Synthetic/Demo,19.41,32.11
A3055,19,53.7,1,5.0,33.5,7.01,182,64.4,55,5.8,3,71,Synthetic/Demo,27.73,32.36
A3056,30,82.9,8,12.9,60.8,9.87,273,102.8,81,8.8,6,113,Synthetic/Demo,75.65,61.7
A3057,29,81.6,8,13.5,62.2,9.77,266,105.7,81,8.7,6,111,Synthetic/Demo,79.57,64.29
A3058,29,82.5,8,13.7,61.1,9.8,274,104.1,80,8.9,6,114,Synthetic/Demo,80.61,63.36
A3059,19,51.8,1,5.1,33.3,6.92,178,62.0,54,5.5,3,72,Synthetic/Demo,17.84,31.73
A3060,29,84.7,8,12.7,61.1,9.64,273,101.2,80,8.8,6,113,Synthetic/Demo,75.34,61.04
A3061,19,53.1,1,5.0,32.0,7.22,188,61.5,55,5.7,3,72,Synthetic/Demo,21.9,31.18
A3062,18,52.7,1,4.3,32.7,7.05,182,58.7,53,5.7,3,70,Synthetic/Demo,18.32,31.23
A3063,18,50.4,1,4.8,31.4,7.22,183,62.2,56,5.6,3,72,Synthetic/Demo,20.44,31.65
A3064,18,54.0,1,4.9,34.0,6.93,187,62.6,55,5.5,3,68,Synthetic/Demo,19.33,31.83
A3065,18,52.4,1,5.0,32.3,7.19,179,62.5,54,5.5,3,70,Synthetic/Demo,17.57,32.64
A3066,19,51.1,1,4.6,32.6,6.94,182,60.3,54,5.6,3,72,Synthetic/Demo,20.39,30.7
A3067,18,50.9,1,4.9,33.9,7.08,187,62.8,56,5.8,3,72,Synthetic/Demo,27.05,32.4
A3068,29,82.5,8,12.8,64.1,9.81,274,105.1,80,8.7,6,115,Synthetic/Demo,80.23,63.21
A3069,30,83.2,8,13.3,61.3,9.72,275,103.4,79,8.6,6,114,Synthetic/Demo,79.01,61.78
A3070,18,50.6,1,4.7,30.7,7.04,180,59.8,56,5.8,3,69,Synthetic/Demo,21.34,31.27
A3071,29,83.4,8,13.5,64.8,9.74,271,106.0,82,8.9,6,112,Synthetic/Demo,78.58,64.6
A3072,18,50.6,1,4.9,31.7,7.24,184,60.7,54,5.6,3,73,Synthetic/Demo,25.85,31.77
A3073,30,83.7,8,13.2,62.0,9.94,267,105.2,81,8.8,6,116,Synthetic/Demo,81.63,62.93
A3074,19,53.4,1,5.1,30.5,7.21,181,61.9,54,5.8,3,72,Synthetic/Demo,26.14,31.59
A3075,29,84.0,8,13.8,60.9,9.97,267,106.6,79,8.6,6,114,Synthetic/Demo,79.81,64.26
A3076,19,52.9,1,4.4,30.7,7.02,188,58.8,55,5.8,3,69,Synthetic/Demo,23.03,29.67
A3077,19,54.0,1,5.2,31.2,7.04,189,60.7,56,5.7,3,70,Synthetic/Demo,21.96,30.37
A3078,18,52.7,1,5.2,33.6,6.98,181,62.7,55,5.5,3,68,Synthetic/Demo,23.78,32.71
A3079,29,85.1,8,13.5,61.6,9.95,266,103.9,79,8.8,6,116,Synthetic/Demo,81.97,63.55
A3080,19,51.9,1,4.2,31.9,7.12,189,59.6,54,5.9,3,72,Synthetic/Demo,17.89,30.33
A3081,29,84.1,8,13.2,64.8,9.82,273,105.6,81,8.8,6,115,Synthetic/Demo,85.29,63.8
A3082,18,50.6,1,4.4,33.9,7.14,179,61.2,56,5.7,3,71,Synthetic/Demo,21.84,32.22
A3083,30,83.3,8,13.2,62.3,9.93,265,105.8,80,9.0,6,115,Synthetic/Demo,76.07,64.0
A3084,29,85.3,8,12.6,61.0,9.68,272,102.0,80,8.9,6,115,Synthetic/Demo,73.51,61.03
A3085,18,52.9,1,5.1,34.2,7.26,179,64.5,54,5.9,3,70,Synthetic/Demo,24.41,34.61
A3086,30,82.3,8,12.9,64.7,9.83,269,106.0,79,8.7,6,115,Synthetic/Demo,82.62,63.89
A3087,29,82.3,8,12.8,61.4,9.83,275,103.3,81,8.9,6,112,Synthetic/Demo,78.18,62.49
A3088,30,83.1,8,13.8,63.3,9.77,269,106.3,80,9.0,6,114,Synthetic/Demo,86.34,64.58
A3089,19,54.1,1,4.9,30.8,7.25,183,61.0,55,5.9,3,70,Synthetic/Demo,15.09,31.44
A3090,19,50.3,1,4.7,32.9,6.93,183,63.7,56,5.6,3,71,Synthetic/Demo,20.97,31.36
A3091,18,50.4,1,4.8,31.6,6.98,183,60.9,56,5.6,3,74,Synthetic/Demo,13.73,30.54
A3092,18,52.1,1,5.1,33.0,7.17,189,61.8,55,5.7,3,71,Synthetic/Demo,23.81,32.21
A3093,30,84.3,8,12.7,61.1,9.92,267,102.1,81,8.8,6,113,Synthetic/Demo,78.4,61.75
A3094,29,84.2,8,13.0,61.7,9.89,269,102.5,80,8.8,6,116,Synthetic/Demo,80.56,62.36
A3095,19,54.0,1,4.1,31.2,7.01,186,63.3,55,5.8,3,70,Synthetic/Demo,16.2,30.26
A3096,29,84.6,8,13.7,63.0,9.76,273,105.4,79,8.9,6,112,Synthetic/Demo,85.47,64.44
A3097,30,83.4,8,13.1,64.8,9.9,268,105.5,80,8.7,6,112,Synthetic/Demo,85.6,64.34
A3098,29,84.4,8,13.3,60.9,9.75,274,102.3,80,8.9,6,116,Synthetic/Demo,80.01,61.82
A3099,19,53.7,1,4.6,32.6,7.0,179,62.3,55,5.8,3,74,Synthetic/Demo,20.33,30.93
A3100,29,85.1,8,12.7,61.1,9.99,265,102.9,80,8.8,6,114,Synthetic/Demo,81.25,62.59
A3101,30,81.8,8,13.0,61.1,9.66,271,103.3,79,8.8,6,114,Synthetic/Demo,75.92,62.01
A3102,18,53.0,1,4.6,34.3,7.05,184,63.4,54,5.8,3,68,Synthetic/Demo,24.77,33.15
A3103,18,51.7,1,4.7,31.2,7.25,187,61.6,56,5.7,3,73,Synthetic/Demo,25.01,31.02
A3104,30,81.4,8,13.0,62.0,9.9,275,102.0,82,8.7,6,115,Synthetic/Demo,81.71,61.55
A3105,29,82.9,8,12.6,61.9,9.75,271,104.6,79,8.9,6,117,Synthetic/Demo,76.43,62.38
A3106,18,51.1,1,4.3,31.4,7.12,179,61.4,55,5.6,3,71,Synthetic/Demo,20.71,31.2
A3107,30,82.0,8,13.2,64.1,9.75,267,107.5,80,8.8,6,112,Synthetic/Demo,78.48,64.65
A3108,19,51.1,1,4.8,32.7,7.17,181,63.0,56,5.7,3,71,Synthetic/Demo,23.62,32.05
A3109,18,51.5,1,4.8,34.4,7.23,182,62.9,55,5.7,3,71,Synthetic/Demo,24.53,33.28
A3110,19,50.5,1,4.9,33.6,7.11,181,62.5,56,5.7,3,71,Synthetic/Demo,16.58,32.29
A3111,18,53.0,1,4.8,33.3,7.2,186,62.5,56,5.6,3,73,Synthetic/Demo,18.02,31.62
A3112,19,50.9,1,4.6,33.8,6.93,182,61.9,53,5.5,3,70,Synthetic/Demo,19.78,31.77
A3113,19,54.0,1,4.9,32.8,6.97,183,61.3,54,5.8,3,73,Synthetic/Demo,19.77,31.09
A3114,30,83.9,8,13.2,61.4,9.97,271,104.6,79,8.8,6,114,Synthetic/Demo,76.86,63.1
A3115,19,51.1,1,4.4,31.9,7.25,185,60.8,56,5.9,3,70,Synthetic/Demo,21.5,31.35
A3116,18,51.3,1,4.7,31.2,7.11,187,62.5,53,5.9,3,73,Synthetic/Demo,20.95,31.87
A3117,18,53.3,1,4.6,32.1,7.07,187,59.9,54,5.7,3,69,Synthetic/Demo,18.83,31.17
A3118,19,51.8,1,4.1,32.3,7.13,183,60.9,55,5.7,3,73,Synthetic/Demo,17.06,30.35
A3119,29,84.1,8,12.8,63.7,9.83,266,104.0,79,8.7,6,115,Synthetic/Demo,83.76,63.38
A3120,29,84.7,8,13.6,62.2,9.94,266,105.1,80,8.8,6,115,Synthetic/Demo,87.06,64.07
A3121,18,54.0,1,4.2,30.9,6.94,186,60.3,56,5.8,3,74,Synthetic/Demo,15.81,29.1
A3122,29,82.0,8,13.6,62.7,9.88,266,105.9,81,8.8,6,114,Synthetic/Demo,80.47,64.57
A3123,29,83.1,8,13.5,62.0,9.65,275,105.5,79,8.8,6,115,Synthetic/Demo,81.13,63.11
A3124,19,53.6,1,4.9,33.7,7.06,179,61.7,55,5.7,3,70,Synthetic/Demo,21.04,32.07
A3125,29,81.8,8,12.6,63.1,9.99,270,103.1,81,8.9,6,112,Synthetic/Demo,79.82,63.63
A3126,18,54.3,1,4.4,31.3,6.97,181,59.4,53,5.6,3,69,Synthetic/Demo,20.71,30.59
A3127,18,50.5,1,5.2,30.5,6.97,179,59.5,56,5.7,3,71,Synthetic/Demo,13.76,31.09
A3128,30,81.8,8,12.7,63.7,9.69,267,104.8,80,8.7,6,112,Synthetic/Demo,83.91,63.14
A3129,30,81.7,8,13.0,60.9,9.7,272,103.6,79,8.9,6,116,Synthetic/Demo,78.36,61.95
A3130,19,51.1,1,5.1,33.8,7.05,187,64.2,56,5.8,3,71,Synthetic/Demo,21.19,32.48
A3131,19,53.2,1,4.7,33.2,7.25,178,61.4,54,5.5,3,70,Synthetic/Demo,21.91,32.1
A3132,29,82.1,8,13.3,61.3,9.76,273,102.8,79,8.6,6,113,Synthetic/Demo,78.5,62.6
A3133,29,83.4,8,13.8,63.6,9.77,265,104.6,81,8.9,6,114,Synthetic/Demo,77.34,64.57
A3134,30,81.8,8,12.6,61.2,9.82,269,101.9,80,8.8,6,116,Synthetic/Demo,82.23,61.39
A3135,18,50.0,1,4.5,33.3,7.12,178,63.0,54,5.7,3,71,Synthetic/Demo,22.08,32.99
A3136,29,81.5,8,13.2,64.9,9.69,265,103.9,79,8.7,6,116,Synthetic/Demo,82.74,64.11
A3137,18,52.6,1,5.1,34.1,7.12,187,62.2,55,5.7,3,69,Synthetic/Demo,25.24,32.88
A3138,29,83.8,8,13.2,61.1,9.65,273,103.0,79,9.0,6,114,Synthetic/Demo,75.29,62.48
A3139,29,83.5,8,13.4,63.3,9.8,269,103.4,79,8.7,6,116,Synthetic/Demo,82.2,63.41
A3140,19,51.3,1,5.2,33.1,7.2,183,64.3,55,5.8,3,69,Synthetic/Demo,22.74,33.46
A3141,19,51.9,1,5.0,31.2,7.17,188,60.7,55,5.9,3,68,Synthetic/Demo,23.01,31.7
A3142,19,52.3,1,4.1,34.1,7.13,180,64.2,56,5.8,3,69,Synthetic/Demo,15.6,32.31
A3143,29,84.5,8,13.7,64.1,9.8,265,106.5,79,9.0,6,114,Synthetic/Demo,83.39,65.54
A3144,19,53.9,1,4.3,32.3,7.2,184,60.9,56,5.8,3,72,Synthetic/Demo,18.23,30.49
A3145,18,52.0,1,4.3,31.1,6.96,187,58.6,54,5.6,3,69,Synthetic/Demo,18.49,29.98
A3146,18,51.8,1,4.4,32.4,7.27,181,60.9,55,5.7,3,71,Synthetic/Demo,22.34,31.89
A3147,29,82.8,8,12.8,64.4,9.74,264,103.9,81,8.9,6,113,Synthetic/Demo,78.87,63.89
A3148,18,51.3,1,4.4,31.4,7.18,187,61.2,54,5.5,3,71,Synthetic/Demo,17.02,30.93
A3149,30,81.1,8,12.8,62.9,9.91,263,106.1,79,8.6,6,115,Synthetic/Demo,80.98,63.76
A3150,29,82.9,8,13.7,64.5,9.94,263,107.6,81,9.0,6,115,Synthetic/Demo,82.24,66.06
A3151,19,50.8,1,4.3,33.5,7.1,187,60.4,54,5.9,3,70,Synthetic/Demo,22.77,31.67
A3152,29,84.5,8,13.8,61.6,9.98,272,105.2,80,8.9,6,115,Synthetic/Demo,80.73,64.02
A3153,29,82.2,8,12.7,64.8,9.72,272,104.7,80,8.9,6,112,Synthetic/Demo,71.78,63.98
A3154,19,51.7,1,4.5,30.4,7.27,188,60.2,54,5.6,3,72,Synthetic/Demo,17.74,30.21
A3155,30,83.8,8,13.1,63.4,9.97,272,103.4,80,8.7,6,112,Synthetic/Demo,77.81,63.3
A3156,29,83.4,8,13.6,61.6,9.83,266,102.3,79,8.9,6,116,Synthetic/Demo,75.63,63.42
A3157,30,82.2,8,13.3,61.3,9.76,267,103.1,80,8.7,6,116,Synthetic/Demo,75.51,62.13
A3158,30,84.4,8,13.5,63.1,9.96,270,104.9,80,8.7,6,116,Synthetic/Demo,82.21,63.36
A3159,19,52.3,1,4.9,33.3,7.15,188,63.8,53,5.8,3,68,Synthetic/Demo,26.41,33.09
A3160,29,84.9,8,12.6,62.4,9.94,266,105.0,80,8.8,6,113,Synthetic/Demo,81.39,63.35
A3161,18,50.8,1,4.9,31.8,7.18,185,62.2,54,5.9,3,69,Synthetic/Demo,19.68,32.96
A3162,29,82.6,8,13.4,62.4,9.95,275,104.2,79,8.9,6,113,Synthetic/Demo,82.39,64.18
A3163,29,82.6,8,12.7,64.1,9.87,269,106.4,81,8.9,6,113,Synthetic/Demo,80.12,64.25
A3164,29,84.2,8,12.8,62.3,9.9,268,106.0,82,8.8,6,111,Synthetic/Demo,78.5,63.47
A3165,30,83.0,8,13.2,64.7,9.75,266,106.5,79,8.7,6,115,Synthetic/Demo,78.85,64.18
A3166,29,81.1,8,13.1,61.3,9.72,268,102.9,79,8.8,6,114,Synthetic/Demo,73.57,62.96
A3167,30,85.0,8,13.5,64.7,9.78,270,106.0,80,8.8,6,115,Synthetic/Demo,81.33,63.9
A3168,19,51.9,1,4.2,31.9,7.0,185,62.9,56,5.9,3,69,Synthetic/Demo,19.92,30.96
A3169,19,50.5,1,5.2,30.6,6.94,187,61.0,54,5.6,3,71,Synthetic/Demo,18.77,30.69
A3170,30,83.4,8,13.4,60.8,9.81,266,105.2,80,9.0,6,112,Synthetic/Demo,79.47,63.61
A3171,19,53.2,1,4.2,32.0,7.0,181,60.5,54,5.8,3,69,Synthetic/Demo,16.38,30.81
A3172,18,51.0,1,4.3,32.4,7.18,185,60.6,54,5.8,3,69,Synthetic/Demo,21.96,32.02
A3173,30,83.3,8,13.6,64.9,9.88,272,105.9,80,8.9,6,113,Synthetic/Demo,79.35,64.88
A3174,18,54.2,1,4.8,34.1,6.96,188,59.8,56,5.8,3,73,Synthetic/Demo,22.41,30.76
A3175,19,54.2,1,4.3,31.5,6.95,182,59.6,55,5.9,3,71,Synthetic/Demo,15.43,29.9
A3176,18,51.6,1,4.3,33.9,7.23,182,64.6,54,5.6,3,72,Synthetic/Demo,20.11,32.82
A3177,30,84.7,8,12.8,62.1,9.96,265,104.7,79,8.9,6,112,Synthetic/Demo,76.63,63.64
A3178,18,53.1,1,4.2,33.3,6.94,187,60.6,56,5.6,3,71,Synthetic/Demo,17.06,30.14
A3179,19,53.6,1,4.6,30.8,6.91,178,59.1,54,5.9,3,69,Synthetic/Demo,21.75,30.58
A3180,19,50.5,1,5.0,32.6,7.05,179,62.9,54,5.6,3,69,Synthetic/Demo,23.48,32.63
A3181,29,83.7,8,13.4,63.9,9.71,267,106.0,81,8.7,6,115,Synthetic/Demo,84.51,63.75
A3182,19,53.5,1,4.5,33.1,7.25,183,62.9,56,5.8,3,70,Synthetic/Demo,23.51,31.92
A3183,29,83.7,8,13.3,62.0,9.82,263,104.0,81,8.9,6,115,Synthetic/Demo,77.56,63.45
A3184,30,82.0,8,13.2,62.3,9.79,265,104.1,79,9.0,6,112,Synthetic/Demo,80.02,64.11
A3185,29,83.0,8,13.3,64.5,9.79,264,106.0,82,9.0,6,115,Synthetic/Demo,80.45,64.65
A3186,30,84.5,8,12.6,64.6,9.81,272,103.6,81,8.9,6,117,Synthetic/Demo,83.96,62.15
A3187,30,85.0,8,12.7,61.9,9.75,272,104.2,82,8.8,6,117,Synthetic/Demo,74.58,60.83
A3188,19,50.7,1,5.0,31.1,6.99,180,59.9,54,5.8,3,71,Synthetic/Demo,22.59,31.3
A3189,18,50.9,1,4.6,32.3,7.09,183,63.6,55,5.6,3,69,Synthetic/Demo,23.61,32.27
A3190,19,51.2,1,5.2,32.5,6.92,189,61.9,55,5.8,3,73,Synthetic/Demo,25.76,31.11
A3191,29,83.1,8,13.0,62.0,9.93,272,104.6,81,8.7,6,116,Synthetic/Demo,78.54,62.59
A3192,29,81.4,8,12.9,62.7,9.77,269,102.7,81,8.9,6,113,Synthetic/Demo,81.55,63.12
A3193,29,85.0,8,12.6,61.4,9.78,272,103.1,80,9.0,6,115,Synthetic/Demo,84.91,61.87
A3194,19,53.2,1,4.5,34.4,7.09,179,63.9,55,5.7,3,69,Synthetic/Demo,20.81,32.63
A3195,29,84.7,8,12.6,62.4,9.99,268,104.5,81,8.6,6,114,Synthetic/Demo,75.31,62.59
A3196,19,53.6,1,4.1,32.0,6.92,181,60.4,56,5.7,3,70,Synthetic/Demo,12.61,29.69
A3197,19,51.1,1,4.6,31.3,6.92,181,60.2,55,5.8,3,72,Synthetic/Demo,20.95,30.37
A3198,30,84.0,8,13.0,64.3,9.72,265,105.7,80,8.9,6,112,Synthetic/Demo,76.12,64.08
A3199,29,84.8,8,13.3,61.1,9.85,264,103.7,81,8.8,6,113,Synthetic/Demo,79.12,63.05
A3200,29,83.5,8,13.0,62.8,9.85,267,105.0,79,8.8,6,116,Synthetic/Demo,82.13,63.58
A3201,19,53.9,1,5.0,31.5,7.25,189,63.3,56,5.7,3,73,Synthetic/Demo,21.65,30.94
A3202,29,82.8,8,13.5,62.2,9.75,265,105.9,79,8.6,6,111,Synthetic/Demo,82.61,64.41
A3203,18,51.4,1,4.4,30.4,7.16,189,60.3,54,5.8,3,68,Synthetic/Demo,19.23,31.15
A3204,19,52.4,1,4.2,31.6,7.15,189,59.4,54,5.8,3,71,Synthetic/Demo,22.29,30.16
A3205,30,83.0,8,12.8,64.0,9.72,269,104.4,80,8.8,6,111,Synthetic/Demo,77.47,63.37
A3206,29,81.4,8,13.5,61.2,9.87,264,104.9,80,9.0,6,113,Synthetic/Demo,79.46,64.62
A3207,19,52.3,1,4.3,34.3,7.16,189,62.8,56,5.5,3,72,Synthetic/Demo,18.37,30.87
A3208,19,51.0,1,4.5,31.4,6.95,179,61.7,56,5.9,3,69,Synthetic/Demo,22.19,31.22
A3209,29,81.8,8,13.7,62.2,9.7,272,103.4,79,8.7,6,113,Synthetic/Demo,82.72,63.56
A3210,18,53.9,1,4.5,34.3,7.0,183,63.5,54,5.8,3,72,Synthetic/Demo,23.06,32.3
A3211,19,51.1,1,5.3,32.7,7.17,187,63.6,54,5.8,3,72,Synthetic/Demo,26.2,32.76
A3212,30,81.7,8,13.6,62.5,9.88,270,106.6,79,8.7,6,112,Synthetic/Demo,78.58,64.56
A3213,29,84.4,8,13.6,62.0,9.83,273,103.4,79,9.0,6,112,Synthetic/Demo,85.73,63.96
A3214,18,50.6,1,4.6,30.8,7.06,180,63.9,53,5.7,3,72,Synthetic/Demo,25.01,32.12
A3215,29,84.4,8,13.7,61.9,9.97,272,104.2,79,8.8,6,115,Synthetic/Demo,83.64,63.84
A3216,19,52.9,1,4.9,30.6,7.17,181,60.6,54,5.9,3,68,Synthetic/Demo,26.05,31.86
A3217,29,81.5,8,13.7,64.2,9.8,272,105.5,80,9.0,6,116,Synthetic/Demo,77.57,64.87
A3218,30,81.7,8,13.0,63.7,9.99,268,106.3,81,8.7,6,117,Synthetic/Demo,80.39,63.57
A3219,18,50.6,1,4.3,30.9,7.0,182,60.3,54,5.7,3,73,Synthetic/Demo,16.02,30.47
A3220,18,52.0,1,5.2,32.4,7.14,183,62.2,54,5.5,3,72,Synthetic/Demo,23.86,32.21
A3221,19,50.2,1,4.7,34.3,6.92,187,63.8,54,5.7,3,72,Synthetic/Demo,18.07,32.05
A3222,29,82.4,8,12.7,64.1,9.94,271,106.0,82,8.7,6,116,Synthetic/Demo,83.25,63.28
A3223,29,81.4,8,13.0,64.0,9.8,266,104.9,79,8.6,6,113,Synthetic/Demo,85.35,64.29
A3224,19,51.1,1,5.3,32.5,6.98,184,61.1,54,5.5,3,72,Synthetic/Demo,22.81,31.36
A3225,19,52.9,1,4.4,32.0,6.95,187,61.5,55,5.6,3,70,Synthetic/Demo,19.46,30.07
A3226,30,83.3,8,13.4,64.9,9.69,265,105.2,80,8.7,6,113,Synthetic/Demo,79.27,64.13
A3227,18,53.9,1,4.8,33.5,7.22,189,63.4,56,5.9,3,73,Synthetic/Demo,19.57,32.12
A3228,18,53.3,1,4.9,32.6,7.02,188,59.4,55,5.5,3,70,Synthetic/Demo,23.09,30.67
A3229,30,85.0,8,13.1,64.4,9.79,268,105.5,81,9.0,6,117,Synthetic/Demo,84.13,63.28
A3230,29,82.7,8,13.0,61.7,9.64,274,104.5,81,8.8,6,111,Synthetic/Demo,78.23,62.53
A3231,29,83.7,8,13.7,61.0,9.97,271,105.2,81,8.8,6,117,Synthetic/Demo,79.76,63.2
A3232,30,84.8,8,13.3,64.2,9.68,270,106.9,82,8.7,6,113,Synthetic/Demo,75.33,63.18
A3233,30,83.5,8,12.9,62.1,9.88,267,103.7,81,8.9,6,112,Synthetic/Demo,76.93,62.96
A3234,19,50.4,1,4.9,31.1,7.18,187,61.6,54,5.5,3,71,Synthetic/Demo,25.75,31.14
A3235,29,84.1,8,13.1,61.1,9.92,270,103.6,80,9.0,6,113,Synthetic/Demo,76.09,63.28
A3236,19,53.1,1,4.6,32.5,7.05,183,61.5,55,5.7,3,73,Synthetic/Demo,20.73,30.67
A3237,18,53.0,1,5.3,30.4,6.92,178,60.0,55,5.9,3,69,Synthetic/Demo,23.12,31.67
A3238,19,51.9,1,4.2,32.3,7.22,180,61.6,55,5.6,3,72,Synthetic/Demo,16.62,30.98
A3239,19,52.2,1,4.8,33.9,7.17,183,62.9,54,5.7,3,72,Synthetic/Demo,23.07,32.44
A3240,30,84.9,8,12.9,64.9,9.99,271,105.7,80,8.8,6,113,Synthetic/Demo,85.27,64.07
A3241,18,53.0,1,4.3,33.9,7.13,182,61.8,54,5.6,3,73,Synthetic/Demo,21.02,31.64
A3242,18,50.2,1,4.8,31.0,7.22,183,61.0,55,5.8,3,72,Synthetic/Demo,29.09,31.84
A3243,19,53.1,1,4.6,31.0,6.98,179,61.5,54,5.8,3,73,Synthetic/Demo,14.55,30.6
A3244,29,85.0,8,13.4,61.5,9.96,269,104.8,81,8.9,6,111,Synthetic/Demo,84.43,63.92
A3245,19,50.9,1,5.2,31.2,6.98,178,61.2,55,5.7,3,70,Synthetic/Demo,20.19,31.65
A3246,30,82.0,8,13.5,64.3,9.71,266,106.4,81,8.9,6,114,Synthetic/Demo,84.88,64.44
A3247,29,81.2,8,12.6,64.6,9.89,265,106.0,80,8.9,6,111,Synthetic/Demo,83.51,65.23
A3248,29,82.2,8,12.7,63.5,9.82,274,104.1,81,8.7,6,115,Synthetic/Demo,77.09,62.56
A3249,29,84.0,8,12.8,62.3,9.83,275,102.6,79,8.8,6,115,Synthetic/Demo,79.24,62.23
A3250,30,82.8,8,13.8,64.0,9.78,270,103.8,79,8.8,6,117,Synthetic/Demo,76.37,63.75
A3251,19,51.6,1,5.0,33.6,7.0,179,64.6,55,5.8,3,73,Synthetic/Demo,24.61,32.61
A3252,30,84.9,8,13.7,61.7,9.69,274,103.9,82,8.9,6,113,Synthetic/Demo,80.54,62.21
A3253,29,81.5,8,12.9,64.1,9.74,273,103.9,81,8.8,6,113,Synthetic/Demo,81.84,63.34
A3254,19,50.4,1,4.3,31.8,7.2,187,60.2,54,5.8,3,70,Synthetic/Demo,22.67,31.18
A3255,18,51.5,1,4.5,33.9,7.19,181,63.8,55,5.8,3,71,Synthetic/Demo,23.75,33.11
A3256,19,53.2,1,4.2,32.8,6.94,182,63.1,53,5.9,3,71,Synthetic/Demo,20.67,31.5
A3257,19,52.7,1,4.4,33.2,6.96,178,62.6,56,5.7,3,68,Synthetic/Demo,18.15,31.57
A3258,29,82.4,8,13.1,60.9,9.67,270,102.0,80,8.9,6,116,Synthetic/Demo,75.69,61.88
A3259,19,54.1,1,4.1,30.8,7.04,183,61.6,54,5.8,3,71,Synthetic/Demo,22.09,30.09
A3260,29,83.8,8,13.5,64.2,9.66,267,107.4,81,8.6,6,113,Synthetic/Demo,86.39,64.21
A3261,30,81.3,8,12.9,62.6,9.82,274,102.0,81,8.8,6,114,Synthetic/Demo,77.96,62.04
A3262,30,83.1,8,13.7,61.8,9.66,271,105.9,79,8.8,6,115,Synthetic/Demo,80.62,63.19
A3263,18,50.1,1,4.3,31.7,6.99,189,59.4,54,5.6,3,74,Synthetic/Demo,14.76,29.86
A3264,19,52.8,1,4.1,33.5,7.05,180,62.1,53,5.7,3,74,Synthetic/Demo,23.98,31.12
A3265,18,50.9,1,4.7,33.2,6.91,182,63.6,53,5.7,3,69,Synthetic/Demo,23.2,32.86
A3266,19,53.0,1,4.9,33.4,7.02,188,61.3,55,5.6,3,68,Synthetic/Demo,26.47,31.42
A3267,18,51.3,1,4.6,31.4,6.97,184,61.4,55,5.8,3,69,Synthetic/Demo,16.68,31.42
A3268,29,81.3,8,13.4,64.0,9.85,268,106.8,81,8.8,6,114,Synthetic/Demo,81.51,64.9
A3269,19,51.4,1,4.6,33.3,6.97,183,62.2,56,5.7,3,70,Synthetic/Demo,21.23,31.35
A3270,19,52.7,1,5.0,31.6,7.22,178,61.1,55,5.7,3,71,Synthetic/Demo,23.61,31.78
A3271,29,84.1,8,12.8,61.6,9.94,266,104.2,79,9.0,6,116,Synthetic/Demo,79.66,63.35
A3272,30,84.2,8,12.9,63.1,9.87,266,104.1,79,8.8,6,116,Synthetic/Demo,78.13,62.99
A3273,18,53.4,1,4.9,30.9,7.27,180,62.4,56,5.8,3,70,Synthetic/Demo,24.24,32.14
A3274,18,51.0,1,4.4,32.1,7.25,179,63.2,54,5.6,3,72,Synthetic/Demo,23.61,32.34
A3275,29,81.8,8,12.8,61.6,9.73,275,104.3,82,8.7,6,113,Synthetic/Demo,75.11,61.89
A3276,19,51.5,1,4.2,34.1,7.03,185,63.0,56,5.7,3,70,Synthetic/Demo,24.68,31.39
A3277,29,84.3,8,12.9,61.1,9.9,265,101.8,82,9.0,6,113,Synthetic/Demo,82.78,62.52
A3278,19,53.2,1,4.3,33.4,7.05,183,60.5,56,5.9,3,70,Synthetic/Demo,20.61,31.02
A3279,29,84.1,8,12.9,62.9,9.66,266,102.7,79,8.9,6,113,Synthetic/Demo,79.72,63.12
A3280,18,54.1,1,4.5,32.8,7.04,181,61.5,54,5.8,3,69,Synthetic/Demo,22.41,31.99
A3281,19,51.5,1,5.0,32.4,7.18,189,63.0,56,5.7,3,73,Synthetic/Demo,18.62,31.34
A3282,29,81.6,8,13.4,63.1,9.8,264,105.2,82,8.7,6,115,Synthetic/Demo,81.6,63.81
A3283,19,53.7,1,4.9,30.5,7.26,188,60.6,55,5.7,3,70,Synthetic/Demo,13.43,30.68
A3284,30,83.6,8,12.9,63.2,9.81,274,102.7,80,9.0,6,111,Synthetic/Demo,82.35,63.02
A3285,19,50.4,1,5.3,30.8,7.02,189,62.2,56,5.8,3,72,Synthetic/Demo,15.28,30.99
A3286,19,50.5,1,4.4,30.5,6.98,187,60.3,56,5.8,3,70,Synthetic/Demo,22.19,29.86
A3287,18,53.1,1,4.3,32.2,7.23,188,61.8,53,5.5,3,69,Synthetic/Demo,18.98,31.54
A3288,29,84.0,8,12.7,63.9,9.86,269,104.4,80,8.7,6,114,Synthetic/Demo,79.84,63.27
A3289,29,82.4,8,12.8,63.3,9.65,274,104.3,80,8.7,6,111,Synthetic/Demo,77.0,62.94
A3290,30,85.0,8,13.1,62.9,9.9,269,104.3,80,8.7,6,114,Synthetic/Demo,79.9,62.86
A3291,19,51.4,1,4.9,31.1,7.03,182,61.0,56,5.9,3,74,Synthetic/Demo,24.12,30.64
A3292,18,51.6,1,4.3,34.4,7.1,180,63.5,56,5.7,3,70,Synthetic/Demo,14.52,32.6
A3293,18,52.2,1,4.7,33.5,7.25,178,62.0,55,5.7,3,69,Synthetic/Demo,26.62,33.17
A3294,19,51.6,1,4.7,31.0,6.96,185,60.5,55,5.8,3,70,Synthetic/Demo,19.8,30.5
A3295,30,81.9,8,13.1,64.8,9.82,269,107.3,80,8.7,6,115,Synthetic/Demo,78.75,64.22
A3296,30,81.2,8,12.6,64.7,9.8,264,107.2,81,8.8,6,113,Synthetic/Demo,78.72,64.26
A3297,29,83.1,8,12.7,64.9,9.67,274,103.5,82,8.7,6,112,Synthetic/Demo,84.33,62.62
A3298,29,83.0,8,13.1,61.2,9.83,271,103.7,81,8.8,6,113,Synthetic/Demo,76.28,62.65
A3299,19,51.0,1,4.9,32.1,7.12,180,61.5,55,5.8,3,73,Synthetic/Demo,17.8,31.68
A3300,19,52.8,1,4.4,32.5,7.01,179,62.8,54,5.6,3,71,Synthetic/Demo,23.86,31.24
A3301,19,52.9,1,5.3,34.3,6.97,182,62.2,55,5.8,3,69,Synthetic/Demo,23.82,32.79
A3302,18,52.9,1,5.1,31.2,7.2,185,62.5,53,5.7,3,69,Synthetic/Demo,18.67,32.64
A3303,19,50.1,1,4.6,32.3,7.28,183,60.2,53,5.8,3,71,Synthetic/Demo,21.83,32.22
A3304,18,53.9,1,5.0,31.2,6.97,179,61.8,54,5.7,3,73,Synthetic/Demo,17.23,31.25
A3305,19,51.5,1,4.6,32.6,6.94,187,62.0,55,5.8,3,69,Synthetic/Demo,23.07,31.25
A3306,19,53.2,1,4.2,34.1,7.19,181,62.0,55,5.9,3,72,Synthetic/Demo,24.95,31.87
A3307,30,82.6,8,12.8,62.4,9.74,275,101.3,81,8.9,6,115,Synthetic/Demo,79.36,61.3
A3308,30,82.9,8,12.7,64.1,9.78,263,106.2,79,8.8,6,113,Synthetic/Demo,82.73,64.13
A3309,18,51.7,1,5.2,33.5,7.1,185,61.1,55,5.5,3,68,Synthetic/Demo,27.03,32.55
A3310,29,83.9,8,13.3,63.4,9.78,265,103.4,79,8.8,6,114,Synthetic/Demo,81.22,63.94
A3311,29,84.2,8,12.7,61.2,9.84,270,103.6,79,8.8,6,111,Synthetic/Demo,75.23,62.83
A3312,19,53.3,1,4.9,32.7,7.28,185,63.7,53,5.5,3,73,Synthetic/Demo,23.64,32.02
A3313,18,50.4,1,5.1,33.2,7.03,184,62.8,54,5.7,3,74,Synthetic/Demo,27.98,32.45
A3314,19,51.7,1,4.5,33.7,7.03,181,60.3,54,5.5,3,68,Synthetic/Demo,17.46,31.58
A3315,19,50.4,1,4.7,33.0,7.07,184,60.2,53,5.7,3,71,Synthetic/Demo,19.44,31.75
A3316,29,81.6,8,13.7,62.0,9.82,265,104.8,81,8.6,6,111,Synthetic/Demo,82.66,64.26
A3317,30,83.1,8,12.7,64.9,9.8,272,106.7,81,9.0,6,117,Synthetic/Demo,81.2,63.34
A3318,18,53.0,1,4.5,30.5,7.03,186,61.4,54,5.5,3,71,Synthetic/Demo,15.29,30.2
A3319,29,81.7,8,12.6,63.5,9.83,270,104.4,81,8.6,6,117,Synthetic/Demo,82.78,62.4
A3320,29,81.0,8,12.7,61.6,9.89,272,103.1,80,8.8,6,112,Synthetic/Demo,85.73,62.98
A3321,30,82.4,8,13.3,61.3,9.71,268,101.8,79,8.9,6,111,Synthetic/Demo,79.7,62.91
A3322,19,52.8,1,4.8,32.6,7.14,184,61.8,54,5.8,3,70,Synthetic/Demo,18.68,31.99
A3323,19,52.5,1,5.1,31.0,7.18,186,60.7,54,5.6,3,72,Synthetic/Demo,15.6,30.92
A3324,29,83.6,8,13.2,61.0,9.72,268,104.5,80,8.7,6,116,Synthetic/Demo,79.76,62.27
A3325,19,50.9,1,5.2,33.3,7.26,189,63.4,53,5.5,3,70,Synthetic/Demo,26.07,32.94
A3326,29,84.0,8,13.2,61.6,9.72,273,102.9,81,9.0,6,115,Synthetic/Demo,80.17,62.23
A3327,19,50.3,1,4.5,32.0,7.05,184,60.7,56,5.7,3,71,Synthetic/Demo,19.34,30.64
A3328,19,51.5,1,4.2,34.2,6.95,182,61.8,56,5.9,3,70,Synthetic/Demo,18.75,31.5
A3329,29,85.0,8,13.4,61.2,9.88,264,104.9,79,8.7,6,114,Synthetic/Demo,77.69,63.58
A3330,19,52.4,1,4.8,31.4,7.1,185,62.7,55,5.6,3,70,Synthetic/Demo,22.77,31.11
A3331,29,81.8,8,12.9,64.9,9.83,266,105.0,79,8.9,6,112,Synthetic/Demo,85.0,65.2
A3332,29,83.6,8,13.8,63.0,9.95,266,104.4,80,9.0,6,116,Synthetic/Demo,78.37,64.79
A3333,30,83.6,8,12.6,62.0,9.95,270,102.7,80,8.6,6,116,Synthetic/Demo,83.48,61.51
A3334,30,83.2,8,12.8,61.4,9.83,275,102.9,79,8.9,6,112,Synthetic/Demo,80.12,62.28
A3335,19,51.2,1,4.8,31.3,7.21,185,61.0,55,5.8,3,71,Synthetic/Demo,24.66,31.38
A3336,18,52.6,1,4.9,30.6,7.21,179,60.1,56,5.6,3,72,Synthetic/Demo,16.12,30.95
A3337,19,50.9,1,4.3,34.1,7.25,179,65.7,56,5.9,3,73,Synthetic/Demo,19.33,33.0
A3338,18,50.3,1,4.8,33.7,7.27,186,64.2,56,5.6,3,71,Synthetic/Demo,22.25,32.95
A3339,19,50.1,1,4.5,31.1,6.97,179,59.7,54,5.8,3,72,Synthetic/Demo,20.4,30.7
A3340,19,54.1,1,4.2,33.8,7.04,187,61.6,56,5.8,3,71,Synthetic/Demo,25.33,30.56
A3341,19,53.1,1,4.2,30.9,7.23,179,61.6,53,5.7,3,71,Synthetic/Demo,22.17,31.14
A3342,29,82.7,8,12.7,61.0,9.97,264,104.3,79,8.8,6,116,Synthetic/Demo,79.13,63.11
A3343,18,54.2,1,4.8,33.3,6.92,186,62.1,54,5.5,3,71,Synthetic/Demo,17.07,31.17
A3344,18,54.0,1,5.0,32.5,7.05,187,61.0,55,5.8,3,70,Synthetic/Demo,24.32,31.62
A3345,19,53.2,1,4.9,33.9,6.95,188,63.1,54,5.7,3,74,Synthetic/Demo,18.18,31.28
A3346,29,83.3,8,13.4,63.4,9.85,265,106.3,80,8.8,6,113,Synthetic/Demo,87.46,64.84
A3347,29,81.1,8,13.3,62.6,9.86,266,104.9,82,8.8,6,112,Synthetic/Demo,80.46,64.18
A3348,29,82.1,8,13.8,64.1,9.86,271,105.9,81,8.9,6,112,Synthetic/Demo,87.92,65.35
A3349,19,52.5,1,4.6,30.5,7.05,188,60.0,56,5.6,3,69,Synthetic/Demo,19.99,29.64
A3350,19,52.5,1,5.2,32.4,7.06,188,62.1,54,5.8,3,74,Synthetic/Demo,20.68,31.42
A3351,29,82.3,8,13.6,61.5,9.67,267,101.7,80,8.9,6,115,Synthetic/Demo,77.81,62.88
A3352,30,84.9,8,12.9,61.9,9.73,267,102.6,80,8.9,6,116,Synthetic/Demo,77.82,61.71
A3353,29,82.3,8,13.0,61.6,9.76,270,102.9,79,8.6,6,114,Synthetic/Demo,79.82,62.43
A3354,18,52.5,1,4.9,34.0,6.93,183,62.1,53,5.6,3,70,Synthetic/Demo,21.63,32.49
A3355,30,82.1,8,13.1,61.0,9.69,269,101.6,82,8.7,6,115,Synthetic/Demo,75.77,60.95
A3356,29,82.2,8,12.9,64.3,9.83,267,104.0,80,8.9,6,117,Synthetic/Demo,80.65,63.74
A3357,19,52.3,1,4.4,34.4,7.05,183,62.5,56,5.5,3,72,Synthetic/Demo,21.16,31.04
A3358,19,52.1,1,4.7,33.1,7.26,180,63.9,54,5.7,3,72,Synthetic/Demo,16.51,32.7
A3359,18,52.2,1,4.5,32.1,7.03,188,60.1,55,5.6,3,73,Synthetic/Demo,19.93,30.15
A3360,29,84.6,8,12.6,63.9,9.96,274,105.8,79,9.0,6,112,Synthetic/Demo,78.36,64.32
A3361,29,83.5,8,13.6,61.0,9.98,274,104.1,80,8.8,6,116,Synthetic/Demo,76.92,63.09
A3362,18,52.6,1,4.4,33.0,6.91,180,62.4,55,5.5,3,69,Synthetic/Demo,14.85,31.36
A3363,29,83.7,8,13.5,63.2,9.82,273,105.5,81,8.8,6,113,Synthetic/Demo,75.96,63.88
A3364,29,83.9,8,12.8,62.4,9.94,273,103.8,79,8.9,6,112,Synthetic/Demo,75.95,63.54
A3365,30,82.1,8,13.1,63.7,9.66,268,107.2,80,8.8,6,113,Synthetic/Demo,79.12,63.9
A3366,19,50.8,1,4.3,32.1,7.08,187,60.3,55,5.6,3,72,Synthetic/Demo,24.51,30.1
A3367,30,83.5,8,12.9,60.9,9.8,273,103.1,80,8.6,6,117,Synthetic/Demo,76.05,60.82
A3368,18,51.8,1,5.1,32.4,6.98,184,62.7,55,5.7,3,68,Synthetic/Demo,21.72,32.47
A3369,18,52.6,1,4.5,31.2,6.98,186,59.3,56,5.8,3,71,Synthetic/Demo,19.24,30.04
A3370,29,84.7,8,12.8,62.1,9.86,267,102.7,82,8.9,6,116,Synthetic/Demo,79.66,62.06
A3371,30,83.1,8,13.7,63.9,9.96,270,106.9,80,8.7,6,115,Synthetic/Demo,83.15,64.58
A3372,19,50.1,1,5.2,33.3,7.25,182,63.9,54,5.6,3,73,Synthetic/Demo,19.9,33.1
A3373,29,81.9,8,13.5,62.3,9.83,273,104.0,81,8.9,6,116,Synthetic/Demo,84.74,63.28
A3374,30,84.4,8,13.6,61.2,9.79,275,104.2,80,8.7,6,112,Synthetic/Demo,84.99,62.48
A3375,29,82.5,8,13.0,64.0,9.89,271,106.1,81,8.6,6,116,Synthetic/Demo,76.15,63.46
A3376,19,53.6,1,5.0,33.5,6.95,181,61.7,53,5.8,3,71,Synthetic/Demo,18.62,32.14
A3377,18,53.5,1,4.7,32.0,7.13,181,62.6,56,5.7,3,71,Synthetic/Demo,20.14,31.6
A3378,29,84.9,8,13.8,62.1,9.81,268,104.0,81,8.9,6,112,Synthetic/Demo,78.54,63.92
A3379,19,54.0,1,4.6,33.8,7.24,189,63.7,53,5.7,3,73,Synthetic/Demo,23.6,31.98
A3380,29,82.4,8,13.1,64.7,9.81,268,107.6,80,8.8,6,114,Synthetic/Demo,80.47,64.95
A3381,18,52.7,1,5.0,32.4,7.25,189,62.8,56,5.9,3,70,Synthetic/Demo,28.42,32.5
A3382,29,84.5,8,12.6,61.2,9.82,264,102.5,81,8.9,6,114,Synthetic/Demo,82.17,62.11
A3383,19,52.9,1,4.5,31.3,7.23,188,62.3,53,5.7,3,70,Synthetic/Demo,20.81,31.35
A3384,30,83.5,8,13.7,61.6,9.68,265,104.4,81,8.7,6,113,Synthetic/Demo,83.49,62.87
A3385,30,83.1,8,12.7,62.3,9.63,274,103.2,80,9.0,6,112,Synthetic/Demo,81.36,62.07
A3386,29,81.5,8,13.5,62.1,9.82,273,105.8,79,8.9,6,113,Synthetic/Demo,79.39,64.45
A3387,29,84.6,8,12.8,64.9,9.91,265,108.3,81,8.8,6,116,Synthetic/Demo,80.59,64.49
A3388,29,84.2,8,13.6,63.5,9.87,268,106.7,79,8.9,6,112,Synthetic/Demo,83.43,65.43
A3389,29,81.3,8,13.0,62.9,9.99,264,105.9,79,8.9,6,115,Synthetic/Demo,84.92,64.97
A3390,19,52.0,1,4.9,30.7,7.24,188,60.4,55,5.6,3,70,Synthetic/Demo,20.12,30.73
A3391,19,52.8,1,5.0,30.5,6.97,184,60.5,56,5.8,3,73,Synthetic/Demo,14.21,29.92
A3392,30,83.9,8,13.3,64.5,9.93,273,107.1,82,8.6,6,115,Synthetic/Demo,79.9,63.45
A3393,19,53.6,1,4.9,31.0,7.14,186,61.2,55,5.6,3,69,Synthetic/Demo,19.68,30.78
A3394,30,82.1,8,12.9,63.3,9.83,270,106.4,80,8.9,6,116,Synthetic/Demo,80.78,63.45
A3395,19,53.8,1,4.2,33.7,6.97,188,63.4,54,5.7,3,73,Synthetic/Demo,25.83,30.66
A3396,29,81.9,8,13.6,63.2,9.98,267,107.9,79,8.9,6,113,Synthetic/Demo,79.8,66.1
A3397,30,85.0,8,12.7,63.0,9.92,265,105.6,80,9.0,6,116,Synthetic/Demo,82.83,63.28
A3398,19,53.9,1,5.1,31.4,7.18,184,61.0,56,5.9,3,73,Synthetic/Demo,25.45,31.0
A3399,19,51.3,1,4.5,34.0,6.99,188,61.3,56,5.8,3,72,Synthetic/Demo,26.94,30.94
A3400,30,84.4,8,12.7,63.8,9.73,275,104.1,80,8.9,6,112,Synthetic/Demo,78.24,62.62
A3401,19,51.9,1,5.0,31.5,7.18,189,60.6,54,5.8,3,74,Synthetic/Demo,21.68,30.92
A3402,30,84.3,8,13.5,61.2,9.83,266,104.1,81,8.6,6,116,Synthetic/Demo,81.75,62.08
A3403,30,85.2,8,12.6,61.7,9.64,264,102.3,82,8.8,6,115,Synthetic/Demo,78.28,60.74
A3404,30,84.0,8,13.5,63.5,9.95,263,106.7,80,8.7,6,112,Synthetic/Demo,83.25,64.9
A3405,29,82.8,8,13.0,62.8,9.81,268,104.2,81,8.8,6,112,Synthetic/Demo,81.62,63.51
A3406,18,52.6,1,4.8,34.5,7.02,178,64.0,54,5.9,3,70,Synthetic/Demo,15.79,33.78
A3407,19,50.0,1,5.0,33.0,6.99,178,61.4,55,5.9,3,71,Synthetic/Demo,23.82,32.46
A3408,29,81.6,8,13.3,62.3,9.7,265,102.9,81,9.0,6,113,Synthetic/Demo,80.56,63.65
A3409,19,51.4,1,4.2,31.3,6.94,188,59.4,56,5.8,3,70,Synthetic/Demo,16.56,29.45
A3410,19,51.4,1,4.5,30.9,6.98,186,60.9,55,5.9,3,69,Synthetic/Demo,24.81,30.68
A3411,29,85.1,8,13.1,63.1,9.67,270,104.6,82,8.8,6,112,Synthetic/Demo,77.8,62.78
A3412,18,52.7,1,4.5,32.0,7.04,181,61.2,55,5.9,3,73,Synthetic/Demo,18.82,31.25
A3413,18,51.9,1,4.6,30.3,7.17,178,61.8,53,5.5,3,73,Synthetic/Demo,25.88,31.25
A3414,19,52.7,1,4.1,31.5,6.94,180,60.8,53,5.5,3,73,Synthetic/Demo,15.6,29.69
A3415,29,83.1,8,13.4,61.0,9.99,264,106.2,81,8.9,6,114,Synthetic/Demo,80.23,64.27
A3416,30,85.0,8,13.3,62.4,9.67,266,103.8,81,8.6,6,112,Synthetic/Demo,79.3,62.29
A3417,30,81.6,8,13.0,61.2,9.92,267,104.6,79,8.9,6,117,Synthetic/Demo,82.68,63.01
A3418,19,51.1,1,5.1,32.4,7.14,190,63.1,56,5.9,3,74,Synthetic/Demo,21.98,31.56
A3419,18,53.1,1,4.1,31.1,7.0,183,59.4,55,5.6,3,72,Synthetic/Demo,13.55,29.5
A3420,29,82.5,8,12.7,60.9,9.92,272,103.5,82,8.6,6,117,Synthetic/Demo,76.3,61.21
A3421,29,84.3,8,13.4,61.1,9.63,265,104.6,82,8.8,6,117,Synthetic/Demo,77.41,62.0
A3422,29,82.7,8,13.2,61.6,9.76,267,104.4,80,8.6,6,115,Synthetic/Demo,79.29,62.72
A3423,29,84.5,8,12.7,64.1,9.85,270,103.8,80,8.9,6,112,Synthetic/Demo,81.92,63.68
A3424,29,85.2,8,13.3,64.2,9.72,264,106.4,81,8.7,6,117,Synthetic/Demo,83.2,63.54
A3425,18,52.4,1,5.1,30.4,7.23,178,62.4,56,5.6,3,69,Synthetic/Demo,16.11,32.13
A3426,19,51.4,1,4.8,32.4,6.93,184,59.6,56,5.8,3,69,Synthetic/Demo,22.66,30.85
A3427,19,50.5,1,5.0,33.2,7.05,184,62.7,54,5.6,3,74,Synthetic/Demo,22.22,31.77
A3428,30,85.2,8,12.8,62.0,9.79,269,104.3,80,8.8,6,112,Synthetic/Demo,83.53,62.38
A3429,29,82.9,8,12.7,61.6,9.68,268,103.9,81,8.7,6,113,Synthetic/Demo,79.45,62.06
A3430,29,83.1,8,13.2,63.8,9.7,264,105.1,79,8.9,6,113,Synthetic/Demo,85.0,64.61
A3431,29,82.3,8,12.8,64.9,9.73,272,105.4,81,8.8,6,117,Synthetic/Demo,81.92,63.18
A3432,19,51.9,1,4.8,33.9,7.22,180,61.5,56,5.8,3,73,Synthetic/Demo,26.6,32.12
A3433,18,51.7,1,4.3,31.6,7.1,181,61.8,56,5.8,3,71,Synthetic/Demo,21.33,31.23
A3434,29,81.9,8,13.6,62.3,9.96,267,104.7,82,8.7,6,113,Synthetic/Demo,81.52,64.11
A3435,29,84.1,8,13.2,64.4,9.7,264,106.3,79,8.6,6,114,Synthetic/Demo,88.76,64.26
A3436,18,50.7,1,4.7,30.5,6.94,189,58.6,54,5.5,3,72,Synthetic/Demo,19.63,29.59
A3437,18,51.5,1,4.7,33.6,7.25,181,63.7,54,5.7,3,70,Synthetic/Demo,24.81,33.53
A3438,29,84.5,8,12.7,63.4,9.7,272,104.3,80,8.9,6,116,Synthetic/Demo,75.41,62.46
A3439,19,50.1,1,4.7,34.3,7.12,187,62.7,54,5.8,3,70,Synthetic/Demo,18.24,32.81
A3440,18,51.2,1,5.3,31.7,7.12,182,59.1,56,5.6,3,74,Synthetic/Demo,21.28,31.03
A3441,18,52.8,1,4.4,32.8,7.15,178,61.1,54,5.5,3,72,Synthetic/Demo,21.14,31.52
A3442,29,81.8,8,12.6,63.4,9.89,275,104.7,79,8.8,6,115,Synthetic/Demo,77.94,63.31
A3443,19,51.3,1,4.2,31.4,7.11,181,59.6,53,5.8,3,72,Synthetic/Demo,19.48,30.75
A3444,19,52.1,1,4.8,32.3,6.95,188,61.0,55,5.6,3,72,Synthetic/Demo,23.93,30.25
A3445,18,51.8,1,4.9,33.5,6.97,184,61.6,55,5.9,3,73,Synthetic/Demo,23.23,32.02
A3446,29,84.8,8,13.2,61.4,9.78,275,104.6,79,8.7,6,114,Synthetic/Demo,75.59,62.47
A3447,18,54.0,1,4.7,33.8,7.14,189,60.8,56,5.7,3,71,Synthetic/Demo,20.42,31.31
A3448,29,83.0,8,13.8,65.0,9.76,272,106.2,79,9.0,6,117,Synthetic/Demo,80.84,65.14
A3449,30,84.5,8,12.8,64.1,9.71,265,104.6,81,8.8,6,114,Synthetic/Demo,79.41,62.82
A3450,30,82.6,8,13.4,64.1,9.92,272,107.4,79,8.8,6,116,Synthetic/Demo,81.64,64.52
A3451,18,52.0,1,4.6,31.8,6.94,180,61.4,54,5.9,3,69,Synthetic/Demo,18.62,32.0
A3452,30,84.5,8,12.9,62.8,9.77,272,105.0,81,8.9,6,113,Synthetic/Demo,76.09,62.59
A3453,29,81.3,8,13.4,61.2,9.64,264,103.1,80,8.6,6,112,Synthetic/Demo,78.75,63.02
A3454,30,83.5,8,13.5,61.1,9.91,267,104.4,79,8.7,6,116,Synthetic/Demo,78.99,62.95
A3455,18,51.9,1,5.2,30.5,7.25,187,61.4,55,5.6,3,73,Synthetic/Demo,11.65,31.26
A3456,29,81.0,8,13.5,60.8,9.66,264,103.6,82,8.8,6,113,Synthetic/Demo,85.54,62.97
A3457,29,85.2,8,12.8,63.7,9.68,265,105.3,81,8.7,6,116,Synthetic/Demo,83.42,62.61
A3458,19,54.2,1,5.1,32.0,7.12,179,62.8,55,5.6,3,70,Synthetic/Demo,20.8,31.81
A3459,19,51.1,1,4.7,32.4,7.05,186,63.2,55,5.5,3,70,Synthetic/Demo,20.41,31.27
A3460,30,81.8,8,13.2,64.9,9.72,265,106.9,82,9.0,6,112,Synthetic/Demo,79.32,64.81
A3461,18,50.9,1,4.8,31.4,6.97,188,60.7,55,5.8,3,71,Synthetic/Demo,24.05,31.0
A3462,19,52.1,1,4.9,31.8,7.16,188,60.9,56,5.7,3,73,Synthetic/Demo,25.73,30.52
A3463,19,53.3,1,5.2,31.1,7.27,185,62.6,54,5.5,3,71,Synthetic/Demo,21.98,31.6
A3464,18,52.2,1,5.2,33.2,7.0,179,61.2,53,5.7,3,69,Synthetic/Demo,25.21,33.12
A3465,29,84.1,8,13.1,64.7,9.86,274,105.1,81,8.9,6,112,Synthetic/Demo,82.21,64.2
A3466,29,82.0,8,13.8,61.3,9.72,267,104.6,79,8.9,6,113,Synthetic/Demo,76.91,64.28
A3467,29,82.9,8,13.6,62.1,9.87,268,106.1,81,8.7,6,113,Synthetic/Demo,80.42,64.1
A3468,29,81.6,8,12.6,64.4,9.81,272,104.6,81,8.8,6,117,Synthetic/Demo,80.4,62.94
A3469,19,51.6,1,5.1,30.7,6.96,186,61.0,56,5.7,3,69,Synthetic/Demo,17.84,30.62
A3470,30,81.3,8,13.3,62.4,9.66,274,103.3,82,9.0,6,115,Synthetic/Demo,78.39,62.24
A3471,30,85.1,8,13.0,63.4,9.66,270,106.6,79,8.8,6,114,Synthetic/Demo,80.26,63.08
A3472,29,85.2,8,13.6,63.2,9.85,270,106.5,80,8.7,6,112,Synthetic/Demo,82.03,64.41
A3473,19,53.8,1,4.5,31.3,7.11,189,60.9,54,5.7,3,70,Synthetic/Demo,19.14,30.35
A3474,19,53.1,1,4.3,33.6,7.07,181,62.9,54,5.6,3,69,Synthetic/Demo,17.97,31.81
A3475,30,81.5,8,13.5,63.9,9.85,273,105.3,81,8.9,6,112,Synthetic/Demo,79.9,64.36
A3476,19,51.0,1,4.6,30.8,6.99,184,59.7,56,5.5,3,74,Synthetic/Demo,13.92,29.1
A3477,18,52.2,1,4.2,30.9,7.01,182,60.8,55,5.6,3,70,Synthetic/Demo,21.1,30.32
A3478,29,83.7,8,13.5,62.3,9.86,273,105.6,80,8.8,6,113,Synthetic/Demo,74.79,63.9
A3479,18,52.5,1,5.1,33.2,7.17,184,63.5,56,5.7,3,71,Synthetic/Demo,26.06,32.67
A3480,18,50.3,1,5.0,31.3,6.94,186,59.7,55,5.8,3,71,Synthetic/Demo,23.18,31.1
A3481,30,82.4,8,12.7,64.6,9.73,267,105.7,81,8.6,6,113,Synthetic/Demo,79.78,63.14
A3482,30,81.6,8,13.3,61.2,9.97,269,105.2,79,8.8,6,113,Synthetic/Demo,73.18,63.85
A3483,18,54.0,1,5.2,31.8,7.01,184,62.6,53,5.7,3,74,Synthetic/Demo,19.91,31.67
A3484,19,50.0,1,4.8,34.0,7.27,184,64.5,54,5.7,3,71,Synthetic/Demo,23.3,33.46
A3485,18,51.1,1,4.8,32.4,7.27,188,62.6,55,5.9,3,72,Synthetic/Demo,18.65,32.52
A3486,29,82.3,8,13.3,64.7,9.78,269,107.5,82,8.9,6,117,Synthetic/Demo,81.01,64.34
A3487,29,81.8,8,12.8,64.1,9.96,270,106.7,81,8.6,6,116,Synthetic/Demo,86.11,63.76
A3488,29,85.0,8,12.7,61.2,9.96,273,103.6,81,8.8,6,116,Synthetic/Demo,80.62,61.72
A3489,29,81.5,8,12.8,60.9,9.9,267,102.4,79,8.6,6,111,Synthetic/Demo,75.96,62.96
A3490,29,81.2,8,13.6,61.4,9.83,269,104.7,81,8.9,6,113,Synthetic/Demo,76.01,63.99
A3491,29,84.8,8,12.6,62.2,9.97,265,104.3,79,8.8,6,114,Synthetic/Demo,79.42,63.35
A3492,29,84.0,8,13.5,61.8,9.95,272,105.9,80,8.8,6,112,Synthetic/Demo,80.85,64.18
A3493,29,82.8,8,12.7,62.4,9.94,273,103.3,81,8.8,6,112,Synthetic/Demo,80.85,62.9
A3494,19,52.9,1,5.2,34.2,7.24,187,62.6,55,5.8,3,71,Synthetic/Demo,21.77,32.83
A3495,30,84.2,8,13.5,64.0,9.8,274,103.6,81,8.7,6,117,Synthetic/Demo,82.24,62.42
A3496,19,52.9,1,4.4,33.5,7.18,186,63.5,55,5.7,3,72,Synthetic/Demo,27.18,31.55
A3497,29,83.9,8,12.8,62.8,9.79,274,105.3,82,8.9,6,116,Synthetic/Demo,81.86,62.34
A3498,18,51.4,1,4.9,34.0,7.24,179,65.7,54,5.6,3,71,Synthetic/Demo,24.12,34.08
A3499,30,85.1,8,13.4,61.3,9.85,273,106.2,79,8.7,6,116,Synthetic/Demo,79.69,62.54
A3500,29,85.2,8,12.9,61.2,9.66,273,104.3,81,8.8,6,113,Synthetic/Demo,76.83,61.69
A3501,19,51.5,1,4.3,30.6,7.07,181,60.8,56,5.8,3,73,Synthetic/Demo,22.15,29.93
A3502,19,50.6,1,4.6,32.3,7.06,187,60.9,55,5.8,3,69,Synthetic/Demo,17.96,31.35
A3503,18,50.5,1,4.5,31.2,6.92,185,59.5,53,5.6,3,74,Synthetic/Demo,17.87,30.13
A3504,29,81.3,8,13.3,64.7,9.67,268,105.7,81,8.9,6,116,Synthetic/Demo,81.88,64.23
A3505,29,82.9,8,12.7,61.6,9.83,270,104.5,79,9.0,6,114,Synthetic/Demo,77.87,63.23
A3506,29,84.0,8,13.6,64.4,9.94,273,105.6,79,8.9,6,114,Synthetic/Demo,79.01,65.12
A3507,29,83.4,8,13.7,62.1,9.98,270,104.3,81,8.7,6,112,Synthetic/Demo,82.65,64.07
A3508,30,82.8,8,12.8,63.9,9.79,271,105.4,79,8.7,6,112,Synthetic/Demo,80.41,63.52
A3509,18,50.6,1,4.5,32.4,7.26,187,60.8,55,5.6,3,72,Synthetic/Demo,21.72,31.43
A3510,30,84.4,8,13.0,64.7,9.94,274,104.2,81,8.8,6,116,Synthetic/Demo,79.67,62.91
A3511,29,84.1,8,13.4,64.3,9.98,270,106.4,79,8.8,6,115,Synthetic/Demo,86.92,65.01
A3512,18,50.2,1,5.1,33.4,7.07,181,63.8,55,5.9,3,72,Synthetic/Demo,20.32,33.46
A3513,19,54.3,1,4.4,33.1,7.27,178,61.8,55,5.7,3,74,Synthetic/Demo,26.92,31.3
A3514,29,85.0,8,13.0,64.3,9.8,273,104.0,81,8.8,6,112,Synthetic/Demo,75.35,63.34
A3515,19,54.2,1,4.3,34.1,7.03,184,60.9,56,5.8,3,73,Synthetic/Demo,21.56,30.49
A3516,29,82.7,8,13.5,63.9,9.95,273,106.1,82,8.9,6,116,Synthetic/Demo,83.91,64.26
A3517,19,52.0,1,4.3,32.1,7.02,187,60.5,56,5.6,3,72,Synthetic/Demo,15.95,29.61
A3518,29,83.6,8,12.8,61.5,9.8,272,102.6,81,8.7,6,116,Synthetic/Demo,79.14,61.39
A3519,29,83.2,8,13.5,63.5,9.75,271,104.9,81,8.8,6,111,Synthetic/Demo,85.15,64.15
A3520,29,81.8,8,13.1,62.6,9.67,267,104.5,80,9.0,6,116,Synthetic/Demo,73.41,63.42
A3521,29,83.4,8,13.7,61.7,9.85,267,104.9,81,8.8,6,111,Synthetic/Demo,83.0,64.22
A3522,18,53.7,1,4.6,30.9,7.19,184,60.3,55,5.6,3,70,Synthetic/Demo,11.94,30.76
A3523,18,50.1,1,4.7,32.4,7.26,188,63.2,55,5.7,3,73,Synthetic/Demo,18.4,32.17
A3524,18,50.6,1,5.0,34.4,7.18,189,64.9,54,5.8,3,71,Synthetic/Demo,28.3,33.84
A3525,29,81.7,8,12.8,61.7,9.98,270,103.2,79,8.6,6,116,Synthetic/Demo,77.54,62.69
A3526,30,84.1,8,13.7,64.8,9.76,268,105.3,79,8.7,6,114,Synthetic/Demo,79.3,64.37
A3527,29,85.2,8,12.7,60.8,9.83,264,103.0,80,8.9,6,115,Synthetic/Demo,78.18,62.17
A3528,29,83.0,8,13.0,63.7,9.68,271,105.1,80,8.8,6,115,Synthetic/Demo,86.32,63.23
A3529,18,52.8,1,4.6,32.6,7.23,183,62.3,54,5.7,3,73,Synthetic/Demo,15.93,32.0
A3530,19,52.7,1,4.8,32.7,7.03,188,63.9,55,5.9,3,70,Synthetic/Demo,18.04,31.91
A3531,18,51.0,1,5.0,30.3,7.1,186,60.8,56,5.8,3,69,Synthetic/Demo,24.04,31.37
A3532,19,52.3,1,4.5,33.0,7.14,184,62.4,53,5.7,3,69,Synthetic/Demo,26.83,32.2
A3533,30,81.6,8,13.1,64.1,9.74,267,105.8,81,8.6,6,112,Synthetic/Demo,80.93,63.68
A3534,18,50.6,1,4.6,32.5,6.93,182,61.5,53,5.6,3,68,Synthetic/Demo,16.25,32.15
A3535,29,83.0,8,13.5,61.1,9.8,272,104.1,79,8.9,6,114,Synthetic/Demo,86.21,63.41
A3536,19,54.2,1,4.4,32.8,7.21,189,60.3,54,5.6,3,74,Synthetic/Demo,24.45,30.1
A3537,18,51.0,1,4.1,33.8,7.21,186,61.7,56,5.7,3,72,Synthetic/Demo,22.56,31.53
A3538,19,51.5,1,4.9,31.6,7.1,188,61.1,54,5.9,3,69,Synthetic/Demo,17.91,31.75
A3539,19,51.1,1,4.6,31.4,7.26,180,62.2,56,5.9,3,72,Synthetic/Demo,21.14,31.73
A3540,29,82.6,8,13.0,60.8,9.95,266,105.1,80,8.7,6,115,Synthetic/Demo,79.57,63.12
A3541,18,51.7,1,4.7,33.3,7.18,188,62.7,54,5.5,3,73,Synthetic/Demo,22.1,31.81
A3542,19,53.0,1,4.3,31.2,7.1,183,60.0,55,5.8,3,70,Synthetic/Demo,23.26,30.35
A3543,29,81.9,8,13.5,61.1,9.82,273,102.4,82,8.8,6,116,Synthetic/Demo,81.54,62.13
A3544,19,54.1,1,4.6,33.1,6.99,188,63.4,54,5.6,3,71,Synthetic/Demo,17.1,30.99
A3545,19,50.2,1,4.3,31.0,7.11,183,60.1,53,5.9,3,72,Synthetic/Demo,23.21,31.02
A3546,18,53.8,1,4.6,34.3,7.1,184,63.8,54,5.7,3,74,Synthetic/Demo,23.06,32.22
A3547,19,53.8,1,4.4,32.8,6.99,179,61.7,56,5.5,3,73,Synthetic/Demo,21.85,30.05
A3548,30,81.7,8,13.2,61.0,9.7,275,104.2,81,8.7,6,112,Synthetic/Demo,82.59,61.94
A3549,30,81.1,8,12.6,64.6,9.79,265,103.6,80,8.6,6,112,Synthetic/Demo,77.17,63.41
A3550,19,52.4,1,5.1,32.6,6.95,181,60.8,56,5.5,3,71,Synthetic/Demo,20.27,30.78
A3551,19,52.7,1,4.1,32.1,7.08,188,59.8,56,5.9,3,68,Synthetic/Demo,16.98,30.34
A3552,30,82.5,8,13.6,62.6,9.73,272,106.8,81,8.6,6,112,Synthetic/Demo,76.28,63.42
A3553,19,52.4,1,4.8,33.7,6.98,180,61.6,53,5.7,3,71,Synthetic/Demo,22.57,32.12
A3554,19,51.8,1,4.1,33.0,6.98,178,60.8,54,5.9,3,72,Synthetic/Demo,27.47,31.19
A3555,19,53.6,1,4.4,31.2,7.01,178,60.1,55,5.9,3,69,Synthetic/Demo,13.88,30.78
A3556,19,54.2,1,4.5,32.9,7.02,179,62.6,55,5.6,3,69,Synthetic/Demo,20.78,31.35
A3557,19,52.8,1,4.1,32.0,7.0,185,62.6,56,5.7,3,73,Synthetic/Demo,20.66,29.79
A3558,18,53.8,1,4.8,30.6,7.08,184,61.6,53,5.5,3,70,Synthetic/Demo,19.86,31.07
A3559,29,83.9,8,12.8,63.9,9.97,272,105.2,80,8.9,6,113,Synthetic/Demo,81.12,64.13
A3560,30,82.6,8,13.2,64.8,9.75,265,104.3,80,8.7,6,113,Synthetic/Demo,77.93,63.96
A3561,29,81.6,8,12.6,64.4,9.72,273,105.4,80,8.9,6,112,Synthetic/Demo,80.89,63.9
A3562,19,53.0,1,5.3,30.7,7.06,182,61.7,56,5.6,3,69,Synthetic/Demo,18.27,31.11
A3563,19,51.4,1,5.2,31.8,7.04,179,62.3,55,5.8,3,72,Synthetic/Demo,15.06,31.99
A3564,19,52.5,1,4.2,33.2,6.91,188,61.1,55,5.6,3,70,Synthetic/Demo,22.13,30.09
A3565,29,85.2,8,13.7,64.0,9.83,266,106.9,79,8.9,6,111,Synthetic/Demo,86.68,65.76
A3566,29,81.1,8,12.7,64.2,9.81,265,106.6,82,8.8,6,113,Synthetic/Demo,81.66,64.25
A3567,29,84.0,8,13.7,61.7,9.99,274,103.4,81,9.0,6,115,Synthetic/Demo,81.76,63.52
A3568,30,82.1,8,13.6,62.8,9.71,275,105.3,80,8.6,6,116,Synthetic/Demo,83.35,62.64
A3569,18,52.5,1,4.4,31.2,7.05,178,61.1,55,5.9,3,73,Synthetic/Demo,20.36,31.09
A3570,29,81.1,8,13.7,63.6,9.85,269,106.6,79,9.0,6,111,Synthetic/Demo,86.11,66.18
A3571,29,84.8,8,13.2,63.3,9.91,272,104.2,79,8.9,6,114,Synthetic/Demo,80.38,63.91
A3572,19,53.8,1,4.7,33.3,7.27,189,61.7,53,5.7,3,69,Synthetic/Demo,25.65,32.18
A3573,19,52.0,1,4.1,31.9,7.05,185,60.2,56,5.8,3,72,Synthetic/Demo,19.35,29.82
A3574,18,50.9,1,4.7,30.9,6.95,182,60.9,54,5.7,3,69,Synthetic/Demo,19.68,31.41
A3575,18,54.1,1,4.7,30.9,7.1,186,61.4,55,5.8,3,73,Synthetic/Demo,15.61,30.59
A3576,19,53.8,1,4.8,33.7,7.13,184,63.4,56,5.7,3,69,Synthetic/Demo,23.09,32.1
A3577,19,51.1,1,5.3,33.0,7.26,187,64.7,56,5.7,3,73,Synthetic/Demo,20.73,32.6
A3578,29,84.5,8,12.8,64.4,9.89,273,105.5,82,8.7,6,112,Synthetic/Demo,79.04,63.4
A3579,18,51.9,1,4.7,32.4,6.94,182,60.9,56,5.6,3,73,Synthetic/Demo,17.0,30.6
A3580,30,82.4,8,12.8,64.0,9.84,269,107.4,81,8.7,6,116,Synthetic/Demo,78.13,63.29
A3581,29,81.3,8,13.1,63.3,9.78,265,105.3,80,8.8,6,114,Synthetic/Demo,87.65,64.25
A3582,30,81.9,8,13.1,62.1,9.88,270,104.6,81,8.7,6,112,Synthetic/Demo,84.18,63.05
A3583,30,82.9,8,12.6,61.4,9.88,270,102.7,81,8.7,6,115,Synthetic/Demo,83.88,61.33
A3584,29,85.1,8,13.4,62.4,9.93,265,105.2,79,8.9,6,115,Synthetic/Demo,78.49,64.31
A3585,30,84.1,8,13.2,62.7,9.93,271,104.9,81,8.8,6,114,Synthetic/Demo,81.21,63.06
A3586,18,52.3,1,4.2,32.9,7.06,185,62.2,56,5.6,3,71,Synthetic/Demo,15.72,30.88
A3587,18,54.1,1,4.6,31.2,7.24,184,61.6,54,5.8,3,69,Synthetic/Demo,18.57,31.9
A3588,19,51.3,1,4.9,31.7,7.1,188,61.9,56,5.6,3,69,Synthetic/Demo,17.29,31.05
A3589,18,51.2,1,5.3,31.8,7.21,188,61.3,55,5.5,3,74,Synthetic/Demo,24.6,31.41
A3590,30,83.1,8,13.6,63.5,9.82,275,105.4,79,8.9,6,115,Synthetic/Demo,80.5,63.91
A3591,29,82.8,8,13.6,62.1,9.81,269,106.6,79,8.9,6,117,Synthetic/Demo,84.87,64.19
A3592,29,84.1,8,13.0,62.3,9.83,274,104.5,81,8.6,6,112,Synthetic/Demo,81.11,62.55
A3593,29,83.4,8,12.8,64.8,9.68,266,104.9,80,8.9,6,113,Synthetic/Demo,88.03,64.07
A3594,29,85.3,8,13.2,64.8,9.84,269,105.8,81,8.6,6,116,Synthetic/Demo,77.49,63.48
A3595,19,53.9,1,4.1,31.8,7.25,185,59.4,53,5.9,3,70,Synthetic/Demo,23.34,30.95
A3596,30,81.8,8,12.7,63.7,9.91,268,104.7,80,8.7,6,116,Synthetic/Demo,84.12,63.06
A3597,19,53.1,1,4.2,31.5,6.95,187,61.1,53,5.9,3,73,Synthetic/Demo,15.34,30.08
A3598,19,51.0,1,5.3,34.3,7.19,186,62.7,55,5.5,3,72,Synthetic/Demo,26.05,32.54
A3599,18,50.7,1,4.6,33.3,6.99,186,62.6,55,5.6,3,69,Synthetic/Demo,21.44,31.99
A3600,19,53.6,1,4.9,30.3,7.21,184,61.8,56,5.6,3,71,Synthetic/Demo,19.33,30.47
A3601,29,85.1,8,13.4,63.9,9.91,267,105.9,81,8.8,6,117,Synthetic/Demo,80.08,63.93
A3602,19,52.0,1,5.2,32.1,6.96,184,62.1,54,5.8,3,73,Synthetic/Demo,18.73,31.51
A3603,19,50.1,1,4.4,32.8,6.94,184,62.6,54,5.7,3,69,Synthetic/Demo,26.11,31.65
A3604,29,81.7,8,13.7,62.8,9.87,271,104.1,81,8.8,6,115,Synthetic/Demo,81.39,63.9
A3605,19,53.3,1,4.5,30.6,7.26,181,61.7,54,5.9,3,69,Synthetic/Demo,23.04,31.71
A3606,19,53.5,1,4.7,32.5,7.12,182,60.7,56,5.7,3,69,Synthetic/Demo,18.29,31.16
A3607,29,81.9,8,13.0,62.1,9.97,273,105.3,79,8.6,6,117,Synthetic/Demo,77.77,63.08
A3608,19,53.0,1,4.8,32.5,7.08,183,61.0,53,5.7,3,73,Synthetic/Demo,23.94,31.28
A3609,19,52.2,1,4.1,31.3,7.05,189,61.2,55,5.5,3,70,Synthetic/Demo,13.63,29.52
A3610,29,84.0,8,13.5,62.4,9.71,265,104.4,80,8.9,6,113,Synthetic/Demo,79.8,63.92
A3611,19,53.2,1,4.6,31.5,7.08,188,59.3,55,5.8,3,68,Synthetic/Demo,19.02,30.51
A3612,30,84.2,8,13.4,61.4,9.66,274,103.2,80,8.8,6,113,Synthetic/Demo,78.92,61.92
A3613,29,85.1,8,13.1,62.5,9.71,266,103.3,79,8.7,6,117,Synthetic/Demo,79.0,62.39
A3614,19,54.1,1,4.9,33.9,7.12,181,64.2,56,5.7,3,72,Synthetic/Demo,24.07,32.12
A3615,19,50.1,1,4.1,31.6,7.06,186,61.8,54,5.8,3,69,Synthetic/Demo,21.04,31.12
A3616,18,50.6,1,4.5,32.3,7.05,184,60.7,53,5.9,3,70,Synthetic/Demo,22.33,32.23
A3617,30,81.9,8,13.3,63.5,9.82,272,105.6,82,8.9,6,112,Synthetic/Demo,78.44,63.8
A3618,30,81.4,8,13.7,62.6,9.82,274,105.4,80,8.6,6,113,Synthetic/Demo,80.16,63.56
A3619,30,82.7,8,13.6,62.6,9.71,271,104.2,80,8.8,6,115,Synthetic/Demo,84.01,62.99
A3620,18,51.5,1,4.3,33.9,7.04,186,61.9,54,5.8,3,71,Synthetic/Demo,23.24,32.02
A3621,30,83.5,8,12.8,63.1,9.71,264,103.7,81,8.8,6,116,Synthetic/Demo,75.58,62.2
A3622,18,53.0,1,5.0,34.2,7.25,189,63.1,56,5.8,3,69,Synthetic/Demo,24.07,33.12
A3623,18,53.6,1,4.4,34.0,7.03,181,63.2,54,5.7,3,70,Synthetic/Demo,15.63,32.39
A3624,19,50.2,1,4.6,33.9,7.02,180,62.4,55,5.7,3,74,Synthetic/Demo,21.53,31.72
A3625,19,51.0,1,5.0,31.1,7.01,183,61.9,54,5.7,3,73,Synthetic/Demo,25.75,31.08
A3626,29,82.5,8,13.0,60.9,9.65,268,104.3,81,8.8,6,116,Synthetic/Demo,75.37,61.93
A3627,19,50.8,1,4.7,32.9,7.05,179,62.3,56,5.8,3,72,Synthetic/Demo,18.84,31.76
A3628,30,84.9,8,13.4,62.4,9.81,274,103.4,81,8.8,6,111,Synthetic/Demo,82.29,62.67
A3629,30,81.4,8,13.6,63.1,9.76,274,105.5,79,8.8,6,115,Synthetic/Demo,76.51,63.76
A3630,29,83.9,8,12.9,61.6,9.89,275,103.8,81,8.7,6,113,Synthetic/Demo,76.86,62.21
A3631,19,53.0,1,4.8,34.2,6.93,188,61.9,56,5.6,3,68,Synthetic/Demo,22.39,31.28
A3632,29,83.7,8,13.4,62.4,9.75,274,105.1,79,8.8,6,112,Synthetic/Demo,78.43,63.73
A3633,30,83.4,8,13.2,61.6,9.89,273,103.7,81,8.9,6,113,Synthetic/Demo,79.06,62.62
A3634,19,51.8,1,5.1,31.4,7.0,186,60.9,55,5.6,3,71,Synthetic/Demo,21.87,30.67
A3635,18,50.5,1,4.1,30.9,7.2,184,59.8,54,5.5,3,69,Synthetic/Demo,19.66,30.8
A3636,29,82.5,8,12.6,64.2,9.9,275,105.0,82,8.8,6,112,Synthetic/Demo,81.1,63.38
A3637,18,51.9,1,4.5,33.6,7.03,189,62.2,54,5.6,3,73,Synthetic/Demo,19.06,31.29
A3638,30,81.4,8,13.2,64.8,9.95,270,106.7,81,8.8,6,115,Synthetic/Demo,84.07,64.51
A3639,19,53.8,1,4.5,34.1,7.15,189,63.3,53,5.9,3,71,Synthetic/Demo,21.54,32.32
A3640,29,84.8,8,13.2,62.2,9.72,270,104.3,79,8.7,6,114,Synthetic/Demo,81.0,62.84
A3641,29,83.2,8,13.5,63.4,9.94,272,105.2,79,8.6,6,113,Synthetic/Demo,80.46,64.4
A3642,19,53.8,1,4.7,33.5,7.15,178,62.9,56,5.8,3,69,Synthetic/Demo,22.08,32.41
A3643,29,82.3,8,13.2,63.2,9.98,271,104.4,81,8.9,6,112,Synthetic/Demo,78.67,64.39
A3644,29,82.9,8,13.5,64.2,9.74,270,107.0,82,8.9,6,116,Synthetic/Demo,82.12,64.16
A3645,19,52.4,1,4.4,32.3,7.28,188,60.0,56,5.7,3,72,Synthetic/Demo,17.35,30.41
A3646,19,52.3,1,4.5,34.1,7.04,180,62.5,56,5.7,3,70,Synthetic/Demo,18.23,31.82
A3647,29,82.8,8,12.8,61.9,9.78,270,103.7,80,8.7,6,111,Synthetic/Demo,79.67,62.86
A3648,19,50.1,1,4.9,34.1,6.95,182,63.9,53,5.8,3,74,Synthetic/Demo,22.92,32.7
A3649,18,53.0,1,4.5,33.6,7.03,184,61.3,56,5.6,3,70,Synthetic/Demo,22.66,31.27
A3650,29,83.8,8,12.7,65.0,9.71,269,105.6,81,8.9,6,112,Synthetic/Demo,79.78,63.96
A3651,18,53.1,1,5.3,34.2,7.12,181,62.1,54,5.7,3,70,Synthetic/Demo,24.66,33.46
A3652,30,82.4,8,12.8,62.8,9.74,267,104.6,81,8.9,6,111,Synthetic/Demo,81.68,63.22
A3653,29,84.4,8,13.3,62.1,9.71,269,104.4,79,8.6,6,114,Synthetic/Demo,81.03,62.85
A3654,30,82.5,8,12.8,62.5,9.79,265,103.4,80,8.6,6,116,Synthetic/Demo,76.86,62.08
A3655,29,82.1,8,12.9,64.1,9.91,269,105.2,79,8.8,6,115,Synthetic/Demo,82.07,64.34
A3656,29,82.0,8,13.4,61.4,9.82,268,104.5,81,8.9,6,111,Synthetic/Demo,81.62,63.95
A3657,19,53.6,1,4.9,30.6,7.13,188,60.8,54,5.7,3,70,Synthetic/Demo,19.48,30.64
A3658,30,84.2,8,13.1,61.3,9.75,264,103.7,81,8.8,6,114,Synthetic/Demo,73.2,62.18
A3659,19,50.5,1,4.7,31.7,7.2,188,61.5,54,5.9,3,71,Synthetic/Demo,21.03,31.78
A3660,18,53.6,1,5.2,33.8,7.27,179,64.2,54,5.9,3,72,Synthetic/Demo,31.4,34.15
A3661,19,51.4,1,5.0,33.3,7.09,183,63.9,55,5.7,3,70,Synthetic/Demo,21.37,32.63
A3662,19,52.6,1,4.5,32.8,7.12,181,62.7,54,5.5,3,71,Synthetic/Demo,18.78,31.45
A3663,29,83.8,8,13.4,64.5,9.8,266,106.6,79,8.9,6,113,Synthetic/Demo,84.34,65.4
A3664,19,52.9,1,5.3,30.7,7.26,186,62.0,54,5.5,3,69,Synthetic/Demo,22.15,31.7
A3665,19,53.2,1,4.6,32.0,6.96,188,60.5,55,5.7,3,74,Synthetic/Demo,22.13,29.59
A3666,18,51.9,1,4.9,32.8,7.21,179,64.5,54,5.7,3,74,Synthetic/Demo,19.25,33.02
A3667,29,82.8,8,13.7,62.4,9.99,273,104.9,81,9.0,6,112,Synthetic/Demo,84.4,64.73
A3668,29,85.3,8,12.7,61.9,9.83,264,102.1,81,8.6,6,114,Synthetic/Demo,80.48,61.77
A3669,30,82.3,8,13.4,61.4,9.97,271,103.4,80,8.8,6,116,Synthetic/Demo,79.88,62.79
A3670,19,52.0,1,4.9,34.4,7.09,187,61.2,56,5.6,3,68,Synthetic/Demo,22.59,31.92
A3671,30,81.9,8,13.7,64.6,9.65,273,106.7,81,8.9,6,111,Synthetic/Demo,85.43,64.67
A3672,29,81.5,8,13.8,63.9,9.68,265,104.5,79,8.9,6,116,Synthetic/Demo,84.94,64.82
A3673,29,84.2,8,12.8,64.9,9.75,274,106.3,81,8.7,6,116,Synthetic/Demo,77.16,62.99
A3674,30,84.0,8,12.9,61.6,9.9,267,103.4,81,8.6,6,113,Synthetic/Demo,81.83,62.05
A3675,19,54.2,1,4.4,33.3,7.22,181,60.9,54,5.8,3,72,Synthetic/Demo,21.22,31.55
A3676,29,82.5,8,12.7,64.1,9.76,265,104.9,79,8.7,6,116,Synthetic/Demo,80.87,63.56
A3677,30,85.0,8,13.2,62.7,9.99,263,107.1,81,9.0,6,116,Synthetic/Demo,83.18,64.1
A3678,19,52.9,1,4.5,32.6,7.12,189,61.1,53,5.6,3,70,Synthetic/Demo,19.37,31.03
A3679,30,81.1,8,13.3,64.2,9.84,265,108.2,81,8.6,6,114,Synthetic/Demo,86.56,64.59
A3680,19,53.1,1,4.7,32.7,7.16,185,60.7,53,5.8,3,74,Synthetic/Demo,20.56,31.28
A3681,29,84.4,8,12.7,64.6,9.64,272,104.8,79,8.7,6,114,Synthetic/Demo,76.36,62.99
A3682,29,83.9,8,13.3,61.9,9.67,273,104.2,80,8.7,6,116,Synthetic/Demo,77.68,62.14
A3683,19,53.0,1,4.9,33.7,7.2,187,63.9,55,5.7,3,71,Synthetic/Demo,23.11,32.33
A3684,18,53.3,1,4.9,32.0,6.97,188,62.1,54,5.5,3,70,Synthetic/Demo,23.32,31.1
A3685,29,81.3,8,12.7,62.0,9.7,263,103.5,82,8.9,6,115,Synthetic/Demo,80.76,62.55
A3686,30,82.5,8,12.7,62.6,9.65,269,104.7,79,8.9,6,111,Synthetic/Demo,76.73,63.11
A3687,29,83.0,8,12.9,63.0,9.66,274,103.2,81,8.9,6,111,Synthetic/Demo,86.25,62.79
A3688,19,53.4,1,4.3,32.4,7.15,184,60.9,55,5.9,3,70,Synthetic/Demo,20.99,31.13
A3689,19,51.1,1,5.2,33.7,7.09,184,62.9,56,5.8,3,73,Synthetic/Demo,26.38,32.28
A3690,29,85.1,8,13.6,64.1,9.93,274,106.0,80,8.9,6,116,Synthetic/Demo,82.27,64.37
A3691,30,81.4,8,13.6,62.1,9.74,266,104.9,79,8.7,6,117,Synthetic/Demo,82.44,63.28
A3692,18,50.1,1,4.5,31.2,7.08,187,61.1,55,5.6,3,71,Synthetic/Demo,21.28,30.82
A3693,30,83.1,8,13.0,62.6,9.78,272,104.0,79,8.7,6,116,Synthetic/Demo,83.05,62.28
A3694,19,53.6,1,4.1,34.0,6.99,183,61.2,54,5.8,3,68,Synthetic/Demo,23.43,31.48
A3695,29,83.1,8,13.6,63.9,9.78,267,106.6,82,8.8,6,113,Synthetic/Demo,85.24,64.59
A3696,30,84.9,8,12.7,61.6,9.78,268,103.7,80,8.6,6,115,Synthetic/Demo,77.44,61.32
A3697,19,54.1,1,4.7,30.9,6.95,184,59.6,55,5.6,3,71,Synthetic/Demo,16.46,29.48
A3698,29,81.2,8,13.4,62.5,9.64,274,102.6,79,9.0,6,112,Synthetic/Demo,80.39,63.66
A3699,29,81.5,8,13.1,63.4,9.78,266,105.8,82,8.7,6,116,Synthetic/Demo,83.77,63.43
A3700,29,84.2,8,13.2,64.2,9.94,265,106.6,80,8.8,6,116,Synthetic/Demo,82.4,64.65
A3701,29,84.1,8,13.1,61.6,9.86,272,102.2,82,8.9,6,112,Synthetic/Demo,82.25,62.44
A3702,30,81.7,8,13.1,63.1,9.99,269,106.0,80,8.9,6,115,Synthetic/Demo,86.42,64.18
A3703,19,54.1,1,4.7,30.6,7.12,185,60.7,55,5.7,3,68,Synthetic/Demo,16.59,30.58
A3704,30,83.5,8,12.7,62.9,9.69,274,104.2,80,8.9,6,113,Synthetic/Demo,76.29,62.27
A3705,18,50.1,1,4.8,31.6,7.24,186,61.3,56,5.8,3,73,Synthetic/Demo,20.17,31.64
A3706,29,81.6,8,12.9,61.5,9.65,264,102.5,79,8.9,6,114,Synthetic/Demo,79.6,62.91
A3707,19,53.5,1,4.6,31.9,7.07,182,63.3,54,5.7,3,72,Synthetic/Demo,19.1,31.24
A3708,19,51.4,1,5.1,31.2,7.11,182,62.6,56,5.7,3,70,Synthetic/Demo,25.14,31.64
A3709,29,85.0,8,13.5,63.0,9.91,265,105.9,82,9.0,6,113,Synthetic/Demo,84.08,64.57
A3710,29,81.9,8,12.9,64.6,9.85,273,105.2,81,8.8,6,115,Synthetic/Demo,81.16,63.73
A3711,29,84.2,8,12.7,62.8,10.0,274,106.0,79,8.6,6,112,Synthetic/Demo,76.19,63.56
A3712,18,52.1,1,4.7,32.5,6.99,181,64.3,53,5.5,3,71,Synthetic/Demo,17.14,32.24
A3713,29,81.0,8,12.6,62.8,9.9,272,103.4,81,9.0,6,111,Synthetic/Demo,80.54,63.66
A3714,18,52.8,1,5.2,31.8,7.01,181,62.0,56,5.8,3,71,Synthetic/Demo,14.76,31.88
A3715,19,52.4,1,4.7,33.8,7.21,185,62.7,56,5.8,3,72,Synthetic/Demo,25.21,31.97
A3716,19,50.9,1,4.1,32.0,7.26,182,61.5,54,5.7,3,74,Synthetic/Demo,19.63,30.96
A3717,29,83.4,8,13.8,62.0,9.74,272,107.0,79,8.7,6,112,Synthetic/Demo,91.14,64.36
A3718,19,52.6,1,4.4,32.0,6.94,186,59.6,55,5.7,3,72,Synthetic/Demo,25.05,29.64
A3719,30,81.9,8,13.6,63.3,9.97,273,105.9,79,8.9,6,112,Synthetic/Demo,82.26,65.05
A3720,19,54.0,1,5.2,30.6,7.06,186,59.6,53,5.8,3,74,Synthetic/Demo,19.22,30.4
A3721,29,82.2,8,13.4,61.2,9.74,265,104.9,79,8.7,6,113,Synthetic/Demo,83.22,63.7
A3722,29,83.1,8,13.0,61.7,9.76,271,102.5,80,8.7,6,114,Synthetic/Demo,83.53,62.17
A3723,19,53.3,1,4.9,31.3,7.21,185,60.7,56,5.9,3,70,Synthetic/Demo,15.75,31.23
A3724,19,53.5,1,4.9,32.7,7.1,187,62.1,56,5.7,3,70,Synthetic/Demo,15.55,31.22
A3725,19,52.5,1,5.2,32.9,6.95,179,61.5,54,5.8,3,72,Synthetic/Demo,19.84,32.02
A3726,19,50.0,1,5.2,32.7,6.95,184,62.4,56,5.8,3,73,Synthetic/Demo,22.87,31.63
A3727,30,81.4,8,12.6,64.9,9.69,268,106.5,79,8.9,6,115,Synthetic/Demo,82.61,63.92
A3728,30,81.2,8,12.8,63.7,9.9,271,106.5,79,8.7,6,113,Synthetic/Demo,84.5,64.04
A3729,29,82.1,8,13.8,64.7,9.94,272,107.7,81,8.6,6,114,Synthetic/Demo,80.21,65.27
A3730,19,52.6,1,4.1,34.0,7.05,182,62.1,56,5.5,3,72,Synthetic/Demo,13.17,30.52
A3731,19,54.2,1,4.6,32.5,7.25,185,62.7,55,5.6,3,70,Synthetic/Demo,23.87,31.41
A3732,29,83.4,8,13.1,62.2,9.95,265,102.9,79,9.0,6,113,Synthetic/Demo,78.65,64.21
A3733,19,52.8,1,4.8,30.3,7.14,183,59.0,55,5.8,3,70,Synthetic/Demo,13.12,30.48
A3734,30,83.8,8,12.7,63.0,9.8,274,104.5,80,8.9,6,114,Synthetic/Demo,79.87,62.47
A3735,19,53.9,1,5.1,32.0,7.02,178,60.7,53,5.8,3,69,Synthetic/Demo,23.8,32.12
A3736,29,81.3,8,13.2,64.8,9.67,271,104.2,79,8.6,6,112,Synthetic/Demo,80.42,64.14
A3737,29,84.7,8,13.3,63.2,9.71,272,104.3,79,8.7,6,112,Synthetic/Demo,78.89,63.44
A3738,29,83.4,8,13.0,64.5,9.8,271,106.4,81,8.7,6,115,Synthetic/Demo,80.87,63.65
A3739,30,83.8,8,13.5,63.9,9.77,272,104.1,79,8.7,6,117,Synthetic/Demo,79.92,63.0
A3740,18,50.5,1,4.5,31.6,7.07,183,62.3,55,5.5,3,71,Synthetic/Demo,15.54,31.2
A3741,19,50.3,1,4.8,33.7,6.95,184,61.3,56,5.8,3,70,Synthetic/Demo,18.67,31.72
A3742,18,52.9,1,4.2,31.0,7.06,182,59.1,56,5.6,3,70,Synthetic/Demo,19.44,29.83
A3743,19,51.8,1,4.1,33.5,7.23,187,62.9,54,5.6,3,72,Synthetic/Demo,21.69,31.37
A3744,18,53.1,1,4.6,32.4,7.26,182,61.6,55,5.9,3,72,Synthetic/Demo,22.09,32.17
A3745,18,50.5,1,5.1,30.6,7.0,187,61.5,55,5.6,3,71,Synthetic/Demo,16.24,31.05
A3746,18,52.6,1,4.1,34.4,7.02,179,60.8,56,5.7,3,70,Synthetic/Demo,19.97,31.55
A3747,18,51.9,1,5.1,33.4,6.91,181,62.7,54,5.5,3,73,Synthetic/Demo,14.78,31.96
A3748,29,84.3,8,13.7,64.4,9.85,270,104.9,81,8.9,6,114,Synthetic/Demo,83.34,64.58
A3749,29,81.1,8,13.5,63.9,9.9,271,104.5,80,8.6,6,116,Synthetic/Demo,85.99,64.05
A3750,29,81.1,8,13.5,61.4,9.69,267,104.4,80,9.0,6,116,Synthetic/Demo,75.71,63.55
A3751,19,53.6,1,5.2,34.2,7.02,186,64.3,55,5.8,3,69,Synthetic/Demo,21.26,32.86
A3752,19,52.7,1,4.8,33.4,6.94,185,62.1,56,5.8,3,73,Synthetic/Demo,21.56,30.93
A3753,29,84.3,8,13.1,63.6,9.82,272,105.5,81,8.8,6,114,Synthetic/Demo,84.66,63.44
A3754,29,84.0,8,13.2,62.0,9.77,274,103.6,81,9.0,6,115,Synthetic/Demo,77.99,62.58
A3755,18,51.2,1,5.1,34.5,7.1,180,63.2,56,5.6,3,72,Synthetic/Demo,21.09,32.99
A3756,30,84.8,8,13.5,64.7,9.8,265,106.1,82,8.8,6,114,Synthetic/Demo,77.12,64.04
A3757,29,82.1,8,13.3,63.3,9.8,267,106.1,80,8.9,6,112,Synthetic/Demo,82.33,64.89
A3758,29,84.9,8,12.9,62.1,9.64,265,103.1,82,8.9,6,114,Synthetic/Demo,84.94,62.06
A3759,29,84.9,8,13.6,64.6,9.75,272,105.8,80,8.9,6,111,Synthetic/Demo,83.39,64.9
A3760,30,82.9,8,13.4,64.2,9.63,266,104.3,79,8.8,6,112,Synthetic/Demo,81.36,64.06
A3761,30,81.4,8,12.9,61.2,9.97,265,105.0,81,8.7,6,113,Synthetic/Demo,81.26,63.08
A3762,19,50.8,1,4.5,33.9,6.94,184,62.4,53,5.6,3,69,Synthetic/Demo,20.66,32.03
A3763,29,82.4,8,13.8,64.9,9.7,265,107.8,79,8.9,6,112,Synthetic/Demo,81.78,66.34
A3764,19,51.5,1,4.7,32.4,7.25,185,61.9,54,5.7,3,71,Synthetic/Demo,23.83,31.94
A3765,30,81.7,8,12.7,64.7,9.65,272,105.9,81,8.7,6,113,Synthetic/Demo,80.72,62.97
A3766,30,83.3,8,12.6,64.9,9.96,266,104.7,80,9.0,6,115,Synthetic/Demo,82.21,64.07
A3767,18,52.7,1,5.1,33.8,7.14,181,62.3,54,5.6,3,73,Synthetic/Demo,19.76,32.67
A3768,29,81.4,8,12.8,64.9,9.86,274,105.2,80,8.9,6,115,Synthetic/Demo,85.13,64.14
A3769,30,82.6,8,13.6,61.4,9.87,269,104.2,80,8.7,6,114,Synthetic/Demo,82.59,63.1
A3770,19,51.9,1,5.2,31.8,6.99,189,62.1,55,5.9,3,70,Synthetic/Demo,18.89,31.59
A3771,29,83.0,8,13.6,62.0,9.94,263,105.9,80,8.8,6,115,Synthetic/Demo,85.52,64.6
A3772,29,84.6,8,12.7,62.8,9.71,264,102.3,81,8.6,6,117,Synthetic/Demo,77.08,61.48
A3773,19,53.5,1,4.8,30.5,6.96,189,60.0,54,5.9,3,71,Synthetic/Demo,15.94,30.05
A3774,19,53.8,1,4.6,31.2,7.05,179,62.2,54,5.5,3,72,Synthetic/Demo,17.57,30.52
A3775,18,51.1,1,5.2,31.8,7.07,184,61.9,53,5.9,3,71,Synthetic/Demo,16.2,32.86
A3776,29,83.9,8,12.8,62.6,9.8,268,103.0,81,8.7,6,113,Synthetic/Demo,80.64,62.49
A3777,18,52.0,1,5.2,32.9,7.12,184,61.9,54,5.9,3,73,Synthetic/Demo,16.74,32.75
A3778,29,82.4,8,12.7,63.3,9.9,272,104.4,80,8.9,6,116,Synthetic/Demo,76.49,63.26
A3779,19,54.2,1,5.1,31.1,7.08,189,61.7,54,5.6,3,71,Synthetic/Demo,13.63,30.62
A3780,29,83.2,8,13.0,61.4,9.88,264,106.0,79,8.9,6,115,Synthetic/Demo,80.66,63.92
A3781,19,54.3,1,5.0,34.2,7.1,180,62.4,56,5.6,3,73,Synthetic/Demo,22.06,31.62
A3782,18,50.7,1,4.5,32.7,7.22,187,61.5,56,5.6,3,68,Synthetic/Demo,19.56,31.92
A3783,29,81.1,8,12.9,62.4,9.98,272,106.0,79,8.9,6,113,Synthetic/Demo,77.98,64.51
A3784,29,81.1,8,12.8,63.4,9.67,264,104.5,79,8.8,6,113,Synthetic/Demo,76.74,63.97
A3785,29,83.6,8,13.3,63.2,9.87,267,107.6,82,8.9,6,112,Synthetic/Demo,83.97,64.72
A3786,30,84.4,8,12.7,61.1,9.96,267,103.4,82,8.6,6,116,Synthetic/Demo,77.1,61.13
A3787,19,53.7,1,4.3,32.4,7.07,190,61.6,56,5.7,3,69,Synthetic/Demo,20.02,30.25
A3788,29,81.3,8,13.4,62.1,9.68,268,103.4,80,8.7,6,114,Synthetic/Demo,76.93,63.14
A3789,18,51.8,1,4.5,30.4,6.99,181,56.6,56,5.8,3,73,Synthetic/Demo,17.75,29.36
A3790,19,52.6,1,5.2,34.0,7.09,189,63.2,56,5.6,3,73,Synthetic/Demo,25.93,31.58
A3791,18,52.7,1,4.7,32.1,7.17,182,60.9,53,5.5,3,69,Synthetic/Demo,22.46,32.0
A3792,29,82.4,8,13.3,61.6,9.95,268,103.3,82,9.0,6,112,Synthetic/Demo,79.51,63.77
A3793,29,84.0,8,13.8,64.8,9.98,266,107.9,80,8.8,6,116,Synthetic/Demo,85.79,65.82
A3794,19,51.6,1,5.2,33.0,6.98,184,62.3,56,5.8,3,68,Synthetic/Demo,20.95,32.28
A3795,19,50.3,1,4.5,33.2,7.02,182,62.2,53,5.7,3,70,Synthetic/Demo,20.92,32.18
A3796,19,53.7,1,4.2,34.3,7.25,187,61.0,54,5.7,3,69,Synthetic/Demo,20.24,31.74
A3797,19,54.3,1,5.0,32.5,6.96,185,61.2,56,5.7,3,70,Synthetic/Demo,19.73,30.72
A3798,30,82.4,8,13.2,64.5,9.87,274,107.3,79,8.7,6,112,Synthetic/Demo,82.98,64.61
A3799,30,85.0,8,13.3,63.5,10.0,266,104.9,79,8.9,6,117,Synthetic/Demo,79.7,63.96
A3800,29,85.2,8,13.0,63.7,9.97,265,104.7,80,8.6,6,113,Synthetic/Demo,78.8,63.9
A3801,29,82.2,8,13.6,64.0,9.78,267,107.0,80,8.9,6,112,Synthetic/Demo,79.0,65.57
A3802,19,50.2,1,4.7,31.7,7.26,185,61.9,56,5.7,3,69,Synthetic/Demo,16.11,31.78
A3803,19,53.3,1,4.9,33.6,7.02,187,62.4,56,5.8,3,73,Synthetic/Demo,17.49,31.16
A3804,29,85.0,8,13.7,61.0,9.87,269,104.6,82,8.6,6,112,Synthetic/Demo,80.92,62.92
A3805,30,83.6,8,13.3,64.0,9.97,270,105.1,81,9.0,6,114,Synthetic/Demo,79.93,64.23
A3806,30,83.7,8,13.2,63.5,9.79,269,103.8,81,8.8,6,115,Synthetic/Demo,82.17,62.79
A3807,19,52.2,1,4.2,31.8,6.93,185,58.7,54,5.8,3,71,Synthetic/Demo,17.81,29.8
A3808,19,53.0,1,4.9,33.1,6.98,182,63.6,55,5.6,3,73,Synthetic/Demo,15.42,31.35
A3809,30,85.2,8,12.8,61.3,9.67,271,101.0,81,8.7,6,117,Synthetic/Demo,78.65,59.93
A3810,19,53.5,1,4.1,32.6,7.09,183,61.1,56,5.6,3,70,Synthetic/Demo,21.74,30.2
A3811,29,83.7,8,13.8,62.8,9.81,272,104.8,81,9.0,6,115,Synthetic/Demo,78.7,63.99
A3812,30,83.0,8,13.4,61.7,9.65,274,104.6,80,8.6,6,113,Synthetic/Demo,80.11,62.11
A3813,30,83.0,8,13.0,61.0,9.93,273,103.5,80,9.0,6,116,Synthetic/Demo,76.68,62.27
A3814,19,52.4,1,4.8,30.7,7.25,184,60.0,55,5.9,3,72,Synthetic/Demo,20.48,30.99
A3815,29,85.3,8,12.7,61.3,9.8,265,103.5,79,8.6,6,114,Synthetic/Demo,74.9,62.12
A3816,19,50.2,1,4.7,30.4,6.99,180,60.6,53,5.6,3,70,Synthetic/Demo,13.62,30.97
A3817,29,84.4,8,13.7,61.4,9.76,267,103.5,81,8.7,6,117,Synthetic/Demo,78.85,62.42
A3818,29,81.1,8,13.5,60.9,9.79,272,103.4,80,8.8,6,115,Synthetic/Demo,78.89,62.92
A3819,29,84.5,8,13.7,61.9,9.69,264,105.6,80,8.7,6,112,Synthetic/Demo,80.05,63.94
A3820,19,53.1,1,4.6,30.3,6.93,184,61.1,55,5.7,3,74,Synthetic/Demo,14.42,29.31
A3821,19,50.5,1,5.0,30.6,7.01,186,60.7,54,5.6,3,73,Synthetic/Demo,17.74,30.38
A3822,18,51.0,1,4.6,32.2,7.12,183,63.0,53,5.7,3,73,Synthetic/Demo,21.75,32.19
A3823,18,50.8,1,4.5,31.3,7.06,183,61.1,53,5.6,3,70,Synthetic/Demo,19.23,31.51
A3824,29,85.3,8,13.8,65.0,9.91,274,106.6,82,8.8,6,113,Synthetic/Demo,84.11,64.77
A3825,19,51.0,1,5.2,31.4,7.13,187,61.9,56,5.7,3,73,Synthetic/Demo,18.59,31.04
A3826,29,82.1,8,13.3,61.2,9.63,271,102.3,80,8.8,6,115,Synthetic/Demo,81.59,62.1
A3827,19,52.7,1,4.3,33.4,7.03,185,61.1,54,5.6,3,68,Synthetic/Demo,16.4,31.22
A3828,29,83.3,8,13.3,62.5,9.8,266,105.8,79,8.7,6,111,Synthetic/Demo,82.86,64.45
A3829,19,52.9,1,4.6,32.9,7.14,183,59.9,55,5.6,3,70,Synthetic/Demo,23.91,31.0
A3830,19,54.1,1,5.1,32.8,6.98,179,62.0,54,5.7,3,72,Synthetic/Demo,23.06,31.67
A3831,18,52.7,1,5.0,34.1,7.18,182,63.7,53,5.5,3,71,Synthetic/Demo,22.64,33.32
A3832,29,85.2,8,13.0,63.9,9.65,271,105.4,81,8.7,6,114,Synthetic/Demo,78.42,62.74
A3833,19,53.2,1,5.2,32.3,7.18,186,62.3,55,5.9,3,69,Synthetic/Demo,25.3,32.44
A3834,29,81.9,8,13.0,64.0,9.63,270,105.5,79,8.9,6,116,Synthetic/Demo,76.19,63.74
A3835,19,50.1,1,4.4,32.5,7.15,183,61.7,56,5.6,3,73,Synthetic/Demo,17.2,30.81
A3836,19,50.2,1,4.4,32.2,6.92,185,59.4,54,5.6,3,73,Synthetic/Demo,16.89,29.91
A3837,29,84.7,8,13.3,62.9,9.73,272,104.1,80,8.8,6,112,Synthetic/Demo,83.89,63.31
A3838,30,81.9,8,13.4,62.1,9.87,268,104.6,82,8.9,6,112,Synthetic/Demo,82.23,63.59
A3839,30,82.7,8,12.7,61.5,9.86,267,103.8,79,8.6,6,116,Synthetic/Demo,75.98,61.95
A3840,19,54.1,1,5.0,32.1,7.1,185,61.4,56,5.7,3,72,Synthetic/Demo,19.69,30.72
A3841,18,50.1,1,4.1,33.5,7.25,188,61.4,54,5.7,3,69,Synthetic/Demo,18.72,32.31
A3842,19,54.3,1,5.0,32.5,7.09,189,62.5,55,5.9,3,69,Synthetic/Demo,19.13,31.77
A3843,29,82.0,8,13.3,62.2,9.78,269,104.0,81,8.9,6,111,Synthetic/Demo,83.32,63.86
A3844,18,53.6,1,4.2,33.2,6.99,178,61.8,54,5.9,3,71,Synthetic/Demo,16.53,31.9
A3845,19,50.8,1,4.2,30.6,6.94,184,60.0,53,5.5,3,69,Synthetic/Demo,22.11,29.91
A3846,30,83.1,8,13.5,62.5,9.64,268,105.9,80,8.9,6,115,Synthetic/Demo,83.29,63.32
A3847,18,51.6,1,4.3,33.4,7.21,183,62.7,56,5.7,3,72,Synthetic/Demo,24.53,31.9
A3848,29,82.8,8,12.8,64.5,9.88,265,106.3,81,8.8,6,115,Synthetic/Demo,80.72,64.26
A3849,29,85.3,8,13.4,62.9,9.91,266,106.0,79,8.6,6,112,Synthetic/Demo,81.78,64.42
A3850,29,82.9,8,13.4,63.4,9.85,266,105.8,79,8.9,6,116,Synthetic/Demo,78.1,64.68
A3851,18,53.9,1,4.5,32.4,7.01,183,60.0,55,5.5,3,73,Synthetic/Demo,17.41,30.08
A3852,29,82.7,8,13.6,61.4,9.85,264,104.3,79,8.9,6,116,Synthetic/Demo,82.79,64.04
A3853,30,84.2,8,13.1,61.5,9.89,266,102.9,81,8.7,6,115,Synthetic/Demo,83.5,62.01
A3854,29,84.6,8,12.8,62.3,9.91,269,103.4,79,8.8,6,112,Synthetic/Demo,76.64,63.32
A3855,30,83.0,8,13.4,62.1,9.66,264,103.7,81,8.8,6,116,Synthetic/Demo,78.85,62.42
A3856,19,51.6,1,5.2,33.5,6.91,184,63.2,53,5.6,3,72,Synthetic/Demo,21.22,32.16
A3857,29,84.6,8,12.8,63.2,9.65,271,103.5,81,9.0,6,115,Synthetic/Demo,74.84,62.35
A3858,30,84.5,8,13.6,63.0,9.95,271,105.0,79,8.9,6,116,Synthetic/Demo,84.03,63.89
A3859,19,52.2,1,4.4,30.4,7.1,183,59.6,55,5.6,3,72,Synthetic/Demo,15.93,29.57
A3860,19,52.5,1,4.1,32.5,7.23,180,63.0,54,5.6,3,72,Synthetic/Demo,20.29,31.38
A3861,18,52.0,1,4.7,30.8,6.96,185,58.9,55,5.7,3,68,Synthetic/Demo,16.79,30.58
A3862,30,81.0,8,13.6,62.9,9.79,274,105.5,81,8.6,6,113,Synthetic/Demo,78.44,63.36
A3863,29,81.2,8,13.6,61.9,9.94,271,105.6,81,9.0,6,115,Synthetic/Demo,81.72,64.4
A3864,18,51.9,1,4.4,33.5,7.11,184,63.0,56,5.7,3,71,Synthetic/Demo,20.41,31.88
A3865,30,81.6,8,13.7,64.1,9.84,272,105.4,80,8.6,6,112,Synthetic/Demo,81.16,64.37
A3866,29,82.7,8,13.1,64.8,9.87,275,104.9,80,8.7,6,113,Synthetic/Demo,79.19,64.08
A3867,18,53.3,1,4.2,33.0,7.11,184,60.4,56,5.6,3,69,Synthetic/Demo,20.52,30.88
A3868,19,52.7,1,4.1,34.4,7.01,184,62.5,54,5.5,3,68,Synthetic/Demo,25.42,31.49
A3869,19,52.5,1,4.7,31.0,6.95,184,60.4,54,5.7,3,74,Synthetic/Demo,18.97,29.86
A3870,19,51.0,1,4.8,30.5,7.05,185,59.3,55,5.6,3,71,Synthetic/Demo,21.39,30.02
A3871,30,85.2,8,13.5,61.8,9.91,267,103.7,81,8.9,6,116,Synthetic/Demo,76.83,62.74
A3872,29,82.2,8,13.5,62.0,9.68,269,103.5,81,8.9,6,113,Synthetic/Demo,80.36,63.32
A3873,19,54.0,1,5.0,32.1,7.07,185,61.2,55,5.6,3,70,Synthetic/Demo,17.17,30.94
A3874,19,52.8,1,5.1,34.2,7.03,178,62.7,54,5.8,3,73,Synthetic/Demo,18.68,32.7
A3875,19,51.2,1,4.8,32.2,7.04,189,61.2,56,5.9,3,70,Synthetic/Demo,17.72,31.15
A3876,19,52.0,1,4.9,31.6,7.01,178,61.2,56,5.6,3,73,Synthetic/Demo,23.74,30.59
A3877,19,53.6,1,4.6,30.5,7.12,189,58.9,55,5.5,3,71,Synthetic/Demo,20.55,29.12
A3878,29,82.2,8,13.7,62.3,9.81,269,104.5,79,8.8,6,116,Synthetic/Demo,81.98,63.98
A3879,19,52.3,1,5.3,33.1,7.24,184,64.3,54,5.7,3,70,Synthetic/Demo,19.11,33.36
A3880,19,52.9,1,4.9,31.4,7.28,182,62.5,53,5.8,3,73,Synthetic/Demo,21.29,32.08
A3881,18,53.2,1,4.5,33.3,6.94,180,60.9,55,5.7,3,69,Synthetic/Demo,21.17,31.6
A3882,29,81.6,8,13.2,64.7,9.96,271,107.0,81,8.9,6,116,Synthetic/Demo,83.56,64.92
A3883,29,81.8,8,12.9,63.4,9.72,272,105.3,81,8.8,6,112,Synthetic/Demo,74.44,63.5
A3884,18,53.9,1,4.3,31.0,7.15,184,60.4,54,5.8,3,70,Synthetic/Demo,16.47,30.92
A3885,19,54.2,1,5.1,33.5,6.96,187,63.6,56,5.9,3,73,Synthetic/Demo,21.47,31.47
A3886,18,52.8,1,4.7,34.2,7.14,183,63.8,56,5.7,3,70,Synthetic/Demo,24.18,32.75
A3887,29,82.5,8,12.6,61.3,9.65,265,103.2,80,8.7,6,115,Synthetic/Demo,71.11,61.79
A3888,29,84.9,8,12.9,61.2,9.91,268,103.0,81,8.7,6,115,Synthetic/Demo,78.5,61.96
A3889,29,83.4,8,12.8,63.2,9.95,273,103.0,82,8.9,6,111,Synthetic/Demo,80.53,63.27
A3890,19,52.4,1,4.7,30.7,6.94,180,59.0,55,5.8,3,71,Synthetic/Demo,21.07,30.09
A3891,29,85.1,8,13.4,60.8,9.9,265,102.8,79,8.9,6,115,Synthetic/Demo,82.4,63.19
A3892,29,82.1,8,13.3,62.3,9.99,273,105.6,81,9.0,6,117,Synthetic/Demo,83.12,63.82
A3893,19,52.0,1,4.2,33.8,6.91,185,61.0,55,5.9,3,69,Synthetic/Demo,17.27,31.19
A3894,19,53.6,1,4.2,34.3,6.94,183,61.7,56,5.7,3,69,Synthetic/Demo,14.44,30.93
A3895,19,53.3,1,5.1,30.9,7.26,186,63.2,56,5.7,3,71,Synthetic/Demo,20.17,31.39
A3896,30,84.3,8,13.0,62.6,9.93,269,103.3,79,8.8,6,117,Synthetic/Demo,83.32,62.57
A3897,29,83.2,8,13.5,63.5,9.74,272,105.8,79,8.6,6,113,Synthetic/Demo,85.4,64.04
A3898,30,84.5,8,13.8,62.3,9.88,274,104.9,80,8.8,6,114,Synthetic/Demo,83.52,63.38
A3899,19,51.5,1,4.7,32.5,7.0,187,59.6,54,5.6,3,74,Synthetic/Demo,20.3,30.12
A3900,18,52.9,1,4.6,33.4,7.18,178,63.0,55,5.8,3,72,Synthetic/Demo,23.64,32.7
A3901,19,51.1,1,5.2,31.2,7.14,183,60.6,56,5.8,3,69,Synthetic/Demo,19.23,31.71
A3902,29,84.8,8,12.7,62.4,9.92,267,102.0,82,8.9,6,116,Synthetic/Demo,78.96,62.06
A3903,29,83.3,8,12.9,63.0,9.66,272,101.6,82,8.7,6,115,Synthetic/Demo,82.95,61.42
A3904,19,53.3,1,4.8,31.0,7.19,189,60.2,54,5.8,3,69,Synthetic/Demo,16.89,31.0
A3905,29,83.7,8,13.6,64.4,9.66,268,105.2,80,9.0,6,114,Synthetic/Demo,87.07,64.63
A3906,29,83.6,8,12.8,62.5,9.86,273,103.7,82,8.7,6,117,Synthetic/Demo,77.89,61.71
A3907,29,81.1,8,13.0,61.0,9.66,273,100.5,81,8.7,6,114,Synthetic/Demo,80.6,61.21
A3908,19,51.9,1,4.7,30.5,7.26,179,60.4,56,5.5,3,74,Synthetic/Demo,15.59,30.12
A3909,29,83.2,8,12.8,64.9,9.73,268,105.7,82,9.0,6,114,Synthetic/Demo,83.14,63.92
A3910,29,83.5,8,13.3,64.4,9.73,266,106.1,80,8.7,6,115,Synthetic/Demo,79.8,64.19
A3911,19,50.7,1,4.3,34.4,6.98,179,61.2,54,5.7,3,68,Synthetic/Demo,16.84,32.28
A3912,19,50.6,1,4.5,32.4,7.16,180,63.3,54,5.6,3,72,Synthetic/Demo,21.95,31.91
A3913,29,83.8,8,13.6,63.9,9.86,268,104.6,82,8.8,6,113,Synthetic/Demo,85.33,64.23
A3914,19,50.9,1,5.0,34.3,7.18,183,61.9,54,5.7,3,72,Synthetic/Demo,20.34,32.79
A3915,19,50.5,1,4.8,32.4,7.07,179,62.0,56,5.5,3,73,Synthetic/Demo,16.26,31.06
A3916,29,83.8,8,13.0,62.4,9.87,264,103.7,80,8.6,6,112,Synthetic/Demo,80.15,63.39
A3917,19,54.3,1,4.8,34.4,7.07,185,63.6,56,5.8,3,69,Synthetic/Demo,22.2,32.26
A3918,29,83.1,8,13.3,61.5,9.94,273,103.1,82,8.9,6,116,Synthetic/Demo,81.36,62.52
A3919,29,82.2,8,13.3,64.1,10.0,274,106.6,80,9.0,6,112,Synthetic/Demo,85.9,65.52
A3920,29,82.6,8,13.6,61.0,9.92,273,105.7,81,8.7,6,116,Synthetic/Demo,80.27,63.07
A3921,29,82.5,8,13.6,63.7,9.9,265,107.2,81,8.9,6,115,Synthetic/Demo,89.16,65.26
A3922,18,50.6,1,4.7,31.7,6.94,179,60.5,53,5.6,3,72,Synthetic/Demo,20.19,31.41
A3923,19,53.6,1,5.0,34.3,7.11,187,62.6,55,5.6,3,69,Synthetic/Demo,21.21,32.17
A3924,18,52.5,1,5.1,32.3,7.19,186,61.8,55,5.5,3,72,Synthetic/Demo,16.35,31.66
A3925,19,54.0,1,4.1,30.4,6.98,181,59.8,56,5.8,3,71,Synthetic/Demo,16.7,29.14
A3926,19,53.8,1,4.8,31.2,7.03,182,60.3,56,5.8,3,69,Synthetic/Demo,18.64,30.63
A3927,29,83.4,8,13.0,63.5,9.73,269,103.7,80,9.0,6,114,Synthetic/Demo,83.24,63.56
A3928,29,82.4,8,12.8,61.9,9.83,274,103.6,80,8.6,6,112,Synthetic/Demo,79.89,62.47
A3929,19,50.9,1,5.1,32.7,7.13,185,63.7,54,5.9,3,73,Synthetic/Demo,18.87,32.66
A3930,29,81.9,8,13.6,63.5,9.77,266,106.0,80,8.8,6,113,Synthetic/Demo,82.94,64.95
A3931,30,84.4,8,12.9,63.8,9.9,269,106.5,80,8.9,6,112,Synthetic/Demo,84.01,64.13
A3932,19,50.8,1,5.1,32.8,7.2,182,62.9,53,5.6,3,73,Synthetic/Demo,27.12,32.6
A3933,29,81.6,8,13.1,63.1,9.71,271,104.3,80,8.9,6,114,Synthetic/Demo,82.7,63.55
A3934,29,82.4,8,13.7,63.6,9.74,275,105.7,79,8.8,6,113,Synthetic/Demo,83.87,64.53
A3935,19,53.7,1,4.2,34.3,6.97,187,62.7,55,5.5,3,71,Synthetic/Demo,20.07,30.53
A3936,18,50.1,1,4.2,30.6,7.09,186,60.0,53,5.9,3,69,Synthetic/Demo,19.54,31.38
A3937,19,51.3,1,4.7,32.0,7.12,180,60.4,56,5.9,3,74,Synthetic/Demo,24.26,30.99
A3938,19,51.8,1,5.1,33.1,6.99,186,64.2,56,5.6,3,70,Synthetic/Demo,17.58,31.85
A3939,29,83.0,8,13.0,62.7,9.77,271,105.6,81,8.8,6,112,Synthetic/Demo,79.12,63.44
A3940,19,50.8,1,4.9,32.4,6.95,187,61.9,56,5.6,3,73,Synthetic/Demo,17.32,30.47
A3941,19,54.1,1,5.1,34.1,6.97,187,62.1,56,5.9,3,73,Synthetic/Demo,22.76,31.4
A3942,29,83.5,8,13.5,64.2,9.94,270,106.0,80,9.0,6,112,Synthetic/Demo,87.1,65.54
A3943,29,83.5,8,13.8,64.8,9.91,265,107.9,79,8.9,6,114,Synthetic/Demo,83.32,66.43
A3944,30,84.2,8,13.5,64.9,9.65,266,105.4,79,9.0,6,114,Synthetic/Demo,75.47,64.56
A3945,19,52.1,1,4.7,33.6,7.06,183,62.2,55,5.9,3,73,Synthetic/Demo,20.32,31.81
A3946,30,82.2,8,13.1,62.8,9.7,275,103.3,80,8.6,6,113,Synthetic/Demo,81.46,62.1
A3947,19,50.9,1,4.3,32.3,7.09,180,61.4,55,5.9,3,68,Synthetic/Demo,22.12,31.93
A3948,30,83.0,8,13.1,61.2,9.95,272,104.3,80,8.6,6,112,Synthetic/Demo,80.91,62.61
A3949,29,84.2,8,13.0,63.0,9.97,267,105.9,80,8.9,6,112,Synthetic/Demo,81.21,64.58
A3950,19,54.2,1,4.4,30.6,7.1,184,59.1,54,5.8,3,73,Synthetic/Demo,14.45,29.6
A3951,19,50.3,1,4.7,31.6,7.18,182,61.0,55,5.7,3,73,Synthetic/Demo,21.93,31.15
A3952,30,83.3,8,13.7,63.6,9.72,263,105.2,81,8.9,6,112,Synthetic/Demo,80.1,64.47
A3953,18,51.3,1,5.0,31.7,7.1,187,61.0,55,5.8,3,71,Synthetic/Demo,26.89,31.71
A3954,29,84.0,8,13.3,64.8,9.89,270,106.4,80,9.0,6,116,Synthetic/Demo,84.8,64.85
A3955,29,81.2,8,13.3,61.7,9.74,269,103.2,82,8.9,6,111,Synthetic/Demo,77.82,63.32
A3956,19,50.6,1,5.2,30.9,6.93,183,59.8,54,5.5,3,71,Synthetic/Demo,17.26,30.58
A3957,19,51.9,1,4.7,32.1,6.95,189,61.1,55,5.8,3,69,Synthetic/Demo,18.94,30.84
A3958,29,81.7,8,13.6,61.9,9.78,270,102.3,81,8.6,6,116,Synthetic/Demo,78.73,62.46
A3959,29,84.6,8,12.9,62.3,9.75,273,103.2,79,9.0,6,117,Synthetic/Demo,82.27,62.35
A3960,18,53.6,1,4.5,32.6,6.91,189,61.8,54,5.6,3,68,Synthetic/Demo,19.59,31.03
A3961,29,81.7,8,13.6,63.0,9.76,271,106.5,80,8.8,6,114,Synthetic/Demo,79.46,64.43
A3962,29,82.6,8,13.8,63.1,9.86,272,106.4,79,8.8,6,114,Synthetic/Demo,88.19,64.93
A3963,29,81.4,8,13.6,64.4,9.68,266,105.5,81,8.8,6,113,Synthetic/Demo,82.44,64.79
A3964,19,50.8,1,4.8,33.5,7.01,183,63.0,56,5.9,3,71,Synthetic/Demo,24.0,32.18
A3965,19,52.9,1,5.3,31.9,7.24,189,64.5,56,5.7,3,70,Synthetic/Demo,20.53,32.18
A3966,19,52.5,1,4.5,32.5,6.93,182,61.4,55,5.9,3,73,Synthetic/Demo,20.84,30.73
A3967,30,82.4,8,13.8,64.4,9.99,264,108.1,80,8.6,6,114,Synthetic/Demo,85.84,65.62
A3968,30,82.3,8,12.9,63.4,9.79,266,106.8,81,8.9,6,117,Synthetic/Demo,75.6,63.33
A3969,30,84.2,8,13.7,60.9,9.64,272,104.2,80,8.8,6,116,Synthetic/Demo,85.13,61.9
A3970,30,84.2,8,13.7,61.7,9.95,272,104.3,79,8.7,6,114,Synthetic/Demo,85.02,63.33
A3971,30,83.2,8,13.6,64.1,9.66,274,103.6,81,8.9,6,117,Synthetic/Demo,79.37,62.68
A3972,30,83.8,8,12.7,62.7,9.95,271,105.1,79,8.7,6,114,Synthetic/Demo,76.97,62.92
A3973,19,53.2,1,4.5,32.7,7.17,183,61.1,54,5.5,3,71,Synthetic/Demo,21.51,31.0
A3974,18,50.1,1,4.1,33.1,6.99,187,61.4,55,5.9,3,70,Synthetic/Demo,19.57,31.55
A3975,29,81.3,8,13.6,61.7,9.99,272,103.7,81,8.7,6,116,Synthetic/Demo,81.78,63.33
A3976,19,51.6,1,4.8,33.8,6.93,186,61.7,54,5.9,3,74,Synthetic/Demo,21.38,31.49
A3977,18,53.8,1,5.1,32.3,7.03,189,62.6,54,5.9,3,68,Synthetic/Demo,22.72,32.5
A3978,19,54.1,1,5.0,33.2,6.91,183,60.0,56,5.5,3,72,Synthetic/Demo,24.21,30.1
A3979,30,81.1,8,13.2,61.4,9.93,267,106.7,79,8.8,6,115,Synthetic/Demo,82.99,63.93
A3980,19,52.1,1,4.2,32.0,7.11,186,59.3,56,5.7,3,73,Synthetic/Demo,15.21,29.54
A3981,18,52.8,1,5.1,33.7,7.15,183,62.7,56,5.5,3,70,Synthetic/Demo,26.52,32.45
A3982,30,84.5,8,13.3,62.1,9.63,268,103.4,82,8.6,6,116,Synthetic/Demo,83.67,61.16
A3983,19,51.3,1,4.6,31.0,7.22,188,60.6,55,5.7,3,74,Synthetic/Demo,28.7,30.21
A3984,29,81.9,8,12.9,62.0,9.72,268,102.8,81,9.0,6,117,Synthetic/Demo,75.45,62.36
A3985,29,84.1,8,13.2,63.1,9.79,272,106.4,79,8.7,6,111,Synthetic/Demo,81.82,64.17
A3986,19,51.5,1,4.5,31.6,7.01,189,59.9,56,5.7,3,69,Synthetic/Demo,12.01,30.04
A3987,19,53.9,1,4.3,33.0,6.96,181,62.4,54,5.7,3,73,Synthetic/Demo,21.7,30.71
A3988,29,82.9,8,12.9,61.0,9.66,275,101.4,80,9.0,6,116,Synthetic/Demo,75.27,61.35
A3989,19,50.1,1,4.5,31.2,7.23,182,59.7,56,5.9,3,73,Synthetic/Demo,25.6,30.84
A3990,29,81.1,8,13.6,62.3,9.75,268,105.5,81,8.8,6,112,Synthetic/Demo,78.88,64.31
A3991,18,52.2,1,4.9,33.8,7.13,183,64.3,54,5.5,3,74,Synthetic/Demo,17.41,32.48
A3992,30,81.7,8,12.9,62.4,9.89,271,104.3,80,8.8,6,114,Synthetic/Demo,78.57,62.97
A3993,19,51.9,1,4.4,32.7,7.06,186,63.8,54,5.5,3,70,Synthetic/Demo,14.37,31.31
A3994,19,51.3,1,4.3,30.6,7.06,189,59.6,54,5.6,3,69,Synthetic/Demo,19.72,29.83
A3995,30,83.3,8,12.8,63.5,9.92,273,105.1,80,8.9,6,113,Synthetic/Demo,74.64,63.45
A3996,19,51.2,1,4.7,33.6,7.03,189,61.6,54,5.7,3,72,Synthetic/Demo,20.55,31.37
A3997,30,81.1,8,12.9,61.2,9.82,267,102.9,80,8.8,6,114,Synthetic/Demo,72.67,62.41
A3998,18,51.7,1,4.4,30.8,7.13,178,61.8,56,5.7,3,70,Synthetic/Demo,18.87,31.29
A3999,18,50.7,1,4.7,33.1,6.94,184,63.2,54,5.6,3,72,Synthetic/Demo,25.51,31.92
A4000,19,50.9,1,4.3,32.7,7.03,185,62.3,53,5.6,3,72,Synthetic/Demo,20.83,31.12
A4001,19,53.9,1,4.6,34.2,7.04,179,61.9,55,5.8,3,68,Synthetic/Demo,19.48,32.34
A4002,29,84.3,8,13.7,63.1,9.78,268,105.0,82,8.8,6,112,Synthetic/Demo,81.69,64.0
A4003,29,84.7,8,13.4,61.0,9.97,274,102.5,80,8.9,6,116,Synthetic/Demo,79.68,62.53
A4004,29,84.8,8,13.1,63.8,9.79,270,106.7,81,8.9,6,116,Synthetic/Demo,82.91,63.61
A4005,30,82.3,8,12.7,61.8,9.83,268,104.8,80,8.9,6,112,Synthetic/Demo,75.56,63.06
A4006,29,83.8,8,13.3,62.9,9.76,265,105.3,81,8.8,6,114,Synthetic/Demo,83.0,63.71
A4007,19,50.3,1,4.3,34.4,7.22,189,63.4,55,5.9,3,72,Synthetic/Demo,13.76,32.36
A4008,19,53.8,1,4.2,31.2,7.2,187,61.1,56,5.9,3,68,Synthetic/Demo,17.4,30.62
A4009,29,81.5,8,13.3,61.6,9.92,264,103.7,80,8.7,6,116,Synthetic/Demo,79.21,63.48
A4010,30,84.3,8,13.5,63.3,9.89,265,104.8,80,8.9,6,115,Synthetic/Demo,84.38,64.03
A4011,19,53.4,1,5.2,32.6,7.25,180,63.3,56,5.5,3,73,Synthetic/Demo,22.84,31.81
A4012,30,84.7,8,13.0,64.2,9.75,264,106.1,79,8.8,6,112,Synthetic/Demo,77.81,64.2
A4013,18,51.7,1,5.3,32.5,7.25,185,63.0,55,5.8,3,70,Synthetic/Demo,20.0,33.31
A4014,29,82.6,8,13.6,62.9,9.64,275,104.9,80,8.6,6,113,Synthetic/Demo,80.48,63.18
A4015,19,52.9,1,4.2,31.2,7.1,186,61.1,56,5.8,3,73,Synthetic/Demo,18.27,29.66
A4016,18,51.3,1,5.1,34.0,7.0,187,63.9,54,5.8,3,68,Synthetic/Demo,20.8,33.59
A4017,19,52.4,1,4.3,34.4,7.01,181,61.3,55,5.7,3,70,Synthetic/Demo,19.42,31.53
A4018,19,54.0,1,4.9,31.4,7.23,182,59.7,54,5.7,3,68,Synthetic/Demo,22.91,31.55
A4019,19,51.3,1,4.7,33.3,7.03,182,61.1,54,5.9,3,72,Synthetic/Demo,19.58,31.93
A4020,29,81.2,8,13.7,63.7,9.94,273,106.7,80,8.9,6,111,Synthetic/Demo,83.02,65.83
A4021,30,82.2,8,13.6,61.5,9.95,265,102.9,81,8.6,6,115,Synthetic/Demo,87.29,62.85
A4022,18,53.4,1,5.1,34.3,7.27,188,64.0,55,5.8,3,72,Synthetic/Demo,19.39,33.27
A4023,19,54.1,1,5.1,31.5,6.94,180,62.2,54,5.6,3,69,Synthetic/Demo,15.05,31.35
A4024,29,81.1,8,13.8,64.1,9.75,264,106.3,81,8.9,6,116,Synthetic/Demo,85.61,65.15
A4025,29,81.0,8,13.3,60.9,9.73,272,104.0,79,8.6,6,113,Synthetic/Demo,76.65,62.85
A4026,18,53.6,1,5.2,33.0,7.22,185,62.7,53,5.9,3,72,Synthetic/Demo,22.1,33.27
A4027,30,84.7,8,13.7,62.5,9.72,273,105.0,81,8.9,6,113,Synthetic/Demo,78.45,63.09
A4028,30,84.3,8,12.6,64.2,9.79,271,104.6,82,8.9,6,113,Synthetic/Demo,79.37,62.62
A4029,19,51.2,1,5.3,31.7,7.05,183,61.1,56,5.8,3,69,Synthetic/Demo,25.89,31.84
A4030,29,81.0,8,13.4,62.4,9.75,267,103.3,80,8.6,6,112,Synthetic/Demo,82.55,63.62
A4031,30,83.4,8,13.6,61.2,9.77,264,102.7,82,9.0,6,115,Synthetic/Demo,82.84,62.61
A4032,19,54.0,1,5.1,30.5,7.25,182,62.4,56,5.9,3,71,Synthetic/Demo,17.26,31.55
A4033,18,50.7,1,4.2,31.7,7.2,178,61.7,53,5.7,3,71,Synthetic/Demo,17.07,32.18
A4034,29,82.9,8,13.7,64.8,9.93,272,105.9,81,9.0,6,111,Synthetic/Demo,75.31,65.81
A4035,29,83.9,8,13.2,64.0,9.85,271,104.5,79,8.6,6,117,Synthetic/Demo,78.58,63.31
A4036,18,51.6,1,4.1,33.3,6.93,181,61.2,53,5.8,3,69,Synthetic/Demo,22.65,31.97
A4037,19,51.5,1,5.2,33.7,6.95,188,62.8,56,5.6,3,72,Synthetic/Demo,22.75,31.4
A4038,29,82.4,8,13.2,63.4,9.96,275,104.9,79,8.6,6,115,Synthetic/Demo,80.33,63.72
A4039,30,84.3,8,13.1,62.9,9.9,266,104.5,81,8.9,6,114,Synthetic/Demo,81.26,63.32
A4040,18,51.1,1,5.0,33.0,7.27,182,63.2,54,5.8,3,73,Synthetic/Demo,21.04,33.32
A4041,30,84.8,8,13.1,62.2,9.91,264,104.6,81,8.9,6,112,Synthetic/Demo,81.91,63.46
A4042,18,53.5,1,5.0,31.0,7.0,186,60.2,56,5.8,3,71,Synthetic/Demo,21.5,30.59
A4043,29,84.6,8,13.1,62.8,9.64,264,104.3,81,8.9,6,113,Synthetic/Demo,75.36,63.21
A4044,19,52.7,1,5.1,32.2,7.13,183,59.8,56,5.5,3,74,Synthetic/Demo,21.25,30.3
A4045,30,81.2,8,13.3,63.8,9.96,270,106.3,80,8.7,6,112,Synthetic/Demo,85.36,64.71
A4046,29,82.6,8,12.9,61.4,9.79,264,104.2,82,8.8,6,113,Synthetic/Demo,78.22,62.79
A4047,30,85.1,8,12.7,61.0,10.0,265,103.3,79,8.8,6,113,Synthetic/Demo,81.86,62.6
A4048,29,85.2,8,13.5,64.3,9.7,273,107.0,80,8.9,6,117,Synthetic/Demo,90.35,63.85
A4049,29,81.9,8,13.2,62.9,9.76,266,104.0,81,8.7,6,116,Synthetic/Demo,79.98,63.09
A4050,19,50.3,1,5.2,30.5,7.11,184,61.3,56,5.6,3,69,Synthetic/Demo,21.33,31.24
A4051,29,82.5,8,12.8,62.0,9.65,272,102.0,81,8.7,6,113,Synthetic/Demo,75.2,61.64
A4052,29,82.4,8,13.1,64.4,9.76,268,105.5,81,8.7,6,112,Synthetic/Demo,82.01,64.19
A4053,19,51.7,1,4.7,32.6,7.09,189,61.5,54,5.7,3,72,Synthetic/Demo,21.5,31.09
A4054,29,82.9,8,13.3,62.4,9.72,264,103.2,80,8.6,6,111,Synthetic/Demo,80.73,63.48
A4055,19,51.5,1,4.1,32.2,7.04,178,61.3,55,5.8,3,70,Synthetic/Demo,16.71,31.12
A4056,30,84.2,8,13.0,62.3,9.79,264,104.6,80,8.9,6,112,Synthetic/Demo,81.29,63.38
A4057,29,83.5,8,13.8,60.9,9.69,272,103.6,79,8.8,6,112,Synthetic/Demo,84.01,63.31
A4058,30,84.6,8,13.3,63.7,9.86,268,104.4,82,8.8,6,115,Synthetic/Demo,82.82,62.99
A4059,19,53.0,1,4.3,30.7,7.0,180,60.7,55,5.8,3,73,Synthetic/Demo,21.38,29.82
A4060,30,81.7,8,13.7,64.5,9.93,268,107.3,79,8.9,6,116,Synthetic/Demo,83.54,65.52
A4061,29,84.2,8,13.0,64.6,9.71,271,107.1,82,8.9,6,112,Synthetic/Demo,83.79,64.05
A4062,30,82.1,8,13.5,63.8,9.98,273,105.0,79,8.7,6,112,Synthetic/Demo,83.25,64.59
A4063,19,52.4,1,4.6,33.0,7.25,185,62.5,56,5.9,3,73,Synthetic/Demo,18.88,31.68
A4064,29,84.9,8,12.8,61.2,9.69,264,105.1,80,8.9,6,115,Synthetic/Demo,80.11,62.52
A4065,18,54.1,1,4.8,31.9,7.13,180,62.6,56,5.8,3,70,Synthetic/Demo,18.43,31.96
A4066,29,82.9,8,12.9,64.6,9.99,270,106.1,80,8.6,6,112,Synthetic/Demo,80.36,64.61
A4067,18,50.6,1,5.1,31.0,7.16,186,60.4,55,5.7,3,73,Synthetic/Demo,20.63,31.31
A4068,19,51.3,1,4.4,32.5,7.21,185,62.6,53,5.8,3,70,Synthetic/Demo,22.06,32.25
A4069,29,85.1,8,12.7,62.4,9.77,264,103.5,79,9.0,6,115,Synthetic/Demo,76.27,63.06
A4070,30,81.3,8,13.5,64.3,9.67,269,105.2,79,8.6,6,115,Synthetic/Demo,84.55,63.76
A4071,29,83.8,8,13.0,63.8,9.74,264,106.8,80,8.9,6,114,Synthetic/Demo,83.62,64.41
A4072,19,50.4,1,4.3,31.8,7.07,189,61.7,55,5.8,3,70,Synthetic/Demo,16.91,30.82
A4073,18,51.9,1,5.1,34.5,7.06,186,63.7,53,5.9,3,71,Synthetic/Demo,18.63,33.8
A4074,19,51.5,1,4.5,31.8,7.14,187,60.8,55,5.7,3,69,Synthetic/Demo,19.14,30.97
A4075,29,85.0,8,13.3,63.8,9.79,269,103.5,82,8.7,6,115,Synthetic/Demo,79.34,62.79
A4076,30,84.2,8,13.5,64.0,9.91,270,106.6,82,8.6,6,114,Synthetic/Demo,82.82,63.62
A4077,29,82.3,8,12.7,64.2,10.0,273,105.4,81,8.8,6,113,Synthetic/Demo,80.24,64.04
A4078,29,83.4,8,13.5,63.4,9.85,275,106.0,79,8.8,6,115,Synthetic/Demo,75.6,64.17
A4079,29,84.9,8,13.7,61.6,9.91,264,102.4,79,8.8,6,116,Synthetic/Demo,80.03,63.49
A4080,19,53.9,1,4.9,33.1,7.16,187,61.5,55,5.9,3,71,Synthetic/Demo,20.66,31.74
A4081,19,54.1,1,4.5,32.6,7.07,186,60.7,56,5.5,3,71,Synthetic/Demo,21.22,29.9
A4082,29,83.0,8,12.7,63.5,9.79,273,104.4,79,8.8,6,115,Synthetic/Demo,77.56,63.08
A4083,29,81.5,8,13.3,62.0,9.98,270,104.6,82,8.7,6,117,Synthetic/Demo,85.67,63.03
A4084,18,51.8,1,4.8,33.2,7.04,189,61.5,54,5.8,3,72,Synthetic/Demo,14.83,31.84
A4085,29,85.1,8,13.2,61.8,9.89,270,104.3,81,8.9,6,116,Synthetic/Demo,84.16,62.75
A4086,19,53.8,1,4.7,33.1,7.12,189,63.6,56,5.5,3,70,Synthetic/Demo,20.17,31.01
A4087,29,81.4,8,12.9,60.8,9.92,268,103.7,79,8.6,6,115,Synthetic/Demo,81.62,62.73
A4088,19,50.7,1,4.9,31.1,7.04,188,61.4,55,5.6,3,69,Synthetic/Demo,19.57,30.88
A4089,18,50.6,1,4.4,33.8,7.21,182,62.7,54,5.8,3,73,Synthetic/Demo,25.47,32.79
A4090,29,84.3,8,13.1,63.4,9.9,272,104.9,82,8.9,6,115,Synthetic/Demo,79.84,63.27
A4091,19,53.3,1,4.5,33.1,7.0,185,61.1,56,5.6,3,72,Synthetic/Demo,16.3,30.18
A4092,19,52.1,1,4.6,31.9,7.02,182,61.1,55,5.9,3,72,Synthetic/Demo,24.23,30.99
A4093,29,83.5,8,13.4,65.0,9.73,268,107.2,82,8.7,6,113,Synthetic/Demo,82.27,64.47
A4094,30,84.2,8,12.7,62.7,9.94,273,105.5,79,8.7,6,116,Synthetic/Demo,80.7,62.51
A4095,30,81.1,8,13.5,65.0,9.91,265,108.0,81,8.9,6,114,Synthetic/Demo,88.24,65.72
A4096,18,52.4,1,4.9,32.8,6.98,184,62.2,53,5.7,3,69,Synthetic/Demo,17.94,32.49
A4097,29,82.2,8,13.6,61.0,9.95,271,105.2,80,8.7,6,115,Synthetic/Demo,82.57,63.58
A4098,19,54.2,1,4.3,32.5,7.14,178,61.3,54,5.7,3,74,Synthetic/Demo,18.77,30.77
A4099,29,81.8,8,13.5,63.0,9.83,271,106.3,80,8.8,6,113,Synthetic/Demo,81.41,64.6
A4100,19,52.4,1,5.0,32.0,7.27,178,63.7,56,5.8,3,72,Synthetic/Demo,23.16,32.45
A4101,19,53.1,1,5.1,30.4,7.03,185,60.6,56,5.8,3,69,Synthetic/Demo,14.99,30.64
A4102,29,81.9,8,13.5,64.1,9.68,264,104.9,80,9.0,6,113,Synthetic/Demo,79.99,65.06
A4103,30,82.5,8,13.5,64.1,9.86,270,105.6,81,8.9,6,115,Synthetic/Demo,86.52,64.14
A4104,29,84.4,8,12.9,64.0,9.78,266,103.8,79,8.8,6,113,Synthetic/Demo,83.58,63.83
A4105,30,84.4,8,13.7,63.5,10.0,265,106.2,79,8.8,6,114,Synthetic/Demo,83.73,65.05
A4106,29,85.1,8,13.5,63.6,9.97,264,104.9,81,8.9,6,113,Synthetic/Demo,83.93,64.81
A4107,19,52.9,1,5.3,30.8,6.97,185,59.9,55,5.5,3,74,Synthetic/Demo,18.12,29.69
A4108,19,54.2,1,4.1,32.9,6.99,187,61.2,56,5.5,3,74,Synthetic/Demo,22.34,28.98
A4109,18,53.6,1,5.1,32.6,6.97,180,61.5,55,5.7,3,73,Synthetic/Demo,20.46,31.55
A4110,18,52.8,1,4.5,33.6,7.18,188,61.1,54,5.5,3,71,Synthetic/Demo,21.24,31.5
A4111,29,84.7,8,12.9,61.5,9.68,268,103.1,80,8.7,6,113,Synthetic/Demo,81.71,62.01
A4112,19,54.0,1,4.9,30.3,7.16,178,61.2,56,5.8,3,70,Synthetic/Demo,18.21,31.02
A4113,29,84.5,8,12.6,61.7,9.66,271,101.0,81,8.8,6,111,Synthetic/Demo,81.64,61.38
A4114,29,81.7,8,13.1,61.4,9.81,272,103.9,82,8.7,6,116,Synthetic/Demo,74.12,62.02
A4115,19,52.7,1,4.2,31.5,7.25,182,61.6,53,5.6,3,74,Synthetic/Demo,24.79,30.67
A4116,19,51.7,1,4.3,31.9,7.12,184,59.4,53,5.6,3,69,Synthetic/Demo,17.97,30.85
A4117,18,50.6,1,5.2,33.3,7.27,183,65.5,54,5.9,3,74,Synthetic/Demo,23.61,34.14
A4118,19,51.7,1,4.2,30.6,7.05,178,62.0,53,5.8,3,71,Synthetic/Demo,13.69,31.08
A4119,29,84.5,8,13.2,62.0,9.81,273,105.3,81,8.7,6,114,Synthetic/Demo,78.4,62.66
A4120,29,84.3,8,13.5,64.4,9.85,269,105.3,81,8.6,6,112,Synthetic/Demo,79.21,64.29
